time,layer,p025,p10,p25,p50,p75,p90,p975
t0,c0,4.836177109205135,5.246357602382755,5.642806022277704,6.118519977245689,6.634338760566418,7.135671936459693,7.740884146012499
t0,c1,5.169273754175853,5.607705848364908,6.031460058678409,6.539939298868057,7.09128562848356,7.62714863964377,8.274045459157126
t0,c2,5.1631206159843455,5.601030831590174,6.024280634836205,6.532154617269892,7.082844663175375,7.618069820873726,8.264196620125938
t0,c3,5.331384433722659,5.783565949610788,6.22060927678316,6.745034647722026,7.313671438707931,7.866339347618619,8.533523133540609
t0,c4,4.547171296337273,5.0685325307276,5.58554060803735,6.222050932397062,6.931095935393524,7.63809200604769,8.513846363458324
t0,c5,10.736526646517227,11.647145446333454,12.527278437342002,13.583384414915125,14.72852488161886,15.841506660453247,17.185104479129752
t0,c6,5.188203344330535,5.6282409522239,6.053546926655343,6.563888189263746,7.117253518171845,7.655078829582085,8.304344548915436
t0,c7,4.788932230211003,5.159980686408726,5.516312634459784,5.9411547010453125,6.3987162296158555,6.840591336848444,7.37060319189307
t0,c8,0.9575508181119332,1.0819205515948405,1.2068442283036334,1.3626305124365923,1.5385265719281063,1.7161721446978608,1.9390740191568225
t1,c0,4.897089859302661,5.312436669038096,5.713878446906154,6.1955841272809105,6.717899765438536,7.225547346650148,7.8383823415650316
t1,c1,5.224028616934417,5.667104746298989,6.095347518204017,6.609212758891253,7.16639915309729,7.707938223802567,8.361687214095772
t1,c2,5.213145625493633,5.6552987136428765,6.082649346020545,6.595444073617944,7.1514697056605785,7.691880611590451,8.344267675066732
t1,c3,5.359934517937707,5.814537509995785,6.253921246859395,6.781154966866113,7.35283686339116,7.908464362918231,8.579220983159667
t1,c4,4.553457486116837,5.0755394709362776,5.593262280698302,6.230652542151829,6.940677757056006,7.64865120709263,8.525616242028297
t1,c5,10.706674292285673,11.614761163865051,12.492446990843414,13.545616520644687,14.68757298380776,15.797460174661422,17.137322189446373
t1,c6,5.157094258912817,5.594493348879563,6.017249138013873,6.52453033360543,7.07457761806891,7.609178064831017,8.254550709552397
t1,c7,4.765242845878706,5.134455838749277,5.489025121541887,5.911765624248022,6.367063735759205,6.8067530218653065,7.334143070225007
t1,c8,0.9545509231725142,1.078531020797945,1.203063326209796,1.3583615500993071,1.5337065477685643,1.7107955776951795,1.9329991266005222
t2,c0,4.957847840014396,5.378347839537975,5.784770288069093,6.272452469851383,6.801248455394984,7.31519439804855,7.9356328100683475
t2,c1,5.276469880077457,5.723993816603171,6.156535491431083,6.675559153766239,7.238338847791415,7.785314143102552,8.445625774097673
t2,c2,5.258294388095505,5.70427676977396,6.135328498118453,6.6525643154307765,7.213405441047748,7.758496608273216,8.416533709321703
t2,c3,5.382559903700152,5.839081868467626,6.280320334434924,6.809779616388752,7.383874699753862,7.941847617210005,8.615435639073025
t2,c4,4.555467889187709,5.077780379118645,5.595731769366988,6.233403445842589,6.9437421449237435,7.65202817325991,8.52938039819453
t2,c5,10.666078160001911,11.57072186951645,12.44507980503544,13.49425606779768,14.631882613530253,15.737561482921068,17.07234318853537
t2,c6,5.122466971571904,5.556929147220135,5.976846344416729,6.480721402590489,7.027075396915382,7.55808627126457,8.199125564123687
t2,c7,4.740478764612971,5.107773026192077,5.460499678332399,5.881043277228608,6.333975289088993,6.771379591708426,7.296028892022596
t2,c8,0.9515771210406665,1.0751709718251223,1.1993153100512237,1.3541297187999566,1.5289284477315077,1.7054657755729452,1.926977072895478
t3,c0,5.017847789275334,5.443436686128922,5.854777665255828,6.348361784150072,6.883557266678217,7.403722990873523,8.031669957903876
t3,c1,5.32603908763455,5.777767237848694,6.214372377179188,6.738271949399184,7.306338614466759,7.8584524081599785,8.524967263097064
t3,c2,5.2980366098828195,5.747389729184109,6.181699349180399,6.70284443802657,7.267924404369573,7.817135374037297,8.48014592360045
t3,c3,5.3990421299291125,5.85696203516291,6.299551641172698,6.830632208875374,7.406485259677956,7.966166776020072,8.641817427999635
t3,c4,4.553264942539397,5.075324851050148,5.593025768831797,6.230389078150262,6.940384269540358,7.64832778282206,8.525255735170349
t3,c5,10.615513090819997,11.515868122615284,12.386080957298145,13.430283351548006,14.562516709257274,15.662953846149504,16.991407703019906
t3,c6,5.084870945219644,5.516144412869291,5.932979654028066,6.433156552687967,6.975500616000655,7.502614169208263,8.138948594221297
t3,c7,4.71502046211932,5.08034220385818,5.431174570156576,5.849459678574484,6.299959260982157,6.73501452427433,7.256846244075286
t3,c8,0.948680434284354,1.071898054217087,1.1956644858579426,1.3500076255549158,1.5242742513579655,1.7002741836186916,1.9211111805328394
t4,c0,5.076472495036089,5.507033647904779,5.923180421244933,6.422531200459205,6.963979498737313,7.490222442451503,8.125505862822314
t4,c1,5.372198453892009,5.827841612011926,6.268230692129306,6.796670762801965,7.369660710785803,7.926559528095924,8.598850890264533
t4,c2,5.331906665309136,5.78413247428349,6.2212186116926675,6.745695352307996,7.314387843665385,7.867109888728224,8.534359028115398
t4,c3,5.409246882162325,5.868032303734597,6.311458450219832,6.843542815536762,7.420484288612179,7.981223661341838,8.65815136345988
t4,c4,4.546966108290406,5.068303816605636,5.585288564273576,6.2217701665329415,6.930783174350462,7.637747342282381,8.513462181866561
t4,c5,10.555874582816925,11.451171372932329,12.316495306375877,13.354831316936746,14.480703728398066,15.574958551874643,16.89594908546553
t4,c6,5.044879056287343,5.4727606107884545,5.8863174936866,6.3825605621287425,6.9206391556238565,7.443607025115654,8.07493675759606
t4,c7,4.689247155553137,5.052571970805513,5.4014866126311105,5.817485285514341,6.26552234120795,6.698199499725362,7.217178776149149
t4,c8,0.9459099609015248,1.0687677429752882,1.1921727340380976,1.346065138645678,1.5198228459226835,1.6953087978059436,1.915500874681916
t5,c0,5.133099142453428,5.568463085964426,5.9892518615277455,6.494172760651027,7.041660765026489,7.573773803311015,8.216143634627729
t5,c1,5.414440215058377,5.873666109301611,6.31751798225925,6.850113193410744,7.427608578924708,7.988886308711083,8.666463918474353
t5,c2,5.35951376246486,5.814081068136053,6.253430313326053,6.780622645425435,7.352259664856202,7.907843547560994,8.578547513331005
t5,c3,5.413126963149018,5.872241473895808,6.315985692267474,6.848451724473373,7.425807040674992,7.986948634679815,8.664361900567375
t5,c4,4.536741445132464,5.056906832754708,5.572729048136986,6.207779408149469,6.915198073936088,7.620572507018509,8.494318145811675
t5,c5,10.488160597541809,11.377714224152655,12.23748726442978,13.269162541313099,14.387812689257244,15.475048070202291,16.78756469357017
t5,c6,5.003078021371731,5.427414219958483,5.8375444388060655,6.329675719116295,6.863295882226245,7.381930526297081,8.008029164851104
t5,c7,4.663532172741799,5.024864580456413,5.371865837527586,5.7855832489699335,6.231163350529154,6.661467785808688,7.177601073797663
t5,c8,0.9433123892963398,1.065832790541714,1.1888988980807496,1.3423686974119446,1.5156492471314014,1.6906532955095053,1.9102407010000169
t6,c0,5.187108550601652,5.627053303535098,6.052269531616453,6.562503104071481,7.1157516640613885,7.65346348574521,8.302592199647055
t6,c1,5.452295912217199,5.914732538445544,6.361687654105787,6.898006567472241,7.479539580064225,8.04474154927644,8.727056522788866
t6,c2,5.380550708731121,5.836902263572599,6.2779760246184795,6.807237670699296,7.381118456597423,7.9388830946477285,8.612219680448927
t6,c3,5.4107233072648935,5.869633951872434,6.313181129160674,6.845410724068849,7.422509670243961,7.983402093796396,8.660514559722374
t6,c4,4.522810167557672,5.041378248283017,5.5556164936399695,6.188716761731566,6.8939631093656395,7.59717150165859,8.468234070858527
t6,c5,10.413452111482066,11.296669335813887,12.150318104671184,13.174644628899125,14.285326491250562,15.364817357936355,16.667984760442472
t6,c6,4.960059264021272,5.380746825532198,5.787350556827253,6.27525026688377,6.804282119314558,7.318457305065632,7.9391724606329115
t6,c7,4.638238736467879,4.997611398245358,5.342730636739709,5.7542041835330915,6.197367607885797,6.625338216055541,7.1386721699893325
t6,c8,0.9409315655705274,1.0631427378886755,1.185898239193767,1.3389806964910935,1.511823903874464,1.6863862599826267,1.9054194493822512
t7,c0,5.237895116789883,5.682147333717199,6.111526819980083,6.626756048655943,7.185421421179533,7.728397936431211,8.383882217808015
t7,c1,5.48534533042549,5.950585043958911,6.4002494048207375,6.939819247400544,7.524877257176195,8.093505231974568,8.779956098562582
t7,c2,5.394800942065094,5.852361130834742,6.2946030630126595,6.825266443294984,7.40066713589925,7.959908997503044,8.635028895827324
t7,c3,5.402164004496824,5.860348691607071,6.303194215092902,6.834581868178099,7.41076789304363,7.97077303262295,8.646814364381687
t7,c4,4.505436313798197,5.022012375034534,5.5342752334658,6.164943519876668,6.867480744984201,7.5679878433210686,8.435704326098634
t7,c5,10.332893045590822,11.209277650555931,12.05632254332275,13.072724818504744,14.174814381935947,15.245954245042203,16.539040269392267
t7,c6,4.916410424306025,5.333395908288204,5.7364215006639,6.220027661972754,6.744404000164325,7.254054411296031,7.869307233674935
t7,c7,4.613716200325948,4.971188845828376,5.314483426412664,5.723781497665438,6.164601900947446,6.590309813015756,7.100929751748207
t7,c8,0.9388081127596127,1.060743484300234,1.183221956410175,1.3359589439771362,1.5084120864418715,1.682580497932465,1.90111938290153
t8,c0,5.284877236702815,5.733114243409592,6.16634511616685,6.686195774036033,7.249872183042383,7.79771901111642,8.459082761329848
t8,c1,5.5084993676116705,5.977476763617952,6.430880971502868,6.975091149850515,7.565354850185206,8.139202956813456,8.83215070056676
t8,c2,5.402143553582517,5.860326506147912,6.303170353158196,6.834555994574856,7.410739838179137,7.970742857753009,8.64678163022933
t8,c3,5.38766137796992,5.844616024416467,6.2862726866920715,6.81623377874223,7.390872977054237,7.9493747292159025,8.623601163288622
t8,c4,4.484923669796747,4.999147829883941,5.509078424596822,6.136875363342087,6.836214031197293,7.5335318151752695,8.397297701813919
t8,c5,10.247670181215655,11.116826606618673,11.956885305712776,12.964904574038293,14.057904405389703,15.1202098010455,16.402630806954708
t8,c6,4.872707667602155,5.285986501084729,5.685429534664692,6.164736843643463,6.684451916897519,7.189571964206952,7.7993557060805205
t8,c7,4.590296752893778,4.945954849892076,5.287506850518115,5.694727304889487,6.13331008240228,6.556857080440499,7.0648850875729705
t8,c8,0.9369791003512111,1.05867691396648,1.1809167700672427,1.3333561911329297,1.5054733555280797,1.6793024472136582,1.8974155685715082
t9,c0,5.327507925192028,5.779360654903597,6.216086203043694,6.740130258500738,7.308353587392792,7.860619645360238,8.527318314579466
t9,c1,5.1422539717072375,5.722559939905917,6.2971390321902625,7.003443124793526,7.788968188805866,8.571026973467418,9.538271713548525
t9,c2,5.402556103628611,5.860774046637395,6.303651712676679,6.835077934868116,7.411305780389206,7.971351566185269,8.647441966283848
t9,c3,5.367507234368827,5.822752506577171,6.2627570212567365,6.790735636829096,7.3632252269699325,7.919637737858831,8.591342028200042
t9,c4,4.461610115303561,4.973161232578757,5.480441103314408,6.104974624614988,6.800677986422059,7.494370969321409,8.353646823453348
t9,c5,10.158993619505738,11.020628939913193,11.853418326495003,12.852714862602195,13.936256596134314,14.989369503321335,16.260693285817062
t9,c6,4.829508900647875,5.239123829535176,5.635025619171067,6.11008365112513,6.625191214168507,7.125833142802213,7.7302108748031095
t9,c7,4.5682925890018495,4.922245794251937,5.262160522474041,5.667428914462412,6.103909290358036,6.525425962676051,7.031018673762883
t9,c8,0.9354777614280313,1.0569805763881777,1.179024565309129,1.3312197298741242,1.5030611077568998,1.6766116698773783,1.8943753045512373
t10,c0,5.365285328916379,5.820342150153284,6.26016452284634,6.787924579129724,7.360177184449439,7.91635936570155,8.587785600818988
t10,c1,4.1996427852063185,5.018128990902339,5.884889661791263,7.024584873691048,8.384998782231943,9.833304950340887,11.74975948466648
t10,c2,5.396115121837084,5.853786772799871,6.296136435625838,6.826929086123615,7.402469947004548,7.961848040575019,8.637132398890236
t10,c3,5.342066474743898,5.795153988232052,6.233072981904741,6.758549099304415,7.328325219408865,7.8821004619488395,8.550621027211825
t10,c4,4.435861568738925,4.944460456343005,5.448812747340538,6.069742002459449,6.761430367450636,7.451119955698696,8.305436814362587
t10,c5,10.068078268737352,10.9220026011943,11.747339149233925,12.737692733066062,13.811537583179817,14.855225922054109,16.115172313052724
t10,c6,4.787347955156153,5.193387002303781,5.585832624011154,6.05674346497693,6.567354210158571,7.063625603920467,7.662727201817565
t10,c7,4.547993531357502,4.900373957198917,5.238778285522608,5.6422458807603055,6.076786770482855,6.496430447351752,6.999776573880576
t10,c8,0.9343332540943367,1.0556874168165356,1.177582091401954,1.3295910532701245,1.5012221923579991,1.6745604245874814,1.892057637025374
t11,c0,5.397762801117986,5.855574200043838,6.298058932333281,6.829013657959726,7.4047302576324325,7.964279154766978,8.639769708098571
t11,c1,3.283817249956016,4.275440821724327,5.414143992488702,7.03832112737468,9.149731584674354,11.586633135076266,15.085481475168057
t11,c2,5.382994276478087,5.839553082584548,6.280827156511929,6.810329165848865,7.384470578707862,7.942488524598525,8.61613090503915
t11,c3,5.311769310284253,5.762287168943951,6.1977225350103495,6.720218450567958,7.286763124396403,7.837397668542558,8.502126765165798
t11,c4,4.40806570968602,4.91347763061514,5.4146695648304926,6.031707972187439,6.71906210086311,7.404429977468881,8.253393542162264
t11,c5,9.976126755932281,10.822252218327373,11.640050987841654,12.621359696592908,13.68539714793102,14.719553506709914,15.967992838107557
t11,c6,4.746729754473073,5.149323767823972,5.538439689002154,6.005355092155313,6.511633566126881,7.003694350746949,7.597712877774565
t11,c7,4.529665073102656,4.880625402393729,5.217665957976282,5.619507574873088,6.052297260575141,6.470249769336527,6.971567406069969
t11,c8,0.933570463469696,1.0548255525292805,1.1766207121776462,1.3285055737738138,1.4999965930241266,1.673193311743459,1.890512959234577
t12,c0,5.424558202969894,5.884642254633296,6.329323555510853,6.862914029643212,7.441488583288602,8.003815175202805,8.682658977183998
t12,c1,2.5988649888227764,3.6701552152030583,4.998269285843821,7.044555861725161,9.92859016810423,13.521435574004922,19.095169430654263
t12,c2,5.363460293870169,5.818362324709945,6.258035089097933,6.785615624528341,7.357673574578864,7.913666567016098,8.58486441233972
t12,c3,5.277102370751466,5.724679951990916,6.157273475608202,6.6763593533323355,7.239206507783911,7.786247369047487,8.446638151626534
t12,c4,4.378625652215612,4.880662088980399,5.378506722969582,5.991424128651322,6.67418763949517,7.354978163809819,8.198271773066752
t12,c5,9.884314061929377,10.722652428183098,11.532924798923755,12.505202287603012,13.559447146353099,14.58408591542582,15.821035559380725
t12,c6,4.7081264388274455,5.107446310910923,5.493397702927986,5.956515863849113,6.458676970971032,6.946736015705314,7.535923619995733
t12,c7,4.513546802292115,4.863258281273072,5.199099518393588,5.5995112300105205,6.030760885435374,6.447226160237197,6.946759918184777
t12,c8,0.9332098404539217,1.0544180906538745,1.1761662028221649,1.3279923937780516,1.4994171688497402,1.672546984506614,1.8897826849688448
t13,c0,5.445362106621957,5.907210641939975,6.353597354870123,6.889234219583642,7.470027683750256,8.034510873087045,8.715958131519947
t13,c1,2.1184619453335025,3.2108385676492457,4.658244484787502,7.043294398877404,10.64950458295252,15.450168217450237,23.416987073349663
t13,c2,5.337866798913925,5.7905981167822285,6.228172839596081,6.753235852935763,7.32256404244792,7.8759039335162635,8.543898940051545
t13,c3,5.238599020537017,5.68291093907981,6.112348128260104,6.6276465969219895,7.18638704667419,7.729436530779802,8.385008900564552
t13,c4,4.3479537295626836,4.846473441222275,5.340830713349599,5.949454681603047,6.627435488635655,7.303457129751975,8.140843534691557
t13,c5,9.793774078829168,10.624433293951379,11.427283597131883,12.390655056840165,13.435243068276755,14.450496180817884,15.67611540779516
t13,c6,4.671974390961668,5.068228026121203,5.451215833073303,5.910777872437657,6.409083060943778,6.893394471842008,7.47805791163749
t13,c7,4.4998511628411055,4.848501497994868,5.1833236783297,5.58252040433233,6.012461501310182,6.427663078515106,6.925681080773837
t13,c8,0.933267273657805,1.0544829834642089,1.1762385884640634,1.3280741233683333,1.4995094485581524,1.6726499192676951,1.8898989892227607
t14,c0,5.4599446027195,5.923029952841027,6.370612074335719,6.907683356510638,7.490032165989255,8.056027022272053,8.739299173483838
t14,c1,1.7829601715901986,2.867298815073955,4.386355269543909,7.03464331973613,11.281851011820509,17.258824359620082,27.755082488338523
t14,c2,5.306646327476894,5.756729680210317,6.191745086793582,6.7137370765524675,7.279735341368381,7.829838821167043,8.493926813944345
t14,c3,5.196829208032,5.637598418790036,6.063611503394961,6.574801255139262,7.12908660463782,7.6678060999347615,8.31815128304956
t14,c4,4.316465532192367,4.811374927815935,5.302152028597285,5.906368297774644,6.579439118456666,7.25056496164456,8.081886953291365
t14,c5,9.705588191017712,10.528767917664418,11.324389131609678,12.279086124581973,13.314268372679088,14.320379861535399,15.534963269350438
t14,c6,4.6386720771622585,5.032101175670273,5.4123590061582165,5.868645240056938,6.363398457947037,6.8442576473147785,7.424753546000277
t14,c7,4.488762503131897,4.836553684330537,5.170550786438005,5.568763800648515,5.997645424691182,6.411823850499818,6.908614622799988
t14,c8,0.9337539913230213,1.0550329175615554,1.1768520205597488,1.3287667407511616,1.500291472913203,1.6735222398626726,1.890884609579857
t15,c0,5.468160459015144,5.931942637212055,6.380198258285638,6.918077698930273,7.5013027982764156,8.068149335801726,8.75244964136555
t15,c1,1.5456727581582133,2.609629290223015,4.169820121026073,7.018808195701539,11.814339002212094,18.877650045013517,31.871991162442757
t15,c2,5.270300825886659,5.7173015339132345,6.149337496950416,6.667754335941172,7.229876048681734,7.776211840628974,8.435751459592
t15,c3,5.152389168620093,5.58938919622557,6.011759282857698,6.518577658940977,7.068123106127739,7.602235808581467,8.247019645650049
t15,c4,4.284574318455429,4.775827189730885,5.262978296675037,5.862730452785822,6.530828444369042,7.196995828477427,8.022175788612083
t15,c5,9.620775890467176,10.43676225953375,11.225430936013641,12.171785307528165,13.197921613615147,14.195241195345293,15.399210963780634
t15,c6,4.608578599224243,4.999455318581679,5.37724621878393,5.830572286608215,6.322115783095363,6.799855388848265,7.376585308773117
t15,c7,4.480436363003158,4.827582431409981,5.1609600071618456,5.558434381857547,5.986520479628123,6.399930651912724,6.895799934251697
t15,c8,0.934676490682404,1.056075234059929,1.1780146878630675,1.3300794917310799,1.5017736812202205,1.6751755909685657,1.8927527031646916
t16,c0,5.469952434790944,5.933886599462063,6.382289118787874,6.920344828387153,7.5037610569544855,8.070793356267778,8.755317914499411
t16,c1,1.3754981314917663,2.415284296787657,3.9972459067259303,6.996089229003683,12.244746918828298,20.26480467135022,35.58366484082303
t16,c2,5.2293909988679115,5.672921938802159,6.101604295072358,6.61599701022135,7.173755347361274,7.715850299272793,8.370270352462407
t16,c3,5.105891281590473,5.538947589641672,5.957505985050528,6.4597505638478445,7.004336622043465,7.533629208763111,8.172594175200349
t16,c4,4.252685891398587,4.7402825578359895,5.223807987785222,5.819096420907252,6.482222017921504,7.143431376224554,7.962469841542749
t16,c5,9.540287357323189,10.349447089259932,11.131517671612155,12.069954732083913,13.087506262158746,14.076482151953527,15.270379368890493
t16,c6,4.582012840571888,4.970636384385996,5.346249541134437,5.796962449467276,6.2856724853518395,6.760658201854108,7.334063611296944
t16,c7,4.47499895200055,4.821723727546825,5.154696719737726,5.551688723663457,5.979255300595103,6.392163762591409,6.8874312631231644
t16,c8,0.9360364929949289,1.0576118777808736,1.1797287597538801,1.332014825723781,1.5039588390793395,1.6776130575148132,1.8955067555871101
t17,c0,5.465352625123508,5.928896656812459,6.37692210407633,6.914525350169914,7.497450970520757,8.064006439243068,8.747955364922483
t17,c1,1.2524737187863946,2.2684674551303425,3.8598076913696233,6.9668749673102015,12.575068679888144,21.39653654733374,38.75318586098923
t17,c2,5.184524893030824,5.624250512977062,6.04925494423246,6.55923437339754,7.112207364673852,7.649651356370027,8.29845674441514
t17,c3,5.0579543489113465,5.486944884712326,5.901573622297221,6.399102851073461,6.9385760340099,7.462899329043175,8.095865338806409
t17,c4,4.221194008412764,4.705179936235593,5.1851247757886645,5.776004993924348,6.434220029886273,7.090533017219879,7.903506359420738
t17,c5,9.464997870405002,10.267771922459094,11.043670605509572,11.974701762768813,12.984223038644505,13.965394185822184,15.149869473887454
t17,c6,4.559253084179437,4.945946258635506,5.31969367117003,5.768167800094448,6.254450317386137,6.7270766866814835,7.297633879000728
t17,c7,4.472546776213976,4.819081556162862,5.151872088353707,5.548646551629723,5.975978833890387,6.38866103345771,6.8836571410828515
t17,c8,0.9378309233811428,1.0596393744698527,1.181990360823748,1.334568367061169,1.5068420059864587,1.6808291285432857,1.8991405401082846
t18,c0,5.45448178564952,5.917103806792536,6.364238110693566,6.900772039034052,7.482538193330506,8.047966756988119,8.730555276580418
t18,c1,1.1638368463673097,2.158376972442048,3.751037615357773,6.9316343250980985,12.809136922583328,22.26096508179284,41.28375430529569
t18,c2,5.136346108139023,5.57198544313304,5.9930403905892495,6.498280679770641,7.046115000224196,7.578564629080661,8.221340794415454
t18,c3,5.009194521980614,5.434049491733023,5.844681114261018,6.337414048445684,6.87168658756069,7.390955287127503,8.017819361017049
t18,c4,4.190476363718674,4.6709403241222915,5.147392603270707,5.733972983834063,6.38739818650079,7.038935181754228,7.845992513882647
t18,c5,9.395703860543817,10.192600739265067,10.962819005718444,11.887034009073002,12.88916449857944,13.863152412957815,15.038956062274156
t18,c6,4.540536980421633,4.925642748027956,5.297855897115583,5.744489003360481,6.228775291471384,6.699461491181255,7.26767649994235
t18,c7,4.473146377401422,4.8197276146990955,5.152562761649328,5.549390417536005,5.97677998906757,6.38951751387782,6.884579981961278
t18,c8,0.9400519155350905,1.0621488361201752,1.1847895768145866,1.3377289216966073,1.5104105429040398,1.6848097056532434,1.9036381271825278
t19,c0,5.437546667933615,5.898732336606514,6.344478374423073,6.879346468025798,7.4593063502155115,8.022979366845606,8.703448580262705
t19,c1,1.101425628639305,2.0777339742995427,3.6663624376131256,6.890907198184426,12.951420603387847,22.85403357761342,43.11194580849924
t19,c2,5.0855220139528745,5.516850702014856,5.93373931491017,6.43398025640288,6.976393761647543,7.5035748066670465,8.1399907081723
t19,c3,4.960217054358572,5.3809179988612525,5.787534665110607,6.275449896324377,6.80449857841586,7.318690121204556,7.939425023078998
t19,c4,4.160891158465155,4.63796299261589,5.1110514684043435,5.6934905295924345,6.342302481387234,6.989239556712301,7.790598978925492
t19,c5,9.333120383056992,10.124709242431422,10.889797192066178,11.807856127741939,12.803311565345957,13.770811881603247,14.938783666238868
t19,c6,4.5260617487323955,4.909939799168921,5.280966332754008,5.726175572676299,6.208917956122498,6.678103608248878,7.244507147587615
t19,c7,4.476834156018803,4.823701123933867,5.156810668865851,5.553965479828776,5.9817074024774755,6.394785198875142,6.890255809377836
t19,c8,0.9426868423474817,1.0651259955735977,1.1881104932144146,1.341478520782827,1.5146441614642985,1.6895321578857625,1.9089739464702828
t20,c0,5.414835473093195,5.874094891157412,6.317979165621411,6.850613256606858,7.428150799699838,7.989469503164682,8.66709657658141
t20,c1,1.06009283294129,2.021762110865502,3.602692377536658,6.84529399627805,13.006397711791179,23.176836504973743,44.20183632924855
t20,c2,5.0327323187969535,5.459583647427135,5.872144794483478,6.367193040568822,6.9039760828026555,7.425684783669051,8.055494440753247
t20,c3,4.911609007309155,5.328187258978031,5.730819252414176,6.213953118970904,6.73781734583619,7.246970027133468,7.861621987276757
t20,c4,4.132774250476355,4.6066223077115165,5.0765139238279176,5.655017197015596,6.299444851010744,6.942010297872411,7.737954594267062
t20,c5,9.277879763667338,10.06478338840436,10.82534295626638,11.737968109652673,12.72753167265408,13.689305574321587,14.850364399286182
t20,c6,4.515984507104197,4.899007856017683,5.269208301883031,5.713426286861206,6.195093848108278,6.663234861993413,7.228377308213705
t20,c7,4.483616258850851,4.8310087069073395,5.164622890409645,5.5623793642160715,5.990769287126536,6.40447286862036,6.900694083794475
t20,c8,0.9457183743909492,1.068551272601832,1.1919312689689487,1.3457925038986298,1.5195150179392822,1.6949654265440424,1.9151129052728249
t21,c0,5.386711602440864,5.843585693650059,6.285164497526509,6.81503216424028,7.389570061039386,7.947973356512715,8.622080933121467
t21,c1,1.0367717896357562,1.9875338223799661,3.5581210759497126,6.795444440044705,12.978216354093268,23.233851226963637,44.54024077367886
t21,c2,4.978658290425332,5.40092332886706,5.809051726125121,6.2987809424651005,6.829796536796579,7.345899755530135,7.968942443280658
t21,c3,4.863932983757366,5.2764675921907624,5.6751913159797915,6.153635497024837,6.672414676774036,7.176625113037383,7.785310767376537
t21,c4,4.106436856189792,4.577265168730726,5.044162253809244,5.618978834262555,6.259299671823083,6.897770169746522,7.688642062594849
t21,c5,9.230531163767767,10.013418915715285,10.770097054673741,11.67806472980566,12.662578168165098,13.619443766553848,14.774577260390698
t21,c6,4.510422637173277,4.892974255937155,5.262718764293188,5.706389652032758,6.18746399328065,6.655028446412651,7.219474865272049
t21,c7,4.493468521780665,4.84162432725681,5.17597159192914,5.57460209266734,6.003933356208522,6.41854600668251,6.91585761443284
t21,c8,0.9491245690412496,1.0723998746030907,1.196224248805047,1.350639645871679,1.5249878564346635,1.7010701849210346,1.9220105690058178
t22,c0,5.353605944531745,5.807672178464107,6.2465371268569205,6.773148332299703,7.344155233480141,7.89912669338483,8.569091338930582
t22,c1,1.0299561546033649,1.973584209365433,3.5317330806086367,6.742045973729565,12.870503765264608,23.03179347310357,44.133125190545414
t22,c2,4.923972874140476,5.341599767511244,5.745245296092687,6.229595343086197,6.754778279875057,7.26521263810122,7.881411845790376
t22,c3,4.817721917655482,5.226337133259394,5.621272678136844,6.09517127523775,6.60902165784938,7.10844171112899,7.711344388379057
t22,c4,4.082163761571119,4.550209014106581,5.014346276613808,5.5857651237683115,6.222301033221888,6.856997540371801,7.643194599791868
t22,c5,9.191540814619005,9.971121599041997,10.724603481543724,11.628735843621488,12.60909063476743,13.561914372172486,14.712168508858698
t22,c6,4.509454109112898,4.891923582142969,5.26158869485023,5.705164312647509,6.186135352268013,6.6535994047659,7.217924619419124
t22,c7,4.506336468458632,4.8554892877824924,5.190794022781559,5.590566081762094,6.021126821326009,6.436926798127631,6.9356625572256
t22,c8,0.9528789936891037,1.0766419358170707,1.200956118520116,1.3559823321135402,1.531020206858022,1.7077990591260805,1.9296134107076193
t23,c0,5.316007984945744,5.7668853469122485,6.202668180789287,6.725581036554317,7.292577800526983,7.843651738885063,8.508911274654663
t23,c1,1.039459891767893,1.979724909420387,3.5235049214266168,6.685812132717446,12.686255552580121,22.57893693274731,43.003182929902934
t23,c2,4.869331891582562,5.282324408530132,5.681490710915463,6.160465959317232,6.679820977792509,7.184591081649751,7.7939523698336295
t23,c3,4.773474901874919,5.178337305630818,5.56964567575946,6.039191884104291,6.548322951990646,7.043156221857621,7.6405217085578006
t23,c4,4.060211987014299,4.525740333206422,4.987381704528222,5.555727755380838,6.188840702504195,6.820124138682258,7.602093435177159
t23,c5,9.161292684133635,9.938307972546031,10.689310247029916,11.5904672305269,12.567595805280767,13.517283927306437,14.663752731596311
t23,c6,4.513117709082921,4.895897910444186,5.26586334888114,5.709799339260275,6.1911611324939,6.65900496517078,7.223788652576905
t23,c7,4.52213537584945,4.872512301073159,5.208992591535745,5.610166224007624,6.042236480070828,6.459494223147246,6.959978515699303
t23,c8,0.9569508869895524,1.0812426995178877,1.2060881082119055,1.3617767880835305,1.5375626440031849,1.7150969170843569,1.9378591375748864
t24,c0,5.274456056242947,5.721809190245313,6.154185780697879,6.673011351838421,7.235576254689353,7.7823427907520495,8.442402406416669
t24,c1,1.0663973891879175,2.007024428363087,3.5342903972964788,6.6274711793486825,12.427777374121883,21.884822931089563,41.188561298472344
t24,c2,4.815366440166446,5.223781875882999,5.618524329128869,6.092191228033691,6.605790379248063,7.104966256397714,7.707574162860132
t24,c3,4.731654000164038,5.132969363002794,5.520849440488823,5.986281906490483,6.490952425031607,6.981450410023774,7.573582316613382
t24,c4,4.040809843458136,4.5041136142263225,4.963548984436235,5.5291791348128445,6.159266686137499,6.787533469024423,7.565766044235895
t24,c5,9.140089362551226,9.915306290666372,10.66457041058146,11.563641714472288,12.538508777438224,13.485998897135119,14.629814260739309
t24,c6,4.521413131927365,4.904896909803018,5.275542370332789,5.7202943458010465,6.202540915340858,6.671244677376418,7.23706647630648
t24,c7,4.5407504274628945,4.8925696546092805,5.230435042476805,5.633260077937259,6.06710892076286,6.486084275935757,6.9886287768104856
t24,c8,0.961305362356779,1.0861627479394484,1.2115762487521533,1.3679733688694318,1.544559114511658,1.7229012332508264,1.9466771030467307
t25,c0,5.229527059824022,5.6730695397719675,6.1017630497178565,6.6161691485982725,7.173941997778441,7.716051054192279,8.37048813441585
t25,c1,1.1133801681337712,2.0579521529557807,3.565888804229802,6.56775528241077,12.096678224645709,20.96035585068407,38.742749946711754
t25,c2,4.762676551437478,5.1666230928070505,5.557046261903612,6.0255302829302915,6.533509616324974,7.027223495566468,7.62323764765251
t25,c3,4.692681958410426,5.090691906466872,5.475377228255494,5.936976182022769,6.437490005987385,6.923948027797434,7.511202868273068
t25,c4,4.024156313011207,4.485550653800857,4.943092537006283,5.506391536129575,6.133882285667775,6.759559770764667,7.534584988939267
t25,c5,9.128152982803275,9.902357526545138,10.650643154816212,11.548540328337188,12.522134276456455,13.468387033866449,14.61070864680804
t25,c6,4.534300922615965,4.918877778809729,5.290579723446484,5.736599415489389,6.220220575819111,6.690260326361764,7.257694938078201
t25,c7,4.562036984120021,4.915505502508319,5.254954767498406,5.659668204023225,6.0955508842334085,6.516490351457452,7.021390727679545
t25,c8,0.9659036579055396,1.0913582846800682,1.2173716867989801,1.374516914863468,1.5519473384612716,1.731142536568212,1.9559888129448928
t26,c0,5.1818259891064296,5.621322701442844,6.046105888485693,6.555819838072387,7.108504968646508,7.645669183559226,8.294136823508977
t26,c1,1.184982162477395,2.1367133773588054,3.621202707931558,6.50739046904357,11.693940972663011,19.818348668244504,35.73566932692702
t26,c2,4.711826109683702,5.111459769451573,5.497714444130121,5.9611965257711415,6.463752233768228,6.952194797901871,7.541845388952902
t26,c3,4.6569407078492855,5.0519192607663665,5.43367467283703,5.891757913412664,6.3884596337337385,6.871212606235295,7.453994690495462
t26,c4,4.010420686980453,4.470240153529433,4.926220312062088,5.4875966064508646,6.112945545978965,6.736487410269238,7.50886724001128
t26,c5,9.125626026092725,9.89961624593239,10.647694725463369,11.545343333114307,12.5186677601415,13.464658565351558,14.606663948134553
t26,c6,4.5517022710881925,4.937755023126364,5.310883453383905,5.75861484128008,6.24409200113058,6.715935629632499,7.285547892894829
t26,c7,4.585821009978866,4.941132324559062,5.282351296836572,5.6891746932046,6.1273298330580594,6.550463853988772,7.0579965112831164
t26,c8,0.9707034367366679,1.0967814739900068,1.2234210632601719,1.3813471790797722,1.5596592918442054,1.7397449486542198,1.9657085335624278
t27,c0,5.131975565772362,5.567244213096568,5.987940882810621,6.492751260525239,7.040119426039652,7.572115990867323,8.214345214776491
t27,c1,1.2885954465925513,2.2498343659869846,3.7044956158836992,6.447087525603173,11.220134094523104,18.474665598128972,32.25600220200896
t27,c2,4.663338982296206,5.058860205034689,5.441140119359356,5.89985273069073,6.397236880556059,6.8806531181069035,7.464235899638472
t27,c3,4.624770537926787,5.01702057700609,5.396138820762704,5.8510576199996,6.344328122328873,6.823746234858991,7.402502457538651
t27,c4,3.9997423969533825,4.458337531691027,4.913103581091639,5.472985134815112,6.09666899781743,6.718550597165294,7.488873860657359
t27,c5,9.132571901734156,9.907151236205443,10.655799107915545,11.554130951497982,12.528196214322037,13.474907050626085,14.617781658966644
t27,c6,4.57349868620114,4.9614001017805025,5.3363153057925565,5.786190713356201,6.273992643385799,6.7480957561383805,7.3204356814058364
t27,c7,4.611899697848211,4.96923159998497,5.3123910193609944,5.721527942652282,6.162174787067633,6.587715090327015,7.098133988868953
t27,c8,0.9756591408443875,1.1023808406453839,1.229666959338434,1.3883993307776854,1.5676217752008315,1.7486268180925468,1.9757440083384354
t28,c0,5.080606270034409,5.511518029142119,5.928003671082259,6.427761071974976,6.969650271969875,7.496321735670318,8.132122467761526
t28,c1,1.4358942012164193,2.407082500094891,3.8217477442742016,6.387533969571075,10.675898291181689,16.95022510064196,28.414760765702766
t28,c2,4.617696272158765,5.009346307194361,5.3878846339168565,5.842107568037358,6.3346235406877245,6.813308312803603,7.3911792428399705
t28,c3,4.596469808842875,4.986319520814464,5.363117795911156,5.81525277407265,6.305504766675435,6.7819891375184,7.357203730850317
t28,c4,3.992230980045745,4.449964884507298,4.903876894559003,5.462707004626475,6.085219604820182,6.705933325965827,7.474809941496228
t28,c5,9.148975231361396,9.924945814681585,10.674938358839547,11.574883727451242,12.550698542729574,13.499109799252228,14.64403716437641
t28,c6,4.599531594920977,4.989640992362134,5.366690259146125,5.819126412043695,6.309704969768877,6.786506734889134,7.362104488365038
t28,c7,4.640042342167655,4.999554748063097,5.344808188150125,5.756441738789034,6.199777489777669,6.6279145167697475,7.141448083551823
t28,c8,0.9807224009803797,1.1081017330466896,1.2360484131014526,1.3956045387136051,1.5757570721610157,1.7577014550124779,1.9859972878471863
t29,c0,5.028347004730698,5.454826392828963,5.86702805122452,6.361644932814494,6.897960244583736,7.419214350140969,8.048475217229328
t29,c1,1.6452259562306806,2.6227791686123743,3.9810403562842525,6.32938716086646,10.062983101616357,15.274309904381395,24.349933017057346
t29,c2,4.575334570576617,4.963391696739266,5.33845739843644,5.788513394054947,6.2765111365255475,6.750804562768258,7.323374235543771
t29,c3,4.572295072677591,4.960094403743186,5.334910940839451,5.784667954114257,6.272341508683384,6.746319851110835,7.318509152945032
t29,c4,3.9879661271283715,4.445211039898916,4.898638141143998,5.456871259645314,6.0787188370253835,6.6987694570785035,7.466824690856885
t29,c5,9.17474181010981,9.952897786508016,10.705002560884237,11.60748247709533,12.58604551374774,13.53712781404405,14.685279678127808
t29,c6,4.629601932208368,5.022261746125192,5.401776046226637,5.857170088952305,6.350955899936285,6.8308748498394944,7.410235686192793
t29,c7,4.669991510058728,5.031824389908735,5.379306269410674,5.793596710096824,6.2397939730845655,6.670694411863912,7.187542582667914
t29,c8,0.9858425035509192,1.1138868507580013,1.2425015079332884,1.4028906355530177,1.583983699622214,1.7668779678861044,1.9963656752812105
t30,c0,4.975816584810163,5.397840603912778,5.80573605070697,6.295185740680044,6.825898243313293,7.341706881995532,7.96439395106307
t30,c1,1.945152761559242,2.9172747923473743,4.192644580419955,6.2732685705001465,9.386414183880829,13.489952561499694,20.231777850742535
t30,c2,4.536645067066101,4.92142074193522,5.293314849171127,5.739565124627793,6.22343630759128,6.693719059445796,7.261447023702915
t30,c3,4.552461476597204,4.93857862067129,5.311769287240205,5.7595753549190185,6.245133490394089,6.717055820502752,7.286763092784239
t30,c4,3.986997772323477,4.444131657243188,4.897448657675433,5.455546226449063,6.0772428072884725,6.697142867136698,7.465011602346052
t30,c5,9.209698260328313,9.990819069003459,10.745789418634953,11.651707850601277,12.633999285369338,13.588705280127261,14.741231688401012
t30,c6,4.663469804644721,5.059002123084255,5.441292761646721,5.900018241410207,6.397416344574415,6.880846143577204,7.4644452965692905
t30,c7,4.701464560224705,5.06573598506022,5.415559692079785,5.832642211465631,6.281846586738627,6.715651046027869,7.235982475500087
t30,c8,0.9909669140721491,1.1196768359502853,1.2489600322685281,1.4101828627668664,1.592217248801281,1.7760622016919632,2.0067427864666025
t31,c0,4.923616191707551,5.34121283304806,5.744829122380456,6.229144084056161,6.754288977676951,7.264686361091636,7.880840932581899
t31,c1,2.3779935350267776,3.3169877322873123,4.467618538216678,6.219759179451481,8.65906610411122,11.66281197660459,16.268086384824983
t31,c2,4.501973359325072,4.883808352358232,5.252860226268393,5.695699994863434,6.175873149880717,6.6425617245653426,7.205950778071866
t31,c3,4.537143331016027,4.921961266155624,5.293896218867447,5.740195506407186,6.224119833393032,6.694454236839872,7.262244555187684
t31,c4,3.9893461928629694,4.4467493386817205,4.900333351792554,5.458759651071791,6.080822423492723,6.7010876167360784,7.469408641816752
t31,c5,9.253591435827659,10.038435045377732,10.79700356349602,11.707239578470862,12.694212587935406,13.65346868592078,14.811488004220033
t31,c6,4.700854326063263,5.0995574137046695,5.484912670065499,5.9473155045116215,6.448700979915866,6.936006174800319,7.524283727342271
t31,c7,4.734155555925819,5.100959892672249,5.453216051357848,5.873198697432643,6.325526554359677,6.7623474140773565,7.286296897521083
t31,c8,0.9960418549051425,1.1254109261745198,1.255356207737687,1.4174046927700847,1.6003713134992972,1.7851577733617217,2.0170197197968034
t32,c0,4.872322879393755,5.285569077053958,5.684980567397648,6.1642500264142885,6.683924058783981,7.1890042177497495,7.798739806192095
t32,c1,2.994737834433414,3.845962420351154,4.810881100516385,6.169395942428424,7.911533355161678,9.896468590812992,12.709441827201978
t32,c2,4.471619802090346,4.850880357340294,5.217443980813764,5.657298000451846,6.134233694431469,6.597775724871637,7.1573662525948825
t32,c3,4.52647473883137,4.910387817034382,5.281448205722059,5.726698069705237,6.209484502003571,6.678712965969396,7.245168187999788
t32,c4,3.9950021001036333,4.453053730571062,4.907280813744002,5.466498823543404,6.089443527280546,6.71058810331697,7.479998417779616
t32,c5,9.30608767566159,10.09538375522234,10.858255683009594,11.773655527453132,12.766227700461233,13.730925722107408,14.895514561039525
t32,c6,4.741433735541166,5.143578566902177,5.532260343860684,5.998654800395307,6.504368409602782,6.995880192411963,7.589235961387662
t32,c7,4.767737611599777,5.137143899953533,5.491898811752065,5.914860633402306,6.370397108866429,6.810316587177709,7.337982742056392
t32,c8,1.0010129329948,1.1310276636333088,1.2616214803346852,1.42447872221745,1.60835849870911,1.7940671968463258,2.0270863274259017
t33,c0,4.822484168322063,5.231503294345908,5.626829227480297,6.101196266709767,6.6155545832306055,7.115468306240907,7.718966944346682
t33,c1,3.8021438665849216,4.483819777837928,5.196791690829459,6.122669220682017,7.213504141803235,8.360523001208353,9.859458163943112
t33,c2,4.445840236306018,4.822914296982145,5.187364625617565,5.624682820177347,6.098868907606769,6.559738547996703,7.1161029515277745
t33,c3,4.520550198082349,4.903960786200443,5.274535507228413,5.719202599603471,6.2013571300231325,6.6699714376496955,7.235685246717672
t33,c4,4.0039267146944075,4.463001607268381,4.918243408719917,5.4787106807436246,6.103047008628366,6.725579187426282,7.496708322141508
t33,c5,9.366772044920378,10.161215070911885,10.929061635020702,11.850430740029552,12.849475409145803,13.820464161441539,14.99264720554338
t33,c6,4.784845916265847,5.190672752916878,5.582913268536906,6.053577994691517,6.563921876475256,7.059933901096039,7.658722387117582
t33,c7,4.8018657028695175,5.173916249895117,5.5312105438901,5.957199981745095,6.415997247059212,6.859065726706181,7.390508985142293
t33,c8,1.0058258112196592,1.1364656537277307,1.2676873665491133,1.431327627359389,1.616091499293873,1.80269308634388,2.036832574775563
t34,c0,4.774613717377241,5.179572709800972,5.570974434990079,6.040632663720919,6.549885195816209,7.044836518843695,7.642344519978494
t34,c1,4.564768941542198,5.040897628455715,5.50890334250635,6.080021065652814,6.710347570186901,7.333347924009868,8.09825352218
t34,c2,4.42484694889066,4.80014046332313,5.162869855062262,5.598123030174113,6.070070007718192,6.5287634185750205,7.082500665660923
t34,c3,4.518363331202033,4.901987099169808,5.27279639308384,5.717779185832686,6.200315047405181,6.669335956326431,7.235584308188887
t34,c4,4.0160518312046785,4.476516943169772,4.933137356238422,5.495301894835102,6.1215289043573,6.745946301276622,7.5194106512115875
t34,c5,9.435147734813247,10.235390046804483,11.008841747699062,11.936936675424512,12.943274184396055,13.921350973584119,15.102090735404383
t34,c6,4.830689437168501,5.240404493292938,5.636403058093936,6.111577214351252,6.626810691499506,7.1275749982243735,7.732100465740321
t34,c7,4.8361799567612955,5.210889186415938,5.57073671448219,5.9997702836457805,6.46184612583418,6.908080784054816,7.443321749471393
t34,c8,1.0104269148129934,1.1416643632306485,1.2734863437004162,1.4378751693055398,1.6234842350157188,1.810939422384111,2.046149971062557
t35,c0,4.729188023992571,5.13029423499521,5.517972162656161,5.983162061181299,6.48756956271545,6.9778119169402135,7.5696352246398835
t35,c1,4.774956579924576,5.180175484789103,5.571844932751559,6.041844220834783,6.551489143975128,7.04684265929281,7.644861472103955
t35,c2,4.408809727200977,4.782743044239238,5.144157775440757,5.577833437987534,6.048069911554397,6.505100854081253,7.056831160115426
t35,c3,4.335119073264856,4.772416251959316,5.20098940965112,5.722448910866463,6.2961907741460665,6.861602133726857,7.553753653371939
t35,c4,4.03127988957482,4.493490992353064,4.9518428179122544,5.5161389710316495,6.144740507042741,6.771525568765027,7.547922739480967
t35,c5,9.510635824089402,10.317280660427686,11.096920541167345,12.032440907765615,13.046829853540727,14.032731973084642,15.222918517409784
t35,c6,4.878525237001959,5.292297487791554,5.692217419992909,6.172096978267971,6.692432544010604,7.1981556586762006,7.80866742682986
t35,c7,4.870309423197072,5.247663018071993,5.610050030657213,6.042111338021099,6.507448101450592,6.956831887893582,7.495850109063164
t35,c8,1.014764162240423,1.146564946093019,1.2789527710957156,1.4440472340908388,1.630453024859463,1.8187128617450572,2.054933049351568
t36,c0,4.686644069946621,5.084141914328635,5.4683322767129745,5.929337309344627,6.429207141947698,6.915039257441478,7.501538500316838
t36,c1,4.749201077756568,5.152004696459037,5.541323205794903,6.00848170239701,6.515023763689824,7.007340733375574,7.601668528445104
t36,c2,4.397856889911819,4.77086124175722,5.1313781077775005,5.563976386798553,6.033044648557446,6.488940185870799,7.039299824390743
t36,c3,3.8726235649173892,4.435917497418778,5.009088792934399,5.733184088412299,6.5619519138866345,7.409831181655293,8.487630992434232
t36,c4,4.049484082165472,4.5137824079009405,4.974204028943281,5.541048394077454,6.17248852818587,6.80210398528855,7.582007160055243
t36,c5,9.592575627098505,10.406170190059742,11.19252713361491,12.13610756643461,13.159236078304861,14.15363233293668,15.354073044574074
t36,c6,4.92787906200261,5.345837258803248,5.7498029993973585,6.23453728130096,6.760136845732889,7.270976131554203,7.88766417009748
t36,c7,4.903876310663131,5.283830681906336,5.648715318977727,6.083754456295013,6.552298389005673,7.004779394470674,7.547512608344
t36,c8,1.0187877080238361,1.1511110827481372,1.284023826244101,1.4497728897416526,1.6369177805508175,1.8259240687805494,2.0630808707997157
t37,c0,4.6473778055303185,5.041545280626876,5.422516768240606,5.879659347219198,6.3753411039351775,6.857102756209605,7.438688113155717
t37,c1,4.726867961189988,5.127777396002864,5.515265135171671,5.980226819091209,6.484386866500948,6.974388715792409,7.565921684593536
t37,c2,4.3920761964593105,4.764590258632163,5.124633248958193,5.556662906011387,6.025114608410254,6.48041090104295,7.030047128038017
t37,c3,3.4236331695745346,4.09663955512158,4.810287683764504,5.749908273763294,6.873070246563274,8.070381763354911,9.656830483623407
t37,c4,4.070508535576329,4.537217444566378,5.0000295214605135,5.569816877035977,6.204535375353743,6.837419723153615,7.621372065080901
t37,c5,9.680225868898441,10.501254489504134,11.294796612402477,12.246998822762372,13.279475966839858,14.282958318423285,15.494367817040501
t37,c6,4.978244752871657,5.400474717114512,5.808569214392067,6.298257752820394,6.829229239909111,7.345289590052362,7.968280526601276
t37,c7,4.936500649023421,5.318982767539117,5.686294896477789,6.124228247090167,6.595889292637498,7.051380548053501,7.597724438641953
t37,c8,1.0224506833952645,1.1552498169639862,1.28864043833592,1.454985440253858,1.6428031965879242,1.8324890428584313,2.070498524506652
t38,c0,4.6117433478256284,5.002888485421847,5.380938817723886,5.8345761882651,6.326457231689885,6.804524905135803,7.381650870211707
t38,c1,4.70876480585308,5.108138821053215,5.49414254357698,5.957323497918535,6.459552692228959,6.947677912076584,7.536945403333377
t38,c2,4.391515559570689,4.76398207131057,5.123979103102906,5.555953612715143,6.0243455184954735,6.47958369376283,7.029149761149915
t38,c3,3.076713316979008,3.825407211546536,4.6485760496638,5.772496064164838,7.1681543885268875,8.710631043466675,10.83029433613814
t38,c4,4.094168615380124,4.563590298446272,5.029092498841628,5.602191778267953,6.240599616674773,6.877162643451644,7.665671756310684
t38,c5,9.772766933107187,10.601644426593088,11.402772656834589,12.364077733912888,13.406425157359692,14.419500603772505,15.642490940038854
t38,c6,5.029088454265845,5.45563072842662,5.867893167577307,6.362582982371093,6.898977375941616,7.4203083424660585,8.049661996543254
t38,c7,4.967805321556995,5.352712939089377,5.722354367005517,6.163064858979187,6.637716929065454,7.096096668775594,7.645905182950995
t38,c8,1.025709919451708,1.1589323729236984,1.2927481996672234,1.4596234546691145,1.6480399121566207,1.83833041443607,2.077098591928463
t39,c0,4.580052759392644,4.968510058868173,5.343962536826564,5.794482640398785,6.282983617213292,6.757766145598084,7.330926265210832
t39,c1,4.695045785664336,5.093256221793675,5.478135319690691,5.939966792984531,6.440732738918744,6.927435802421375,7.514986458596687
t39,c2,4.396183509033473,4.76904593303412,5.129425622687588,5.561859298424306,6.0307490801008505,6.48647114954252,7.036621376679062
t39,c3,2.8243834998059043,3.623367824420697,4.528169288592523,5.8007727337524555,7.431030547690706,9.286654278337233,11.913737745231249
t39,c4,4.120251409061557,4.592663645292274,5.061131428933408,5.637881762253337,6.280356716965828,6.9209751072737165,7.714507589328977
t39,c5,9.869304422053917,10.706369745292978,11.515411692110472,12.48621274703088,13.53885670200846,14.561939525081304,15.797010822336222
t39,c6,5.079853790395271,5.5107017279219015,5.927125684907748,6.426809067612734,6.968618009353403,7.495211468671711,8.130918033437208
t39,c7,4.997421387432006,5.384623670036541,5.756468752115977,6.199806583551898,6.677288339196572,7.13840075534798,7.6914870077036195
t39,c8,1.0285266367547958,1.1621149343926054,1.2962982347731378,1.463631748400891,1.652565619131583,1.8433786809965633,2.0828025433411894
t40,c0,4.552576271055323,4.9387031514245,5.3119032283356145,5.759720587851854,6.2452909671170875,6.717225197176676,7.286946835145373
t40,c1,4.685826906601372,5.083255443252011,5.467378818197781,5.928303469983561,6.4280861452735305,6.9138335510708195,7.500230531927526
t40,c2,4.406049379179217,4.779748577224865,5.140937027298362,5.5743411662749995,6.044283225612197,6.501028021869165,7.05241289052839
t40,c3,2.6448045701260225,3.477999051353044,4.44382041743579,5.834513772858774,7.660424537434765,9.787682648284667,12.87110259494775
t40,c4,4.148516447344935,4.624169444543109,5.095850930098168,5.676557786608741,6.323440137227006,6.9684531873576585,7.767429324121723
t40,c5,9.96887424980671,10.814384590697319,11.631588831820924,12.61218414271794,13.675448053550555,14.70885259496482,15.956384328241482
t40,c6,5.129968014225266,5.565066391010351,5.985598490523453,6.490211394021411,7.037365437353551,7.569153893137623,8.211131886647209
t40,c7,5.0249935960795895,5.414332184850269,5.788228843011213,6.234012696553747,6.714128856138252,7.177785361883564,7.733923149894854
t40,c8,1.0308670851505877,1.1647593676398635,1.299248006821449,1.466962293721898,1.6563260900946306,1.8475733537669137,2.0875420334983863
t41,c0,4.529542815850051,4.913716113088929,5.285028009167403,5.730579666699441,6.2136933351016586,6.683239845483264,7.250079014922866
t41,c1,4.6811864578075575,5.078221414667417,5.461964386135322,5.922432576919222,6.421720309489595,6.906986671917537,7.492802934532459
t41,c2,4.421043217121228,4.79601411794012,5.158431696564131,5.593310714931346,6.064851992632535,6.523151096811764,7.076412334674526
t41,c3,2.5198326160746807,3.3774092415930204,4.389513875997376,5.873444424930339,7.85903641890342,10.214145501797095,13.690333712119429
t41,c4,4.178696726327319,4.657810078651584,5.132923026756101,5.717854500707372,6.369442892643837,7.019148385011926,7.82393703885622
t41,c5,10.070449455818338,10.924574900572114,11.750105828046218,12.740692655359474,13.81479041243001,14.858724555939471,16.11896768366632
t41,c6,5.178849096216991,5.618093323301945,6.042632477825809,6.552053603254501,7.104421223275631,7.641276844203295,8.289371947770995
t41,c7,5.050185977457267,5.441476482389792,5.8172476398964825,6.265266393172862,6.747789574610544,7.2137705831234005,7.77269652100717
t41,c8,1.032703118022526,1.1668338702771965,1.3015620413693418,1.4695750369474456,1.6592761010047357,1.850863986923891,2.0912600645135058
t42,c0,4.511140749605715,4.893753275095101,5.263556651133752,5.707298176506649,6.188449110458411,6.6560880053609,7.2206242907413385
t42,c1,4.68116539735591,5.07819856797299,5.461939812998171,5.922405932155967,6.421691418452826,6.906955597688781,7.492769224742144
t42,c2,4.441055433199947,4.81772367067037,5.181781762299561,5.618629296344243,6.092305044457946,6.552678677261099,7.108444297663531
t42,c3,2.436799019267162,3.3127249909809087,4.360382630957634,5.917239335207704,8.029965329542547,10.569462133275854,14.368735818294637
t42,c4,4.210500092024176,4.693259896376946,5.171988850098879,5.761372140200498,6.417919663002342,7.072569955800397,7.8834837222200145
t42,c5,10.172948879783892,11.035767815971756,11.869701193098487,12.870370448175564,13.955400627067531,15.009960179982713,16.283030361280037
t42,c6,5.225913673090514,5.669149683544285,6.097546984019632,6.611597649578437,7.168985100807609,7.7107195823028825,8.364704473593012
t42,c7,5.072687378138903,5.465721300932415,5.843166728934767,6.293181656119465,6.777854747974739,7.245911962280685,7.807328227557509
t42,c8,1.0340126862521741,1.1683135293768208,1.3032125489242694,1.4714386013599898,1.6613802248600515,1.8532110628960414,2.093911986147734
t43,c0,4.497518646099778,4.8789758125094576,5.247662508722572,5.690064086325265,6.169762108876547,6.6359888941191185,7.198820472832407
t43,c1,4.685767635653621,5.083191145237212,5.467309661412707,5.92822848297012,6.42800483651722,6.913746098103534,7.500135661634441
t43,c2,4.465936238976221,4.844714742665915,5.210812452760886,5.650107404725002,6.126436899108487,6.589389753701276,7.148269025051406
t43,c3,2.387394073086724,3.277860715881861,4.352894138849547,5.965522442869785,8.17558545675745,10.856915867094372,14.906402934296953
t43,c4,4.243611044760376,4.730167224060422,5.212660854522337,5.806678996027719,6.468389543059805,7.128187940460597,7.945478651852599
t43,c5,10.275247777147262,11.146743197099994,11.989062585594983,12.999794543495941,14.095735756368155,15.160899931477166,16.446772071906686
t43,c6,5.270585729835712,5.717610601998482,6.1496699202019185,6.6681147839695445,7.230266884101852,7.77663221007946,8.43620748268887
t43,c7,5.0922168035909365,5.48676387437153,5.865662435949617,6.317409883259768,6.803948926298389,7.273808122037978,7.8373857933473365
t43,c8,1.0347802388324028,1.1691807741175402,1.3041799298547092,1.472530857296632,1.6626134753755308,1.8545867103633757,2.0954663070657538
t44,c0,4.488786070374214,4.869502583135995,5.23747342139564,5.679016013059302,6.157782633289226,6.623104172544447,7.184842933246604
t44,c1,4.694960197649816,5.093163374629373,5.478035456399322,5.939858510768055,6.440615328023867,6.927309519206447,7.514849464667448
t44,c2,4.49549494105482,4.876780466866019,5.245301268685836,5.687503783121716,6.166985960584922,6.633002962262014,7.195581289083552
t44,c3,2.3664842868276557,3.2689305367251986,4.364673708436316,6.017867261590249,8.297235669214318,11.078463115462675,15.303176353081422
t44,c4,4.277693013073368,4.768156900245432,5.25452561078683,5.853314525876922,6.520339508576756,7.18543698448309,8.009291651863133
t44,c5,10.37619038074105,11.256247250365657,12.106841467261507,13.12750271519797,14.234210301963287,15.309838501631342,16.6083428709432
t44,c6,5.3123058416397475,5.762869206220968,6.19834855475602,6.720897246596905,7.287499145986935,7.838189308643814,8.502985548243794
t44,c7,5.108528422770641,5.504339324573217,5.884451591160849,6.337646096326181,6.825743643233001,7.297107913199512,7.862490861995505
t44,c8,1.034997019306381,1.169425710726173,1.3044531480055177,1.4728393439928533,1.6629617832806387,1.8549752355506754,2.0959052951351085
t45,c0,4.485014251783554,4.865410857648883,5.233072498894723,5.674244072975971,6.15260839717074,6.617538937967829,7.178805683147863
t45,c1,4.70867326345344,5.108039514482458,5.494035732764986,5.957207682474165,6.459427113021157,6.94754284329863,7.536798878693342
t45,c2,4.529499180521626,4.913668776828935,5.284977095876085,5.730524461188423,6.213633475517494,6.683175462525103,7.250009171322354
t45,c3,2.3713100033776557,3.283785988190499,4.3943164285744185,6.0737977013914115,8.39516660146288,11.23429439375739,15.557231431099531
t45,c4,4.312391135344009,4.806833376239545,5.29714722284737,5.90079316038545,6.573228656260623,7.243721010544242,8.074258300986443
t45,c5,10.474604329530925,11.363008180901371,12.2216699382558,13.252011743323584,14.369216001774056,15.455046097771572,16.765866253303205
t45,c6,5.350540759356861,5.804347019525168,6.242960697587754,6.769270393939921,7.339950367455829,7.89460408072227,8.564185140751922
t45,c7,5.121416092935448,5.518225536769684,5.899296741257228,6.35363455440085,6.842963461823303,7.31551687800494,7.8823261610322195
t45,c8,1.0346612499108134,1.1690463305378946,1.3040299627819065,1.4723615316252077,1.6624222921879988,1.854373452258535,2.0952253503227203
t46,c0,4.4862365979806,4.866736877171909,5.234498720955298,5.675790531977958,6.154285229629679,6.619342482639156,7.180762195509588
t46,c1,4.726800105240333,5.127703784848992,5.5151859614870204,5.9801409707084545,6.484293780712987,6.974288595845446,7.565813072970546
t46,c2,4.567674227225125,4.9550816411578715,5.329519381771535,5.778821862340889,6.266002565050918,6.739501896252418,7.311112933059686
t46,c3,2.4010471240328943,3.3217487253430145,4.441268771816732,6.132789586280816,8.468550326939416,11.32268308636457,15.66446061517581
t46,c4,4.347005491178236,4.845543830753293,5.339931861951751,5.948608835767912,6.626666406196889,7.302781342393706,8.140304205455436
t46,c5,10.569316793651042,11.465753685244295,12.332179551707405,13.37183781476958,14.49914395057164,15.594792235473701,16.917464963479
t46,c6,5.384793085546341,5.841504457692896,6.282925990035611,6.812604940488799,7.386938211396842,7.945142627435853,8.619010115680886
t46,c7,5.1307172705863255,5.528247373524151,5.910010654364457,6.3651736058364,6.855391200101526,7.328802836586625,7.896641521197361
t46,c8,1.0337781983722887,1.1680485854683105,1.3029170133358765,1.4711049163650167,1.6610034659171582,1.8527908015792354,2.0934371399598426
t47,c0,4.4924490117322256,4.873476196965005,5.241747306964241,5.683650206424927,6.162807510021485,6.628508761181927,7.190705912216508
t47,c1,4.7491969559988565,5.152000225114333,5.541318396566723,6.00847648772924,6.515018109402081,7.007334651813594,7.601661931075281
t47,c2,4.609702454780942,5.000674493978014,5.378557522890523,5.831994139555269,6.323657504647886,6.801513612766761,7.378384174998404
t47,c3,2.4566711837444304,3.3835289620307423,4.505793929118169,6.194273016442326,8.515484464185144,11.339940822967575,15.618296195319017
t47,c4,4.251034613241209,4.7885257495475875,5.3268542972291515,5.996240259399442,6.749742951885356,7.508552554372222,8.457916841337784
t47,c5,10.659172030146893,11.563229996069765,12.437021797593498,13.48551873404641,14.622408683203044,15.72737164167183,17.06128909562317
t47,c6,5.414610760778074,5.8738511198611665,6.317716973402968,6.8503289604038535,7.42784253604685,7.989137945133498,8.666736897446786
t47,c7,5.1363161887203255,5.53428009815825,5.91645997988363,6.372119629959008,6.862872176363063,7.336800425410612,7.905258766521749
t47,c8,1.0323601256077897,1.16644632892114,1.3011297526508252,1.4690869459542433,1.6587250044633721,1.8502492581628907,2.090565492833755
t48,c0,4.5036099937017395,4.885583797924111,5.254769835885325,5.6977705931692775,6.178118308946817,6.644976542246357,7.208570408580237
t48,c1,4.775682862284827,5.180732534263003,5.572221903225214,6.041985299145124,6.5513518644970485,7.0464140184142865,7.644055815218111
t48,c2,4.65522313514926,5.05005601209103,5.4316706251447,5.889584915476449,6.3861034422873635,6.8686783658554145,7.451245508448771
t48,c3,2.5410995427897634,3.471323018787405,4.589023185788783,6.257635709903325,8.532971635253709,11.28042664595814,15.409866484359524
t48,c4,3.755440679785528,4.427651733361545,5.130560549465626,6.0431568858748514,7.118080918292709,8.24810697556157,9.724489949707385
t48,c5,10.74305001120196,11.654222090371519,12.534889837978772,13.591637490896655,14.737473729065922,15.8511317401931,17.195545910269775
t48,c6,5.439596064338984,5.900955552623796,6.3468695908978034,6.881939274816036,7.462117742292535,8.026003205734515,8.706728886129298
t48,c7,5.138146200590148,5.536251900107047,5.918567948239296,6.374389944739155,6.86531734077319,7.339414445142206,7.908075321586746
t48,c8,1.0304261159661006,1.1642611239808405,1.2986922335871807,1.4663347781326874,1.655617571241216,1.84678302596731,2.0866490554206547
t49,c0,4.519640535709692,4.902973970788884,5.273474121716932,5.718051734514379,6.200109241825147,6.668629251018055,7.234229222490329
t49,c1,4.806039588246309,5.21366396676334,5.607641845920455,6.080391302491355,6.59299566685218,7.091204693493956,7.692645412624044
t49,c2,4.7038326999445355,5.102788398447766,5.4883878087327425,5.951083613015669,6.452786756933084,6.940400699326815,7.52905097358612
t49,c3,2.6596391955565997,3.5891031769900517,4.693096859896381,6.322227436050868,8.516883615744685,11.136642716043353,15.028564709052365
t49,c4,3.1203909540324553,3.9327879534821353,4.837523257943871,6.088825549228566,7.663797069721232,9.426848588699775,11.881138330127637
t49,c5,10.819885681787964,11.737574580450051,12.624540976660851,13.688846624232717,14.842878030035912,15.964501065993023,17.31853065852379
t49,c6,5.45941383157316,5.92245416432546,6.369992775547981,6.90701184804664,7.48930404633821,8.055243881231497,8.738449610314609
t49,c7,5.136191215140495,5.5341454415736,5.916316024341088,6.371964587595571,6.862705193320687,7.336621911047403,7.905066420791613
t49,c8,1.0280017949623177,1.1615219244855828,1.295636753130551,1.462884878963671,1.6517223395598748,1.8424380323671774,2.0817397202881334
t50,c0,4.540423830099862,4.925520000858564,5.297723874383021,5.744345850517119,6.228620070198765,6.699294540394005,7.267495389219534
t50,c1,4.840011651204966,5.250517371166693,5.647280129863248,6.123371272245803,6.639599041578476,7.141329718033757,7.747021792484797
t50,c2,4.755085618241887,5.15838833440582,5.548189232356606,6.0159265659128245,6.5230962627212525,7.016023242194395,7.611087444485768
t50,c3,2.820817591229993,3.743126950617407,4.821393893753262,6.387365621940823,8.461959443141769,10.899560748700228,14.463338471510903
t50,c4,2.5671791756919786,3.4702709331848935,4.544673551137774,6.132717663675162,8.275671622868819,10.837835623351744,14.650409405964261
t50,c5,10.888688332498536,11.812212729853728,12.704819263210638,13.775892731799544,14.937262516404296,16.06601784934138,17.42865759061554
t50,c6,5.473798602963004,5.938058980492347,6.386776791681965,6.925210832312405,7.509037286920298,8.076468292000804,8.761474170061131
t50,c7,5.130486178058338,5.527998375851212,5.909744461699665,6.364886912186746,6.855082426571585,7.328472740133185,7.8962858487337435
t50,c8,1.025118942553171,1.1582646380735462,1.2920033649852725,1.4587824725104028,1.6470903712606213,1.8372712350460618,2.0759018429641265
t51,c0,4.565804841298327,4.953053703212801,5.327338199832267,5.776456796943155,6.263438113991215,6.736743658827474,7.308120755652455
t51,c1,4.877306579460942,5.29097546977802,5.690795501821539,6.170555185992428,6.69076077170416,7.196357556534938,7.806716818606534
t51,c2,4.80849603652059,5.216328758764879,5.610508006692181,6.08349909352131,6.596365458659095,7.094829128376787,7.696577254050136
t51,c3,3.037683121985019,3.9426589202188373,4.97880891425376,6.452342172345567,8.36198380496978,10.55955393339434,13.705418846263198
t51,c4,2.1413264068410336,3.0893884451951905,4.288641313372391,6.174316872025,8.889106374390407,12.339720146057575,17.8030722987309
t51,c5,10.948560521394947,11.877162980081355,12.774677570804162,13.851640409267116,15.019396064143763,16.154357934585438,17.52449024259455
t51,c6,5.4825604478646195,5.947563961507823,6.397000030008573,6.936295935661083,7.52105691439304,8.089396199594816,8.775498558489677
t51,c7,5.121116583522601,5.517902821243258,5.898951740017116,6.35326298268703,6.8425632732950925,7.315089053722545,7.881865188746912
t51,c8,1.0218150127400174,1.1545315833904266,1.287839274108522,1.4540808572131292,1.6417818448480541,1.8313497610040355,2.069211269116113
t52,c0,4.595589805029521,4.985364879453723,5.36209101572807,5.814139431696951,6.304297564524531,6.7806907114324355,7.355795178720524
t52,c1,4.9175954900991865,5.334681485468875,5.737804224299418,6.2215269554365955,6.746029690817885,7.255802949559245,7.871204074258543
t52,c2,4.8635403146233145,5.276041618813416,5.674733153322727,6.153138709192859,6.671876007490986,7.1760457384493765,7.7846822531170785
t52,c3,3.3294311999380857,4.200653179884835,5.1718597685697,6.516431496812687,8.210562805803995,10.108875366334486,12.754094288971071
t52,c4,1.825037133068405,2.788874286891243,4.075846494613764,6.21312698965228,9.47114839593676,13.8417666120678,21.151869345607835
t52,c5,10.998715950848016,11.931572343648918,12.833198454753802,13.915094867229753,15.088200018622599,16.228361157033213,17.6047700503689
t52,c6,5.485589247667682,5.9508496490486396,6.400534005167685,6.94012784083818,7.525211866430096,8.093865126449197,8.780346517496874
t52,c7,5.108217033686091,5.504003808933196,5.884092905871777,6.33725978667831,6.825327581720067,7.296663119794267,7.86201160581267
t52,c8,1.0181325725542558,1.1503708562085002,1.283198129638485,1.4488406075444638,1.635865154090585,1.8247499010782917,2.061754198476887
t53,c0,4.629545738445387,5.022200786286674,5.401710479871847,5.857098995058589,6.35087881250722,6.830791937190008,7.410145741304685
t53,c1,4.960514087777047,5.381240225177201,5.7878812409130935,6.275825690027505,6.804906053220208,7.319128387417836,7.939900460853088
t53,c2,4.9196605715341075,5.336921716841919,5.740213741919293,6.224139606240917,6.748862599848728,7.25884993136097,7.874509485904734
t53,c3,3.7218155601224963,4.533025212671978,5.4077314970306345,6.578899683196092,8.003711180062027,9.548131548124623,11.629249311895808
t53,c4,1.5910856500685595,2.5546453972450953,3.9024760249555284,6.248680064449218,10.005443287326806,15.284314053900363,24.540478098185726
t53,c5,11.03849570522002,11.974726018970951,12.879613098483004,13.965422474411833,15.142770469695137,16.28705530129259,17.668442340071525
t53,c6,5.4828572771497655,5.947885966376871,6.39734636763021,6.936671471103643,7.521464109164291,8.089834164613901,8.775973669523777
t53,c7,5.091968894029297,5.4864967566741925,5.865376871948847,6.317102326379285,6.803617682743608,7.273454003850842,7.837004237936133
t53,c8,1.0141186751896463,1.1458356211393825,1.2781392348249088,1.4431286819533078,1.629415900812706,1.8175559864384383,2.0536259154155
t54,c0,4.6674000600458365,5.063265723204214,5.445878546729796,5.904990628823734,6.4028079266355675,6.88664514814953,7.470736143872289
t54,c1,5.005664184147803,5.430219728200813,5.840561949240005,6.332947619266453,6.866843618291114,7.38574635204697,8.012168629965853
t54,c2,4.976269326069712,5.39833174443458,5.806264304955775,6.2957585291405405,6.826519320420045,7.342374891670795,7.965118617997127
t54,c3,4.238182541645344,4.950507192592463,5.688839922183227,6.639014699359691,7.74789179889573,8.903434428752384,10.399862616866589
t54,c4,1.4169188090627105,2.3723243229118784,3.7623777772791516,6.2805443514666655,10.484124584444455,16.62725326793568,27.838742134302535
t54,c5,11.06738228477138,12.00606261455337,12.91331768815677,14.001968512753333,15.182397503620962,16.329676807988985,17.71467879101871
t54,c6,5.474419986106606,5.938733066264189,6.387501815696942,6.925996979116336,7.509889709439503,8.077385129031267,8.76246876864929
t54,c7,5.072597121408461,5.46562405107305,5.843062763307662,6.293069683518354,6.777734151737802,7.245783038049004,7.807189314222863
t54,c8,1.0098241831430033,1.1409833468620914,1.2727266939529722,1.4370174596688232,1.6225158073641701,1.809859175484209,2.044929418273405
t55,c0,4.708840431040679,5.10822086039316,5.4942307823354835,5.957419175601686,6.4596564359715964,6.947789495361615,7.5370664505577665
t55,c1,5.052615831177914,5.481153580451997,5.895344689953344,6.392348791686613,6.931252577005924,7.455022464670228,8.087320397967233
t55,c2,5.032755280398299,5.459608556517324,5.872171585864237,6.367222090583611,6.904007581864491,7.425718663001966,8.05553119356271
t55,c3,4.846547653965831,5.420324066706952,5.991111129638721,6.69605744582901,7.483951532133558,8.27204882328786,9.251365821432245
t55,c4,1.2862163196143996,2.230258122629693,3.6496867802018063,6.308331986625937,10.903689782192076,17.84324964438003,30.93962644278862
t55,c5,11.085010930443453,12.025186434288042,12.933886626331848,14.02427150503024,15.206580738568233,16.355687483230916,17.7428955623894
t55,c6,5.460414952405099,5.923540195248014,6.371160873930635,6.90827842238243,7.49067739859338,8.056721012788955,8.740052024825326
t55,c7,5.050366366462566,5.441670848010069,5.817455427791825,6.2654901839753485,6.748030600793494,7.214028253812312,7.772974156127971
t55,c8,1.0053030576886335,1.1358750033122051,1.2670285168361313,1.4305837295961852,1.6152515749967291,1.8017561804050135,2.0357739805255846
t56,c0,4.753514938961164,5.156684437919141,5.546356578526069,6.01393941111267,6.520941581824085,7.0137057397929,7.608573383054996
t56,c1,5.10091014973756,5.533543982955046,5.951694047194927,6.453448653462193,6.997503432237331,7.526279659321057,8.164621273522279
t56,c2,5.088490249390417,5.520070688421841,5.937202624136505,6.4377355381908865,6.980465630598804,7.507954372144943,8.144741726615434
t56,c3,5.296122539481466,5.759795250533456,6.209013672462447,6.749333425344637,7.336672793701259,7.908875177855555,8.601292992539864
t56,c4,1.1876400751822302,2.1196702139561845,3.5595245009968104,6.331706138381945,11.262881492063517,18.913556627282166,33.75644141738158
t56,c5,11.091177821126234,12.03187636997197,12.941082096451684,14.032073585679491,15.215040569745852,16.364786593496454,17.752766413939828
t56,c6,5.441059048408562,5.902542619727065,6.348576586967612,6.883790178340448,7.464124685317929,8.028161806243354,8.709070568399062
t56,c7,5.025576471888696,5.41496022211891,5.788900250547494,6.234735812936885,6.714907663755543,7.17861795149197,7.734820248891573
t56,c8,0.9916915183755327,1.1239739329069878,1.2572354395713403,1.4239076543143716,1.6126756725107474,1.8038790301579342,2.0444996961719295
t57,c0,4.801032749055016,5.208232472369732,5.601799912983916,6.074056868304388,6.586127211341838,7.083817213444959,7.684631363253574
t57,c1,5.150062917278568,5.586865643813184,6.009045034644103,6.515634587381805,7.06493192038466,7.598803476381873,8.2432962001015
t57,c2,5.142837187565636,5.579027063637935,6.0006141210901145,6.506492909854197,7.055019558280171,7.5881420726390525,8.23173054910999
t57,c3,5.373395129198794,5.829139783367434,6.2696269616362645,6.798184744115201,7.3713023275405956,7.928325195938696,8.600766313273459
t57,c4,1.113395955389904,2.0341357470168293,3.488054710945354,6.35038742047057,11.561579084045123,19.825333903704916,36.22019659299773
t57,c5,11.085844835601746,12.026091067135038,12.934859619037237,14.025326525401688,15.207724701907328,16.356917891774966,17.74423032806761
t57,c6,5.4166439311075525,5.8760567335874905,6.32008925744477,6.852901238671822,7.430631668954746,7.992137842807736,8.669991231523932
t57,c7,4.998557502118894,5.38584781136076,5.757777428768769,6.201216048707899,6.67880635514172,7.1400236006736595,7.693235591758476
t57,c8,0.8439024945650637,1.0097343744245557,1.1855707559095698,1.4170717311462586,1.6937768422545525,1.988733217444696,2.3795311711322746
t58,c0,4.850965348468054,5.262400106561355,5.660060800936007,6.137229411436227,6.65462548430029,7.157491655116649,7.764554504701366
t58,c1,5.199568955226109,5.640570537717,6.066808214685167,6.578267463584741,7.132845030062198,7.671848536083098,8.322536578529869
t58,c2,5.195159209894754,5.635786779715316,6.061662965255589,6.572688446461256,7.126795676675129,7.665342054765863,8.31547824982258
t58,c3,5.40802908967545,5.866711224144795,6.310037541385508,6.842002117689923,7.418813702999706,7.979426835568754,8.656202139859932
t58,c4,1.0581368507644462,1.969019745068625,3.4323558227970827,6.364159363273739,11.80021142683821,20.569892456681885,38.27720806801495
t58,c5,11.069140699691886,12.007970169483228,12.915369390168303,14.004193182482428,15.184809723025015,16.332271310158273,17.71749334596012
t58,c6,5.38753002828739,5.844473534307038,6.286119429116332,6.816067600862799,7.3906927896313395,7.949180925675975,8.62339092229618
t58,c7,4.969664447684678,5.354716111080813,5.724495871719761,6.1653712929403195,6.640200994396566,7.098752275802754,7.648766547512471
t58,c8,0.5961622735566696,0.8031298117950734,1.048565089469544,1.4101597705133295,1.8964493462014733,2.476001449790043,3.3355860754331674
t59,c0,4.902848501665153,5.318683730809335,5.720597576720768,6.20286970999244,6.7257995555767005,7.234044095584327,7.84759974249138
t59,c1,5.248907328297099,5.694093546243197,6.124375764923236,6.640688217511444,7.200528134600516,7.744646209981996,8.40150858912235
t59,c2,5.244829445651211,5.689669797869682,6.119617729757701,6.635529058557932,7.194934035317601,7.738629384688096,8.39498144662735
t59,c3,5.438250183475355,5.899495520838078,6.345299229748685,6.880236525151341,7.460271443164308,8.024017388405754,8.704574641649737
t59,c4,1.0182126807875933,1.921029436136866,3.39026649900745,6.3728727656480295,11.979443887089278,21.141533035959583,39.8870570495386
t59,c5,11.04135847798107,11.977831597881666,12.882953354849075,13.969044329429396,15.14669766339844,16.29127925893314,17.673024552794356
t59,c6,5.354139245211369,5.808250711055392,6.247159377080333,6.773823041018693,7.344886823182083,7.899913566695579,8.569944950922604
t59,c7,4.939271748975126,5.321968573464851,5.68948689271831,6.1276660768012,6.5995918888285665,7.055338833828269,7.601989414040903
t59,c8,0.3941771151822132,0.6117388558811789,0.9064959810448125,1.403255909440777,2.1722403502670558,3.218901543443785,4.9955389887873345
t60,c0,4.956185022354996,5.376543989953524,5.7828301280438215,6.27034874560022,6.798967377717222,7.312740947515267,7.932971270061289
t60,c1,5.297547335091286,5.746858956537812,6.1811284679496525,6.702225428937623,7.2672532100272775,7.81641345994682,8.47936278034674
t60,c2,5.291241509093479,5.740018301736331,6.173770889409335,6.694247573398134,7.2586027853447295,7.807109353709046,8.46926954608511
t60,c3,5.463680730083044,5.927082959948622,6.374971352648102,6.912410141612835,7.4951574403583825,8.061539595235589,8.745279295473352
t60,c4,0.9911792812766201,1.8878917823416743,3.3602530193160067,6.376448782402985,12.100011172041096,21.536774223454913,41.02093318803068
t60,c5,11.002949510740699,11.936164973039155,12.838138132668542,13.920450982234092,15.094007678238238,16.234607680647915,17.61154637305404
t60,c6,5.316946655894776,5.767903631263378,6.20376341323519,6.7267686020268025,7.29386548311593,7.845036727027002,8.51041373060357
t60,c7,4.907767779486036,5.28802366334827,5.65319785445797,6.088582216885428,6.557497962421452,7.010338033983184,7.553501933552302
t60,c8,0.2631101758252051,0.46886313832080784,0.7862592438478879,1.3964436752921439,2.480167900755001,4.159113350747472,7.41155271607181
t61,c0,5.0104484469752935,5.435409768410263,5.846144182166036,6.339000459562703,6.873406740277847,7.392805425613524,8.019826419049133
t61,c1,5.344955233147546,5.7982877567583495,6.236443558074496,6.762203830221633,7.332288060598191,7.88636276082803,8.55524483308649
t61,c2,5.33382032055056,5.786208436246311,6.223451446652394,6.748116425308387,7.317013024020829,7.869933444543888,8.537422063894436
t61,c3,5.484007104806215,5.949133316697305,6.398687975738821,6.938126182816533,7.5230414596245625,8.091530709788865,8.777814107223945
t61,c4,0.9754862660616314,1.8681345337406712,3.341309546731082,6.374880643483383,12.162627451987422,21.753841859175502,41.66035405371
t61,c5,10.954514032072922,11.883621437929559,12.781624071138783,13.859172530857244,15.02756317749806,16.163142207392028,17.53401955373837
t61,c6,5.276471468333321,5.723995539567,6.156537344593108,6.675561163158166,7.238341026584129,7.785316486538814,8.445628316292543
t61,c7,4.87554941864861,5.253309010545271,5.616085917515558,6.048612082260905,6.514449504336888,6.964316785521657,7.50391493966506
t61,c8,0.18261733994971646,0.3686630800351054,0.6912423336267791,1.3898051117434858,2.7943286379668186,5.239359060430985,10.57708018942876
t62,c0,5.065087667518956,5.494683215931838,5.909896711441585,6.408127614108223,6.948361625203377,7.473424382252094,8.107283074689775
t62,c1,5.390601603767241,5.847805625544833,6.2897033145333054,6.81995362395722,7.394906421969822,7.953712967091615,8.628307348927867
t62,c2,5.372032970106106,5.827662092714215,6.2680376072023885,6.796461399946325,7.3694336976987564,7.926315360444419,8.598586013527019
t62,c3,5.498986388383088,5.965383068618548,6.416165663108067,6.957077317926015,7.543590260753125,8.113632310088885,8.801790255355106
t62,c4,0.9702884407850161,1.8609477048013732,3.3328907521675113,6.3682339472757565,12.167936672049997,21.792339195025313,41.796234915902595
t62,c5,10.896788826996778,11.821000268013368,12.714270844099001,13.78614112351347,14.948374893684099,16.077969949100616,17.441623408041238
t62,c6,5.233267563311642,5.6771272941647215,6.106127434050704,6.62090147018145,7.1790732753788244,7.721570084029718,8.376475260919204
t62,c7,4.84301682979987,5.218255783214263,5.5786120251589555,6.008252116012781,6.470981191516624,6.917846688484151,7.453844320227935
t62,c8,0.13284019166504335,0.29892698105403576,0.6176679877666744,1.3834199758124597,3.0985106357817407,6.402402428608439,14.407167028957046
t63,c0,5.119532547507863,5.553745839899214,5.973422485983386,6.477008897474956,7.0230499109026905,7.553756593717486,8.194428664857574
t63,c1,5.433969224160538,5.894851471842431,6.340304246633449,6.874820442469087,7.454398760325494,8.017700927996202,8.697722450478594
t63,c2,5.40539928695215,5.863858374631924,6.306969112271075,6.838675006185238,7.4152061010145305,7.975546620045759,8.651992823751723
t63,c3,5.508451645068743,5.9756511213076795,6.427209635696778,6.96905234713053,7.556574838838329,8.127598086150861,8.816940539093984
t63,c4,0.9753467695964477,1.8661086380283547,3.334873754042532,6.356645519898128,12.116483335136653,21.653049261018957,41.42828327853018
t63,c5,10.83063238647926,11.74923276719231,12.637080130745234,13.70244288546519,14.857620517308789,15.980357590132543,17.335732054189886
t63,c6,5.187913901965636,5.627926960796943,6.0532092080228646,6.563521999429938,7.116856456886239,7.654651763799797,8.303881261537198
t63,c7,4.8105685408746695,5.183293387399848,5.541235236856232,5.967996732344439,6.427625515765122,6.871497006875167,7.403903446056699
t63,c8,0.10120448969001174,0.24984166294239674,0.5608584274220406,1.3773650115860387,3.3825548166611275,7.593346733282071,18.74555546846105
t64,c0,5.173200505106262,5.611965646782383,6.036041754777984,6.544907252578364,7.096672403060348,7.632942473447385,8.280330697132527
t64,c1,5.474561278994511,5.938886342912227,6.38766667491131,6.926175736704771,7.510083537097516,8.077593603549936,8.762694924939934
t64,c2,5.43350176350371,5.894344363497267,6.339758817930164,6.874229031670268,7.45375749093345,8.017011200177098,8.696974223375735
t64,c3,5.512315634608335,5.979842835225265,6.431718102395097,6.973940897871333,7.5618755164177625,8.133299316915954,8.823125319901628
t64,c4,0.9910011883588565,1.8839611044345392,3.3475470016758266,6.340320882194491,12.008694386984569,21.337844393160786,40.56470301086523
t64,c5,10.7570080951022,11.669364029537752,12.551175999157984,13.60929664879332,14.756621633485373,15.871726583046168,17.217887505280103
t64,c6,5.141005079354842,5.577039565119365,5.998476434439711,6.50417500659402,7.052506245338574,7.585438837656316,8.228798039178596
t64,c7,4.77859690511396,5.148844576034881,5.504407499520852,5.928332685127074,6.38490671858966,6.825828184662591,7.3546961845504
t64,c8,0.0804613287590541,0.21474032465625267,0.5168946321115166,1.371713303274432,3.640195253515636,8.76219866665488,23.385114506555077
t65,c0,5.225504003090674,5.668705267372257,6.097068984912064,6.611079352993863,7.168423109487273,7.710115123314914,8.364048747399522
t65,c1,5.511909712454845,5.979402484773275,6.431244476239444,6.973427342898209,7.561318666448073,8.132700387792053,8.822475592587777
t65,c2,5.45599448659661,5.918744807511635,6.366003115949039,6.902685842179671,7.484613338698386,8.05019871364576,8.732976536702735
t65,c3,5.510572819689095,5.977952203411203,6.429684602318501,6.971735964582245,7.559484697324477,8.13072783220213,8.820335734641798
t65,c4,1.0182105113507305,1.915445807075247,3.371625420898365,6.319530413761772,11.844869955873987,20.849696975473428,39.222208183140246
t65,c5,10.676966032905696,11.58253319765698,12.457783672864085,13.508030928884697,14.646818757429575,15.753626297623446,17.089770540934083
t65,c6,5.093142271933072,5.525117272383098,5.942630560340392,6.443621073856579,6.986847343421319,7.514818328107643,8.152187849189975
t65,c7,4.747483997660877,5.115321027603113,5.468568920850746,5.889733977212195,6.343335308450534,6.781385984406533,7.306810584178757
t65,c8,0.06647560065458771,0.18928805440417165,0.482822127799882,1.366533707470345,3.867706689753549,9.865463404601886,28.091726216298134
t66,c0,5.2758588385526215,5.7233309495747715,6.155822533919739,6.674786090726526,7.237500612056663,7.7844125649009435,8.44464772851635
t66,c1,5.545583497676935,6.015932313005715,6.47053473252109,7.016029944692647,7.607512859396195,8.182385310154862,8.876374542993414
t66,c2,5.472610749518065,5.936770379225135,6.385390815440537,6.92370801203333,7.5074077721251,8.074715640619292,8.75957286750498
t66,c3,5.50329959458533,5.970062099522256,6.421198271588638,6.962534197961315,7.549507180345541,8.119996350064785,8.808694061554815
t66,c4,1.0586666836450715,1.9621863854154564,3.4082930379820278,6.294604346171452,11.625186987530814,20.192803379609277,37.426363261398535
t66,c5,10.591623989791895,11.489952866833127,12.358207378621383,13.400059904685262,14.529745289739953,15.627706008044274,16.95317031856619
t66,c6,5.044924788550292,5.472810221834531,5.886370853661422,6.382618420589701,6.920701891813587,7.443674502054139,8.075009957592922
t66,c7,4.717597982458427,5.083119431542614,5.434143584402069,5.852657353200808,6.303403206403219,6.738696297674885,7.26081328280654
t66,c8,0.05684836049811702,0.17068098593352896,0.45649468695650125,1.3618903621005771,4.063016309671042,10.866736843814369,32.62618907793966
t67,c0,5.323693078157977,5.775222251514498,6.211635075359219,6.735303880710821,7.3031203242239435,7.854990923270852,8.52121219227283
t67,c1,5.575196584842921,6.048057034965872,6.5050870044551345,7.05349512872574,7.648136527133958,8.226078762704407,8.923773856910463
t67,c2,5.483169057977186,5.948224190903657,6.397710150570923,6.937065922584226,7.521891814680747,8.090294190301613,8.776472712302716
t67,c3,5.490652729113744,5.956342589811398,6.406442027755019,6.94653393633108,7.532158024617124,8.101336180887357,8.788451229620598
t67,c4,1.1150041099990629,2.0266420505277996,3.459275888127493,6.2659267534392065,11.34972732710187,19.37285277843723,35.212281037688896
t67,c5,10.502148278576387,11.392888270734982,12.253807959267315,13.286859144210975,14.40700119546011,15.495686582969865,16.80995366235999
t67,c6,4.996942390343716,5.42075819521779,5.830385442157771,6.321913186816461,6.854878933501968,7.372877538958022,7.998208348144425
t67,c7,4.689289963353398,5.0526180953718995,5.401535922414185,5.817538392919403,6.265579538711091,6.698260647107187,7.217244661255489
t67,c8,0.05015350300741891,0.1570928801155837,0.4363763395663352,1.35784226758499,4.225104471687504,11.736595715119545,36.76185137791103
t68,c0,5.368456440221649,5.823782219350241,6.2638645457294215,6.791936530601566,7.364527361494564,7.9210382700173865,8.59286134653175
t68,c1,5.600415283973142,6.075414658749379,6.534511945707837,7.0854007250147415,7.682731908848211,8.26328839328535,8.964139423322125
t68,c2,5.48757729882965,5.953006316824032,6.402853644588664,6.942643036306752,7.527939104201583,8.09679845179365,8.783528632910272
t68,c3,5.472866090706227,5.937047377183124,6.385688745140332,6.924031058548275,7.507758052915805,8.075092390872532,8.759981571841204
t68,c4,1.1911421066833106,2.112345320754899,3.526948320686425,6.233928735064775,11.018553134428375,18.397497365619206,32.62571884229303
t68,c5,10.409734894038404,11.292636842471545,12.145980890275688,13.169941767801355,14.280227157787154,15.359332686139707,16.662034906058075
t68,c6,4.949768497513199,5.369583247382588,5.775343387132191,6.262230838719949,6.7901650947352685,7.303273507591271,7.9227008489624
t68,c7,4.662891314572057,5.024174068329778,5.371127640817191,5.7847881996050985,6.230307069969212,6.660552373221217,7.1766147346630955
t68,c8,0.045524220139947585,0.1473258488996113,0.42137947111071855,1.3544429342057596,4.353595245597248,12.452096327440518,40.29757470595563
t69,c0,5.4096298856599905,5.868447791684343,6.311905335103155,6.844027374827892,7.421009698433327,7.981788774497985,8.658764406703746
t69,c1,5.620964844502923,6.0977071308149355,6.558488979901208,7.111399131149572,7.7109220976805934,8.293608813540398,8.99703147084655
t69,c2,5.48583490959156,5.951116146795279,6.400820641192834,6.940438641570856,7.5255488690639485,8.094227595162907,8.78073972900441
t69,c3,5.450245772368553,5.912508515929822,6.359295570188424,6.895412820110051,7.4767271681208,8.041716613453481,8.723775026951735
t69,c4,1.2928210995804401,2.224248929929322,3.6144721543433866,6.199081004524779,10.631872002245645,17.277115337032466,29.724611791323017
t69,c5,10.315591504319821,11.190508678591012,12.03613526749018,13.050835664424289,14.151079873608438,15.220426205080642,16.51134706802639
t69,c6,4.9039543533037495,5.319883375284766,5.721887874024839,6.204268785168935,6.727316579090049,7.235675755121444,7.849369791276558
t69,c7,4.638711469399212,4.998120758720354,5.343275172038284,5.754790656538411,6.197999248455047,6.6260134757249745,7.13939974905813
t69,c8,0.042427370499664524,0.14059593500422854,0.41074770422414153,1.3517400886546238,4.448475909871237,12.996117328861999,43.06656872102073
t70,c0,5.44673514891206,5.908700138849293,6.355199407716511,6.890971332698381,7.471911243322093,8.036536766497443,8.718155851135105
t70,c1,5.636635011486006,6.1147063634372945,6.576772783538988,7.131224341758645,7.732418662808977,8.316729796965095,9.02211346110986
t70,c2,5.4780329656059585,5.942652480718138,6.391717406238178,6.930567962921311,7.5148460477605425,8.082716000055706,8.7682517776448
t70,c3,5.42316381180961,5.883129598148792,6.32769659300328,6.861149906870692,7.439575737023222,8.001757782008509,8.680427086129917
t70,c4,1.4284170014032478,2.369200985795584,3.7259530537348047,6.161886103511461,10.190370035550666,16.026010701619565,26.581061633506074
t70,c5,10.22092068296488,11.08780834894553,11.925674242425812,12.93106227758535,14.021209050967503,15.080741510353848,16.359815012113554
t70,c6,4.860024169989059,5.272227252276282,5.670630548792464,6.148690236628314,6.667052508659563,7.170857745118149,7.779054239990223
t70,c7,4.617036132405041,4.974766007622447,5.31830761568766,5.727900209129849,6.16903781740116,6.595052059831424,7.106039429814784
t70,c8,0.04053879523209472,0.13640294897798255,0.4039759489426241,1.349775432164768,4.509906399240481,13.356703289235094,44.94197982068263
t71,c0,5.479343919772055,5.944074623497523,6.393247015244701,6.932226524854299,7.516644433932319,8.084650283817814,8.770350117736845
t71,c1,5.647284367301392,6.1262589446560805,6.589198351869408,7.144697441446663,7.747027605464652,8.332442684999856,9.039159038171057
t71,c2,5.464352185479308,5.9278113648526,6.375754800497131,6.913259637643089,7.496078552728927,8.06253031276299,8.746354040734813
t71,c3,5.392050733965112,5.849377663759888,6.291394146035744,6.82178700016845,7.396894360050614,7.955851126520379,8.630626856406792
t71,c4,1.6101158527040058,2.556521287795671,3.866551435213085,6.1228704596653625,9.695860327738453,14.66427948197045,23.283754770120005
t71,c5,10.126904700530957,10.985818398401975,11.81597727726324,12.812117364338182,13.892236545972409,14.942023015914197,16.209331104791524
t71,c6,4.81847124026757,5.227150009689225,5.622146980721848,6.096119285467305,6.610049589609794,7.109547320004284,7.712543769501206
t71,c7,4.598125870178704,4.954390570432658,5.296525115241732,5.704440116582443,6.1437709320085006,6.568040323238669,7.07693481266324
t71,c8,0.039674412498110254,0.1344530528177547,0.4007586096425974,1.3485844425273992,4.538093393049902,13.526505798957789,45.840124254229664
t72,c0,5.5070863798464735,5.974170061078415,6.425616657060085,6.96732507322222,7.55470194796233,8.125583667631359,8.814755267612911
t72,c1,5.652843306881864,6.132289365848408,6.5956844703538735,7.151730368923757,7.754653440394513,8.340644776913601,9.04805679073376
t72,c2,5.445058939002355,5.906881761150464,6.353243621739385,6.888850665157264,7.469611793958745,8.034063555996218,8.715472875217882
t72,c3,5.357387183182967,5.811774122974473,6.250949040596012,6.777932190232077,7.349342392176005,7.904705827051633,8.575143666971222
t72,c4,1.8553858773442367,2.798465701937434,4.042349556550322,6.082576493826652,9.152532774732578,13.220721904019852,19.940723520117746
t72,c5,10.034692099860642,10.885784783495406,11.708384481002339,12.695454010905323,13.765737946556921,14.805965371222339,16.061733727261085
t72,c6,4.779754961734274,5.1851500089381135,5.576973190611467,6.047137141451178,6.5569380303061795,7.052422310730254,7.650573701010424
t72,c7,4.582215028330569,4.937246949956478,5.278197610551215,5.684701108323504,6.122511712402458,6.545313009157734,7.052446576857406
t72,c8,0.039753926403287745,0.13461576938929867,0.40095910781337896,1.3481962126078437,4.533212969278969,13.502378183002287,45.72210073669129
t73,c0,5.529658804419749,5.998656966456386,6.451953950017584,6.995882718562292,7.585667131388179,8.158888778864528,8.850885152762018
t73,c1,5.653315541829052,6.132801653415497,6.596235469654302,7.152327819946141,7.755301259228166,8.341341549092116,9.048812659663566
t73,c2,5.420499420146907,5.880239226034681,6.324587805839263,6.857779034951128,7.435920685423156,7.997826531273482,8.676162406256774
t73,c3,5.319694931125039,5.7708850015321165,6.206970074957875,6.730245599771019,7.297635607425509,7.849091746103317,8.514812676233234
t73,c4,2.187961066345314,3.1097320308851426,4.259397673333457,6.04155496318889,8.569377450184561,11.737469984782894,16.682374716201487
t73,c5,9.945386184260856,10.788904384232755,11.604183177577717,12.58246806842537,13.643226780395572,14.674196475808586,15.91878884939553
t73,c6,4.744298692935083,5.146686515735455,5.535603149235862,6.002279419314923,6.508298600217525,7.0001073734298,7.593821670878609
t73,c7,4.56951091846099,4.923558520383075,5.263563901320371,5.668940375357167,6.105537157303832,6.527166244965086,7.032893793845742
t73,c8,0.040785752880507356,0.13690558723667454,0.4045964741997984,1.3486333186685884,4.495372412278815,13.285154133839642,44.594293344338645
t74,c0,5.546829962364611,6.01728449662981,6.471989095809976,7.0176069173552,7.609222777954674,8.184224441123556,8.878369659905287
t74,c1,5.648778081827286,6.127879348620153,6.590941203946979,7.146587223801737,7.7490767049811895,8.334646627614617,9.04154990823869
t74,c2,5.391092216257999,5.8483378493473515,6.290275756578943,6.820574325444781,7.395579451387554,7.954436854927588,8.629092633330359
t74,c3,5.279527551624934,5.72731082464619,6.16010315387037,6.67942758621291,7.242533406511338,7.789825669574716,8.450519945810395
t74,c4,2.6347585197033605,3.5031770879609727,4.520341435282257,6.0003577007977125,7.964949783770977,10.27761133208334,13.665120453458494
t74,c5,9.860035457776409,10.696314633557932,11.504596751659708,12.474486058404782,13.52614140073061,14.548263374108837,15.782174728246707
t74,c6,4.712488337404027,5.112178164034026,5.498487125213544,5.962034347348969,6.4646606874774415,6.953171900198326,7.5429053642072335
t74,c7,4.560193217694798,4.913518880295463,5.252830955438112,5.657380825326208,6.093087341718802,6.513856684487603,7.018553003100124
t74,c8,0.042868647091653354,0.14148406963080215,0.4118471153348028,1.3499117128259928,4.424607007246936,12.879624096055014,42.50802756916498
t75,c0,5.558446082851345,6.0298858386918655,6.485542676077598,7.032303125465713,7.62515794258003,8.201363768963715,8.89696266030281
t75,c1,5.639379697587777,6.117683840165508,6.579975257500261,7.134696798694307,7.736183863499394,8.320779520362015,9.02650666190694
t75,c2,5.3573195594143375,5.811700763694066,6.250870137818001,6.777846635594612,7.349249624897383,7.904606049682617,8.575035426981936
t75,c3,5.237461044952621,5.681676446065243,6.11102034903783,6.626206879932822,7.184825955060367,7.727757473073975,8.383187433533696
t75,c4,3.206090670575128,3.973451694530029,4.814584205062206,5.959530881427341,7.376755045501847,8.938326436830357,11.077668093621028
t75,c5,9.779625975348477,10.609085218688804,11.410775722891152,12.372755494472614,13.415834492207075,14.429620968293277,15.653469663551972
t75,c6,4.684671537050005,5.082002081000692,5.466030743858237,5.926841746907355,6.426501192360449,6.912128828952964,7.498381223756837
t75,c7,4.554413524998328,4.907291374610788,5.246173397904995,5.650210532078455,6.0853648241133556,6.5056008742383575,7.009657529247305
t75,c8,0.04621052498067753,0.14868294699759946,0.4230620179668862,1.3520406352569063,4.32091230541282,12.294711103724707,39.558388054458675
t76,c0,5.564434206454621,6.036381845161573,6.49252956244832,7.039879037816632,7.633372538453421,8.210199112372997,8.906547373603885
t76,c1,5.625337925010544,6.102451114264863,6.563591449158865,7.1169317615400205,7.7169211537241695,8.300061196724362,9.004031113085922
t76,c2,5.319717584370297,5.770909576112986,6.206996506551647,6.730274259667158,7.297666683479935,7.849125170463676,8.514848935481625
t76,c3,5.194084672658824,5.6346211055744675,6.060409205302396,6.5713289888988315,7.125321610719101,7.663756598934537,8.313758323511756
t76,c4,3.827705993827624,4.4512378388007106,5.094830749441467,5.9196089108938486,6.877906525506347,7.872365154807163,9.15477043284948
t76,c5,9.705075490756924,10.528211732717052,11.32379091776145,12.278437478612824,13.313565042934147,14.319623383685206,15.534142630810786
t76,c6,4.661157347973716,5.056493535337745,5.438594608925108,5.897092622265464,6.3942440825628815,6.8774341651076485,7.460743931052949
t76,c7,4.5522950225273995,4.905008729689413,5.243733120744087,5.647582315534706,6.082534193924502,6.502574769680372,7.006396960852591
t76,c8,0.05117018599211948,0.15905338472163763,0.4388018517273601,1.35502254327105,4.184317102457345,11.543835398323115,35.88195073309901
t77,c0,5.564803797340727,6.036782782908746,6.492960797622468,7.040346628057639,7.633879548657117,8.210744435518613,8.907138948346946
t77,c1,5.6069347222413715,6.082487043351813,6.54211876503871,7.093648833465661,7.691675369979467,8.27290767968484,8.974574569759463
t77,c2,5.278865938040635,5.726593096287727,6.159331189355093,6.678590541613149,7.241625795282942,7.788849473422329,8.449460953554768
t77,c3,5.1499922325619085,5.586788963970356,6.0089625603806835,6.515545160166631,7.064834954052592,7.59869918265201,8.243183060696099
t77,c4,4.235381333885313,4.7450398877638325,5.252876769509833,5.881109002170349,6.5844763951385445,7.289178576686095,8.166311453160333
t77,c5,9.637229233651029,10.454611093467669,11.244628542285696,12.19260135844807,13.220492551353917,14.219517737863658,15.4255465219136
t77,c6,4.642216269678629,5.035945968971406,5.416494336693862,5.873129197576471,6.368260433274927,6.849487024673257,7.430426453141781
t77,c7,4.553932196368961,4.906772752439506,5.245618961326678,5.649613395240502,6.084721698430123,6.504913336329289,7.0089167206157725
t77,c8,0.05833525053028277,0.17345282587602553,0.4598948856492962,1.358853056012095,4.015007962583626,10.645439868204699,31.65293045025788
t78,c0,5.5596465592722675,6.031188133553109,6.486943380688826,7.033821915782479,7.626804773759,8.203135045265991,8.898884167452886
t78,c1,5.584510936990688,6.058161384144626,6.515954903046564,7.065279240102211,7.660914092158587,8.239821882471592,8.938682599754843
t78,c2,5.235377087971363,5.679415738215885,6.108588807607797,6.623570348611983,7.181967152277939,7.724682640822765,8.379851809301389
t78,c3,5.105773964105136,5.538820321870622,5.957369100110661,6.459602138891208,7.004175684194687,7.533456109418555,8.172406394430169
t78,c4,4.271267743602983,4.760996022478743,5.246635371747955,5.844526468931465,6.510551472659393,7.174652002388439,7.9972719334205165
t78,c5,9.576857104490866,10.389118500529214,11.174186909088625,12.116221178402094,13.137673178220782,14.130440001861698,15.328913655307577
t78,c6,4.628080501958005,5.020611275726726,5.400000855702103,5.855245241873584,6.3488687795820145,6.828630013288713,7.407800453768844
t78,c7,4.559390578894308,4.912654052707684,5.251906405592091,5.656385070729247,6.092014898495068,6.51271018172638,7.017317668829261
t78,c8,0.06866300239774925,0.1931902039300932,0.4875253332828565,1.3635209152804806,3.8135234406960343,9.623620911338111,27.07701704678534
t79,c0,5.549134467381492,6.019784458302436,6.47467797061625,7.020522476414568,7.61238413177034,8.18762468710402,8.882058297841155
t79,c1,5.558459778512354,6.029900695950735,6.485558656046212,7.0323204526176335,7.625176730488872,8.201383976607417,8.896984581858364
t79,c2,5.189885662715156,5.630065956488113,6.055509839943623,6.566016584980439,7.119561347230765,7.657561053002415,8.307037302182739
t79,c3,5.062009230073368,5.491343680730496,5.906304819547447,6.404232909554563,6.944138579519553,7.468882216158378,8.10235566465517
t79,c4,4.246279793537174,4.733141961344332,5.21593902543212,5.810330736798598,6.472457424517086,7.132670760079603,7.950475454389295
t79,c5,9.524652047818453,10.332485670553895,11.113274539352675,12.050173621633457,13.066057515030918,14.053412599964116,15.245353172221053
t79,c6,4.61894431168761,5.010700199229822,5.3893408347156235,5.843686533120149,6.33633561963644,6.815149767415473,7.39317688047488
t79,c7,4.568706484197474,4.922691758219051,5.262637283302386,5.667942393306759,6.104462315078013,6.52601717753428,7.031655696193631
t79,c8,0.08373609408291927,0.22026493849904133,0.5233617597785132,1.3690079647181812,3.5810465179094693,8.508765944471792,22.382018506928638
t80,c0,5.533516095985268,6.002841414311046,6.456454601582673,7.000762795318946,7.590958620588445,8.164580126917606,8.85705921265516
t80,c1,5.52921951529305,5.998180419010447,6.451441391591025,6.995326949152529,7.585064508114769,8.158240617512575,8.85018201758736
t80,c2,5.143038127609034,5.579245046416585,6.000848576045217,6.506747130417671,7.055295210781799,7.588438555211182,8.232052177859542
t80,c3,5.01926007432427,5.4449687541727325,5.8564255061845945,6.3501485454886994,6.8854946600427605,7.405806786103187,8.033930490282678
t80,c4,4.22335506770637,4.7075887743058225,5.187779323782168,5.778962045708074,6.437514057823623,7.094163047548488,7.9075525951152015
t80,c5,9.48122934925333,10.28538007462783,11.062609342559025,11.995237120625063,13.006489619630509,13.989343372440018,15.175849911420274
t80,c6,4.614964403527147,5.00638273505038,5.384697115259356,5.838651327204914,6.33087592319104,6.809277501299279,7.386806557948172
t80,c7,4.581886718415798,4.93689320245329,5.277819434364163,5.684293806674666,6.122073042177238,6.544844045754031,7.051941277974604
t80,c8,0.10623298520089382,0.2577556949197162,0.5697324543329397,1.3752891512925967,3.319839400543969,7.338034762926328,17.804453542243074
t81,c0,5.513111386171292,5.980706078478697,6.432646577843845,6.974947647980962,7.562967140094626,8.134473430677295,8.8243990161536
t81,c1,5.497265634795613,5.963516369268705,6.414157903986139,6.954900295669976,7.541229705718645,8.111093376380206,8.799035981914804
t81,c2,5.095483058042796,5.527656592330445,5.9453617675849895,6.446582534169425,6.990058468172805,7.51827210603497,8.155934559386234
t81,c3,4.978065709360801,5.400280488023409,5.808360308105451,6.298031234793195,6.828983625392299,7.345025415327788,7.967993945890244
t81,c4,4.202794851351413,4.684671202337986,5.162524079174791,5.7508287942854395,6.406174831143636,7.05962710994044,7.869056899255546
t81,c5,9.447126598780207,10.248384898444913,11.02281857365197,11.952091810737286,12.959706965853185,13.939025521374562,15.121264350446845
t81,c6,4.616260203382166,5.007788438205379,5.3862090423580655,5.8402907165656455,6.332653520456393,6.811189425211893,7.388880641739485
t81,c7,4.598908257796083,4.955233577767256,5.297426337996894,5.705410747538904,6.144816316679763,6.569157898869358,7.078138978517494
t81,c8,0.140796945410769,0.3104316404938993,0.6298327165960856,1.3823325545951686,3.03389017614186,6.155439852888181,13.571624625227496
t82,c0,5.488305051896237,5.953795794286775,6.403702780030593,6.943563757689752,7.528937446542809,8.097872235283512,8.784693489376062
t82,c1,5.463102705322436,5.926455910002208,6.374296918787114,6.911678849940661,7.494364497505531,8.060686732536455,8.744354097201173
t82,c2,5.047862222311712,5.4759967941203955,5.889798223781396,6.386334733442859,6.924731506573331,7.448008620342879,8.07971167424231
t82,c3,4.938937944490888,5.357834100710837,5.762706399602811,6.248528496242562,6.775307583090891,7.287293267101206,7.905365243940121
t82,c4,4.184872817952258,4.664694297273165,5.140509459798078,5.726305459369184,6.378856895497154,7.029522649141159,7.8355007763524815
t82,c5,9.42280407079834,10.221999454590108,10.994439276476964,11.921320011029849,12.92634096487735,13.903138171423379,15.082333213932552
t82,c6,4.62291398073813,5.015006555868933,5.393972607274591,5.84870878496085,6.341781269920496,6.821006925952309,7.399530814072472
t82,c7,4.619717898857974,4.9776555584528595,5.321396709760377,5.7312272116020155,6.172621050928286,6.598882740134155,7.110166912816778
t82,c8,0.19558970980161358,0.3856108645695828,0.7078597274081321,1.3900994508611906,2.7298861744262357,5.011208606483363,9.87974513201431
t83,c0,5.459538866986378,5.922589804620654,6.3701386656936005,6.907170037388419,7.489475571753763,8.055428368207265,8.738649744558248
t83,c1,5.427256172745574,5.887569052788949,6.332471521301674,6.866327383124225,7.445189697837025,8.007795969697922,8.686977402872591
t83,c2,5.000802631153803,5.424945842457275,5.834889534873717,6.3267969948284835,6.860174468519231,7.378573238555971,8.004387128658836
t83,c3,4.902357526770362,5.3181511138654765,5.72002471182551,6.202248550007131,6.7251260290077965,7.233319673029248,7.846813878017569
t83,c4,4.169836692134842,4.647934186893538,5.122039759435483,5.70573101108806,6.355937848963519,7.004265779557105,7.8073480508956195
t83,c5,9.40864528843932,10.206639794719845,10.977918942221311,11.903406938212012,12.906917739365594,13.882247202450921,15.059670376857959
t83,c6,4.634970755085164,5.028085925860445,5.408040338327119,5.86396248908245,6.358320929980852,6.83879642877854,7.418829134065214
t83,c7,4.644231896592253,5.004068910902822,5.3496340847997725,5.76163930471155,6.205375349301012,6.633898946768853,7.1478961896702895
t83,c8,0.28467398258667176,0.49390209084790976,0.808661565108344,1.3985444197518055,2.4187207336320733,3.960150261079203,6.870759583459347
t84,c0,5.427303105672459,5.8876199663333075,6.332526282199899,6.866386760612738,7.445254081115171,8.007865218189387,8.687052524676746
t84,c1,5.390264307661374,5.847439721660565,6.28930976060538,6.819526891661154,7.394443714219794,7.9532152941771255,8.62776746587159
t84,c2,4.954909654566759,5.375160451811608,5.781342040888704,6.268735205997666,6.797217809461053,7.310859170663491,7.930929890254601
t84,c3,4.8687713341856975,5.281716307442392,5.68083665781041,6.159756766590485,6.679051996925686,7.183763991657954,7.793055130181663
t84,c4,4.157907389687054,4.634637116344599,5.107386341100144,5.689407736115356,6.337754425837467,6.984227583560935,7.7850123521403285
t84,c5,9.40495756425602,10.202639296109544,10.97361614028496,11.898741390698635,12.901858865189755,13.876806047305033,15.053767729990241
t84,c6,4.651626166265657,5.04641096182822,5.427997487857757,5.88590013085032,6.382431168739641,6.865041434872166,7.447679394699943
t84,c7,4.672335617979748,5.034350120284082,5.382006418738261,5.79650481301523,6.24292604526207,6.674042775040991,7.19115037841324
t84,c8,0.4294366983558175,0.6476810721345339,0.9355217364712866,1.4076155027502057,2.117942669142384,3.05919300227929,4.613907966340141
t85,c0,5.3921274250628075,5.849460859415122,6.291483628488135,6.82188402639448,7.396999566024371,7.955964282532091,8.630749609748717
t85,c1,5.352670493149532,5.806657386747444,6.245445650971339,6.7719648400824894,7.342871967540225,7.897746455642241,8.567594036286279
t85,c2,4.910761251625259,5.327267600872726,5.729830099045619,6.212880575519616,6.736654382142727,7.245719182446445,7.860265052163551
t85,c3,4.838590334379832,5.248975505316343,5.645621750742855,6.1215730842985465,6.637649258290747,7.139232596618866,7.744746803660008
t85,c4,4.1492783897856995,4.625018748384086,5.096786865906722,5.677600378665435,6.324601539736395,6.969733056992336,7.768855938703781
t85,c5,9.411972340075947,10.21024903033161,10.98180091481819,11.907616178577772,12.911481837646708,13.887156193262992,15.064995723859399
t85,c6,4.360382221605027,4.827456933207822,5.287668989320042,5.8506291858429575,6.473525846526023,7.090661261993248,7.850197558515329
t85,c7,4.703883248871105,5.068342074706495,5.418345750035416,5.835642839315671,6.285078309709872,6.7191059415673635,7.23970505777947
t85,c8,0.6473585340197395,0.8490547321043007,1.0822761646491477,1.4172544224481802,1.8559127176196075,2.3657015525616094,3.102778433268755
t86,c0,5.354571479213094,5.80871960499574,6.247663703653345,6.7743698845925895,7.345479768131477,7.900551318367291,8.570636793519714
t86,c1,5.315016011771475,5.7658092395062,6.201510755807674,6.724326035435334,7.291216997162904,7.842188104493369,8.507323502072191
t86,c2,4.868903308402034,5.28185947505548,5.680990644086329,6.159923734602802,6.679233041093232,7.183958716683647,7.79326637081571
t86,c3,4.8121882029728775,5.220334076415334,5.6148159918262595,6.088170261199318,6.601430426804752,7.100276837991926,7.70248701130459
t86,c4,4.144115274286695,4.61926364984894,5.090444727156219,5.670535510088671,6.316731581356348,6.961060335282685,7.759188835959989
t86,c5,9.42984518430482,10.229637760330327,11.00265478157546,11.930228120199267,12.936000067759391,13.913527178053013,15.093603364442309
t86,c6,3.391628512996427,4.047701136488299,4.741669757170514,5.653109471970309,6.739745351044954,7.8952584749886485,9.422507972091132
t86,c7,4.738697602048072,5.105853858412619,5.458447978895353,5.878833564950992,6.331595394518821,6.768835349145522,7.293287520490273
t86,c8,0.8932702547983246,1.0506130467458137,1.2147648932596167,1.4273968719793868,1.6772478703013491,1.9393075656612162,2.2809019097994474
t87,c0,5.315215542085319,5.766025692989045,6.201743565903574,6.7245784724705695,7.291490715776832,7.842482507040842,8.507642874379743
t87,c1,5.277833454919423,5.725473043082481,6.158126497747918,6.677284289079245,7.2402094197789,7.787326067503452,8.447808339921407
t87,c2,4.82984603473706,5.2394895576613125,5.63541898405945,6.11051017844477,6.625653699661673,7.1263305766646825,7.730750498532167
t87,c3,4.789900483103177,5.196156022978122,5.58881088964251,6.059972811810945,6.570855805471146,7.067391802226965,7.66681283033596
t87,c4,4.142555372713403,4.617524895939375,5.088528614255615,5.66840104309677,6.314353877340014,6.9584400971256635,7.756268171337605
t87,c5,9.458655344163457,10.260891454681701,11.036270205469606,11.966677475684447,12.975522268028785,13.956035929189706,15.139717496463923
t87,c6,2.4461505455721153,3.218099627211118,4.113277218582055,5.4027582739174,7.096481811271002,9.070507550345638,11.9329519678258
t87,c7,4.776570082685527,5.146660714563733,5.502072827482847,5.925818206946969,6.382198586391516,6.82293303741916,7.351576720097309
t87,c8,1.0078954663532447,1.1398201504171972,1.2724441931113721,1.437972883345124,1.6250347358494373,1.81411603618259,2.051567927691406
t88,c0,5.274651392405636,5.722021093849959,6.15441369709761,6.673258482616865,7.235844219705151,7.782631004922623,8.442715065479966
t88,c1,5.241640840312732,5.686210750882612,6.115897295001002,6.631494974399619,7.1905598597008815,7.733924668314718,8.389877699606682
t88,c2,4.794061333842268,5.200669776385924,5.593665731199833,6.065236938370951,6.576563721602409,7.073531045100062,7.6734727732604755
t88,c3,4.7720241618328245,5.176763521032559,5.5679529659059055,6.037356471188487,6.546332805501914,7.041015687139451,7.638199624329233
t88,c4,4.144707457828767,4.6199237308864785,5.091172138772386,5.671345815203648,6.317634226247859,6.962055053115828,7.760297604327749
t88,c5,9.49840479231984,10.304012253365611,11.082649488191104,12.016966740766655,13.030051144589793,14.01468535730089,15.203341277417032
t88,c6,1.7842625777407595,2.579816100203086,3.588206219480456,5.177039557960181,7.469397505410161,10.389011287500175,15.021185177027597
t88,c7,4.817260874019662,5.190504245293666,5.548944053792258,5.976299248357196,6.436567454938684,6.881056448089669,7.414203556742858
t88,c8,1.0181794264209973,1.1504237956038728,1.2832571816674543,1.4489072823435865,1.6359404356501805,1.8248338750036983,2.0618490792017288
t89,c0,5.233473679540495,5.677350892147135,6.106367928530373,6.621162239428605,7.179356028647653,7.721874203948542,8.376805174777223
t89,c1,5.20693648637213,5.648562946217745,6.075404580819269,6.587588542089931,7.14295191745445,7.682719164691709,8.334329199799866
t89,c2,4.761981030282308,5.165868581006169,5.556234734353153,6.024650339953347,6.532555490193042,7.026197269546184,7.622124382244376
t89,c3,4.758817538932444,5.162436778051345,5.552543602362463,6.020648028916155,6.5282157663146165,7.021529608305349,7.617060833188327
t89,c4,4.150651445015609,4.626549232864599,5.098473465166775,5.6794791773771465,6.326694440333907,6.972039440783922,7.7714267636219905
t89,c5,9.549016751353058,10.358916867082094,11.141703046566441,12.080998780007498,13.099481373049201,14.089362179006853,15.284351815788993
t89,c6,1.3553785647306154,2.129019588307828,3.189130499945465,4.996401713303361,7.827848399784094,11.72559905873975,18.41849261181316
t89,c7,4.86049941035819,5.237092921368031,5.598749996502219,6.029941025080072,6.494340484690243,6.942819100571873,7.48075160516565
t89,c8,1.0260590189285006,1.1593268145463764,1.2931881853898626,1.4601202362392989,1.648600821103835,1.8389560885898248,2.0778055306232512
t90,c0,5.192271948702403,5.632654635386332,6.058294136017909,6.569035609750353,7.12283488938224,7.6610819649886945,8.310856840414983
t90,c1,5.17419465716442,5.613044117874417,6.037201722060852,6.546165010326044,7.098036195449335,7.634409322733871,8.281921957281183
t90,c2,4.733995821882798,5.135509806394385,5.523581856072315,5.989244677010634,6.494164970446773,6.984905715969236,7.577330684426675
t90,c3,4.750500268567636,5.153414078174116,5.542839089429279,6.010125381847178,6.51680601271847,7.009257660568542,7.603748039870132
t90,c4,4.160438058744073,4.6374579422172335,5.110494901095425,5.692870537654963,6.341611837153609,6.988478464346961,7.789750622626327
t90,c5,9.610333724738851,10.425434441234902,11.21324711513056,12.158574335685788,13.183596897362754,14.179834011683297,15.3824970194169
t90,c6,1.0777864648582327,1.815314280360153,2.8943947885403176,4.860351524340033,8.161642991372261,13.013183004029335,21.91808647667676
t90,c7,4.90598520620602,5.2861029755509,5.651144530035383,6.08637075447305,6.555116182928861,7.0077917763310795,7.550758390800832
t90,c8,1.0340754371325585,1.168384430540325,1.3032916366722829,1.4715278982021802,1.6614810486440819,1.853323528272222,2.094039058883229
t91,c0,5.151623458903002,5.588558542817977,6.010865859952507,6.517608916462153,7.067072694296093,7.601106020896618,8.245794034991953
t91,c1,5.143861960040777,5.580138752218454,6.001809815987885,6.507789407215584,7.05642535620673,7.589654101670872,8.233370820925304
t91,c2,4.7104548092754674,5.109972162161881,5.4961144236951345,5.959461616409236,6.461871063735514,6.95017147459949,7.539650457429547
t91,c3,4.7472534637922905,5.149891895563358,5.539050748116343,6.0060176663041815,6.512351998259804,7.0044670722183975,7.59855113763865
t91,c4,4.174088440819508,4.652673424788109,5.127262416200691,5.711548825096751,6.362418642429634,7.011407636664234,7.815308765968402
t91,c5,9.682115108850711,10.503303965394387,11.297000959832165,12.249389006605675,13.282067653943189,14.28574585002195,15.497391773207596
t91,c6,0.8946906228951714,1.596038098103723,2.679021934052268,4.763138177062402,8.468570191761149,14.214877026271918,25.357911118341494
t91,c7,4.953389108817857,5.337179752205705,5.705748507358499,6.1451800892708,6.618454753284059,7.075504308050297,7.623717317572617
t91,c8,1.0421674610666674,1.1775274721760394,1.3134903772461042,1.4830431499375663,1.6744827542536627,1.8678264724578146,2.1104256914005135
t92,c0,5.1120868808516935,5.545668668822902,5.964734952070013,6.467588965336208,7.012835836070473,7.542770677898661,8.182510978289494
t92,c1,5.116354451056196,5.55029819311048,5.969714312897106,6.472988108701088,7.018690151531187,7.549067382973251,8.189341738576408
t92,c2,4.691665452447807,5.08958918552336,5.474191178646884,5.935690143091847,6.436095548184069,6.922448195821286,7.509575828007029
t92,c3,4.749219766766696,5.1520249705780685,5.541345011956366,6.008505346916069,6.5150494015483,7.0073683085950265,7.601698442457546
t92,c4,4.191593687538188,4.672185756008952,5.148765073573562,5.735501856458367,6.389101284554339,7.040812001776571,7.848084522896084
t92,c5,9.764034506006437,10.592171358450056,11.392583742921692,12.353029848680546,13.394445885658072,14.406616101490446,15.628513638344973
t92,c6,0.7716692865936565,1.4420842543402064,2.5234189525029356,4.698709413009517,8.74918931951652,15.309695034431595,28.61053372405367
t92,c7,5.00235503658474,5.389939580372676,5.762151762408655,6.205927274229491,6.6838804184717135,7.145448062770779,7.69908034342957
t92,c8,1.0502721615531185,1.1866848368348697,1.3237050946472018,1.494576440879528,1.6875048276727114,1.8823521362167284,2.1268379943812707
t93,c0,5.0741969169559695,5.504565066607843,5.920525298116745,6.419652238496357,6.960857827318188,7.486864877523904,8.12186352593397
t93,c1,5.092055381440785,5.523938197244118,5.941362386723723,6.442245987493949,6.985356331086857,7.513214645320869,8.150448150003985
t93,c2,4.677893805961837,5.074649496465762,5.458122550891337,5.9182668576659285,6.417203401346686,6.902128437233095,7.487532648540996
t93,c3,4.756503303573366,5.159926260757284,5.549843374284315,6.017720159452976,6.525041064272671,7.018115005421038,7.613356620667423
t93,c4,4.21291431600262,4.695950926024556,5.174954374199402,5.764675605932741,6.4215995811126625,7.076625238451702,7.888003968038774
t93,c5,9.855676902865095,10.69158640769316,11.499511230731375,12.468971805164133,13.520162271113305,14.541832423119683,15.775198335974329
t93,c6,0.6883330711200414,1.3346230756094495,2.4136544917524914,4.662001246291104,9.00470870817933,16.284939184417265,31.575201791560414
t93,c7,5.052502257071151,5.44397222830922,5.819915734136448,6.268139972262194,6.750884464085945,7.217079195878556,7.776261486451388
t93,c8,1.0583255542467307,1.1957842296821997,1.3338551465365758,1.5060367189194837,1.7004444632710862,1.8967858434933222,2.1431463972804945
t94,c0,5.038459843828315,5.465796952649958,5.8788276168884295,6.374439254992579,6.911833185729129,7.434135619672111,8.064662034641973
t94,c1,5.071313502127771,5.501437094872493,5.917160956780627,6.4160042680373275,6.956902316524115,7.482610462971636,8.11724827309563
t94,c2,4.669364892479396,5.0653972029541166,5.4481710947565745,5.907476448971593,6.405503312614541,6.889544214775794,7.473881094913386
t94,c3,4.769169460794468,5.173666698447917,5.564622127550052,6.033744828161808,6.542416684706306,7.0368036391465,7.633630331371091
t94,c4,4.237979673332221,4.72389018116582,5.205743531258919,5.798973396752528,6.459805838362378,7.11872866780836,7.934934815249502
t94,c5,9.95653592026243,10.800999785396844,11.617192584809047,12.59657422726244,13.658522151936976,14.690647663697039,15.93663534523261
t94,c6,0.6325250328469239,1.2616294258534813,2.340180598905239,4.649108372122317,9.236128470533076,17.131978862268536,34.171309487080244
t94,c7,5.103428246139713,5.498843984140783,5.878576759896859,6.33131881147219,6.818929058809285,7.289822735126238,7.854641225302385
t94,c8,1.0662633119156608,1.2047529684615457,1.3438594584197925,1.5173324440083502,1.7131983044920203,1.9110123036927298,2.1592206351956524
t95,c0,5.005349940883821,5.429878832385841,5.840195293151442,6.3325500524187195,6.866412534768033,7.385282693088792,8.011665645760514
t95,c1,5.054441832654259,5.4831344542932685,5.897475251323355,6.394658968973179,6.933757512639547,7.457716689301888,8.090243133334372
t95,c2,4.666263086910009,5.062032317660918,5.444551937155096,5.903552180088697,6.40124821019541,6.884967569534307,7.468916281381148
t95,c3,4.787244441120984,5.1932747087229005,5.58571184480728,6.056612503542349,6.5672122080853885,7.063472871260123,7.662561515132476
t95,c4,4.266687316004494,4.755889332128556,5.241006707738803,5.838255051921273,6.5035639051853265,7.166950210767207,7.988685255521162
t95,c5,10.06601137835162,10.919760407444233,11.744927520947236,12.735077793656211,13.808702192603693,14.852176271185629,16.11186400596281
t95,c6,0.596949278643506,1.2154961097638044,2.2966278272214034,4.657159882647738,9.443906372407016,17.843856511197007,36.33330158607345
t95,c7,5.154712153505122,5.5541013899273395,5.937650067378558,6.394941684523069,6.887451884901293,7.363077530888529,7.933571833034868
t95,c8,1.0740215262562167,1.2135188442562903,1.3536374837963507,1.5283726722474211,1.7256636678835888,1.924916977044804,2.174931291568423
t96,c0,4.975306737858439,5.397287514277963,5.805141166072957,6.294540704592857,6.825198827779618,7.340954614139505,7.963577879588354
t96,c1,5.041716795420295,5.46933014267988,5.882627797411701,6.378559807844649,6.916301119739824,7.43894117942489,8.069875178076009
t96,c2,4.6687323999760535,5.064711065581884,5.447433108445007,5.906676247091105,6.40463565011254,6.88861098613172,7.4728687144564585
t96,c3,4.810714576737973,5.218735464531198,5.613096578577915,6.086305893672311,6.599408884700719,7.098102535204457,7.700128294967008
t96,c4,4.298902399703213,4.7917980738640145,5.280578266948692,5.882336059321702,6.552668243054105,7.221063363150876,8.049002814575463
t96,c5,10.1834074528863,11.047113433236571,11.881904157951528,12.883602177910765,13.969747851196578,15.025391572360842,16.299770567622826
t96,c6,0.5772964144120026,1.1915607079998118,2.2789445172771683,4.684155759581665,9.627840877072806,18.413929758437067,38.00701794132934
t96,c7,5.205918880531617,5.609275635410299,5.996634471769084,6.458468807558844,6.955871586734389,7.436222080956713,8.012383653191122
t96,c8,1.081537507975526,1.2220110254896226,1.3631102125397394,1.5390681944358313,1.7377398286163257,1.9383875085536906,2.1901514183801853
t97,c0,4.948732990036908,5.368459913311504,5.774135166735917,6.260920759904139,6.788744570376528,7.301745639303631,7.921043394484347
t97,c1,5.033377615922081,5.460283675445498,5.872897721107463,6.3680094422973355,6.904861310872812,7.426636905248236,8.056527316550094
t97,c2,4.676876569473089,5.073545983036528,5.456935648911701,5.916979894505266,6.415807941396903,6.900627527381865,7.485904438979872
t97,c3,4.839525401674222,5.249989880368762,5.6467127784783715,6.122756090584627,6.638931997333346,7.140612267648401,7.746243491525473
t97,c4,4.334457132420452,4.8314293759756834,5.324252100736308,5.930986823376406,6.6068630924144,7.280786277034383,8.115573328884485
t97,c5,10.307931722577035,11.18219923225118,12.027197906105034,13.041144843233027,14.140572072556877,15.209124367205975,16.4990866644647
t97,c6,0.5712232204847089,1.187244309994662,2.284847956521113,4.728837245313257,9.787041465424197,18.835130650373404,39.147396132963195
t97,c7,5.256603753645789,5.663887593523282,6.055017759002066,6.521348518045136,7.023594015159186,7.5086212061201065,8.090392292611677
t97,c8,1.088750611491665,1.2301609897393313,1.3722012103039867,1.5493327096495872,1.7493293455544758,1.951315206068093,2.2047582061987288
t98,c0,4.925993272859017,5.343791526402102,5.7476026783388185,6.232151463270022,6.757549892499562,7.268193691547115,7.884645737365442
t98,c1,5.029625893653392,5.456213750750453,5.868520246806248,6.363262927202519,6.8997146431838505,7.421101322348445,8.050522233035958
t98,c2,4.690758889325523,5.088605732225179,5.473133409311625,5.934543199038915,6.434851911583246,6.921110582064751,7.50812476450332
t98,c3,4.873580507333528,5.28693337074168,5.686447955864217,6.1658411223356495,6.68564929125558,7.190859819849032,7.8007527912339425
t98,c4,4.373150354696529,4.87455901483115,5.371781113873096,5.9839320906757125,6.665841832859261,7.345781055654927,8.188020159737551
t98,c5,10.438695421418593,11.324053657769905,12.179771761581499,13.206581361704973,14.319955634430228,15.402063301215515,16.70838971941484
t98,c6,0.5778300736801838,1.201590794308815,2.3135166988494626,4.7906078604581825,9.919929985418724,19.099616759202195,39.717426831934
t98,c7,5.306317752136159,5.717453453243781,6.112282707595806,6.583023760383199,7.0900192126118995,7.579633517642907,8.166906667495354
t98,c8,1.095603068524211,1.237903465597741,1.380837669135209,1.5590840114720004,1.760339400611768,1.9635965342854118,2.218634672228384
t99,c0,4.907413077216441,5.323635450960273,5.725923480596565,6.208644611545372,6.732061307332609,7.240779025453042,7.854905895620261
t99,c1,5.030625256324446,5.457297874393658,5.869686293783296,6.364527277189974,6.901085583568108,7.42257585977856,8.052121833398349
t99,c2,4.710401730161514,5.1099145811414335,5.496052491483574,5.9593944630333855,6.461798249027714,6.950093157545483,7.539565497912472
t99,c3,4.912740228628632,5.329414424864515,5.732139150823587,6.2153842907592,6.739369171850232,7.248639119071385,7.863432643292827
t99,c4,4.414747320275297,4.920925329068173,5.422876954621056,6.0408506498407775,6.7292466487895375,7.415653384968524,8.265903782553558
t99,c5,10.574715211411686,11.471609969954272,12.33847837484036,13.378667657053715,14.506549579312365,15.602757481006705,16.92610578152873
t99,c6,0.597458321222891,1.2350886222693285,2.3654735191456595,4.869506692728167,10.024248945762253,19.1986995936828,39.688283832067086
t99,c7,5.354613223341365,5.769490877596494,6.167913671908853,6.642939176178792,7.154549049444459,7.648619580935097,8.241237799594792
t99,c8,1.1020408132034838,1.2451773649487532,1.3889514473937792,1.568245162154896,1.7706831244800005,1.9751345935552367,2.231671331185197
t100,c0,4.893278282727685,5.308301813492147,5.709431135162606,6.190761887132922,6.712670988733461,7.219923450050507,7.832281454022186
t100,c1,5.036501021295005,5.463671992530159,5.87654208115681,6.371961038307933,6.909146044219552,7.431245420520216,8.061526703170326
t100,c2,4.735785730123677,5.137451525751443,5.525670304194229,5.991509190712667,6.496620392850085,6.987546685833423,7.580195648221791
t100,c3,4.956820231040648,5.377233073881143,5.783571283571393,6.271152383875892,6.799838766317993,7.313678183826025,7.93398799809526
t100,c4,4.4589797575485575,4.970229288084072,5.477210090208287,6.101375415600091,6.796668623071481,7.489952636861024,8.348721901925744
t100,c5,10.714916777992773,11.62370273622179,12.502064245740476,13.556044553432208,14.698880146712515,15.809621779296387,17.150515280909538
t100,c6,0.6317391538402709,1.2897280327611644,2.442637686664274,4.966233854896572,10.097067950835523,19.123007389952676,39.04060489459039
t100,c7,5.401049992478675,5.819525586873887,6.221403619976953,6.7005486841023,7.216595387552012,7.714950642934261,8.31270821979942
t100,c8,1.1080142802257433,1.2519266847899702,1.3964800757051103,1.5767456284232177,1.7802808790497304,1.9858405503744123,2.2437678115892266
t101,c0,4.883834887967092,5.298057476947846,5.698412670862696,6.1788145166808075,6.699716401158021,7.2059899307735105,7.817166162928385
t101,c1,5.047339802091956,5.475430064815479,5.889188668776351,6.385673790206307,6.924014842845976,7.447237800909064,8.078875477737231
t101,c2,4.76684866062688,5.171149059550933,5.5619142397150005,6.030808653189729,6.539232976963665,7.0333793500330035,7.62991561108321
t101,c3,5.005590090946567,5.430139350782696,5.840475497988799,6.332853879785516,6.866741976149862,7.3856370291737985,8.012050034870217
t101,c4,4.505546296385166,5.02213496780343,5.534410331126665,6.165094012834421,6.867648387637583,7.568172586112486,8.435910250790508
t101,c5,10.858140520878344,11.779074004759334,12.669176363563778,13.737244975226789,14.895356579937127,16.020945231615375,17.379762137590042
t101,c6,0.6839063068427704,1.3693053518893645,2.5485548300528973,5.082230327974644,10.13478886230168,18.862896483203233,37.76696434607283
t101,c7,5.445201749969392,5.867098240854222,6.2722614909952945,6.7553234040118015,7.275588614777002,7.778017755868605,8.380661798811424
t101,c8,1.1134791571153952,1.2581013572010997,1.4033677050694406,1.5845223519721907,1.789061466093271,1.9956349856303044,2.2548343791219128
t102,c0,4.879288883306284,5.293125902777971,5.693108435327467,6.173063110207115,6.693480125222322,7.19928240184133,7.809889734747215
t102,c1,5.0631890140499545,5.492623528117174,5.907681380409,6.405725520694844,6.9457570244995885,7.470622961218518,8.104244051054975
t102,c2,4.803483998421778,5.210891624518268,5.604660007719185,6.077158081903699,6.589489871211089,7.087433977455188,7.688554883201793
t102,c3,5.058771981984247,5.487831865356564,5.902527628886226,6.400137284713427,6.939697675063355,7.46410572848655,8.097174059051415
t102,c4,4.5541133457140015,5.076270528881356,5.594067909115265,6.231549977403793,6.941677461155948,7.649752884513538,8.526844233560254
t102,c5,11.003149565641683,11.936381995602012,12.83837155484779,13.920704082954057,15.094282116488507,16.234902857212063,17.61186658502651
t102,c6,0.759470377768265,1.4800485020315979,2.6888440638556355,5.219816839555413,10.133160269412013,18.409185780808,35.87564260053329
t102,c7,5.486662577487646,5.9117714704913205,6.320019712594523,6.806759753176519,7.330986364668039,7.837241099174809,8.44447379132966
t102,c8,1.118397071886721,1.263658026321367,1.4095659735527435,1.5915207280355987,1.796963232152102,2.0044491270637477,2.264793329165221
t103,c0,4.879806162952231,5.293687055511171,5.693711992359279,6.173717549814285,6.694189737035055,7.200045636472638,7.810717703144556
t103,c1,5.084056250984882,5.515260620320829,5.932029076447795,6.43212583713761,6.974383006488505,7.5014121059553,8.137644577940808
t103,c2,4.845539262234421,5.256513806676097,5.653729694488672,6.130364564208952,6.647181899542104,7.149485585366133,7.755869399927004
t103,c3,5.116039598201769,5.549956636002633,5.969346945544137,6.472589770626156,7.018258231762982,7.548602824577903,8.188837778648114
t103,c4,4.604316504024213,5.132229788926285,5.655735209755399,6.3002446861835,7.018200399007027,7.7340814301472705,8.620841567058072
t103,c5,11.14864025572558,12.09421248252622,13.008128725367477,14.104772547296937,15.293868381161886,16.449571139784215,17.84474196382916
t103,c6,0.8674783129873962,1.6317206751211601,2.8719369917219764,5.3823948490564995,10.087329351114976,17.754371046992347,33.39584849260762
t103,c7,5.525053456487811,5.9531368907253785,6.364241697934101,6.854387520763249,7.382282212827651,7.892079276388053,8.503560853266581
t103,c8,1.1227361983556112,1.2685607322810548,1.415034769188243,1.597695466766948,1.8039350411099881,2.0122259341400692,2.2735802125791484
t104,c0,4.885512387208535,5.29987725333312,5.700369961219983,6.180936815428107,6.702017619245577,7.208465043655091,7.819851202576401
t104,c1,5.109908523922372,5.543305554491315,5.962193265667327,6.464833003325582,7.00984753405336,7.539556560620249,8.179024255566613
t104,c2,4.8928141989457,5.307798368431559,5.708889646565169,6.190174748608614,6.712034351787905,7.219238704735251,7.831538632014376
t104,c3,5.177017459268935,5.616106336016276,6.040495341040343,6.549736296215351,7.101908556819177,7.638574304558265,8.286440192152398
t104,c4,4.655762577320396,5.189574471826166,5.718929251235947,6.3706401183016,7.0966178691829045,7.820497757041012,8.71716605881402
t104,c5,11.293255201381958,12.251092948735453,13.176864085515465,14.28773305805298,15.492253286772385,16.662947280899623,18.07621560816224
t104,c6,1.022797097388113,1.8394771848006606,3.110213717451086,5.574696864748791,9.991996678385414,16.89460754970319,30.38456524094666
t104,c7,5.560028590930867,5.990821913096799,6.404529128773702,6.897777711817779,7.429014125002551,7.942038346630678,8.557390773000385
t104,c8,1.1264717630269456,1.2727814839250222,1.4197428688293083,1.603011314559107,1.8099370886246424,2.0189210065188927,2.2811448621664643
t105,c0,4.896492723276372,5.31178888690348,5.713181714199892,6.194828656870403,6.717080605470842,7.22466628570287,7.837426553409524
t105,c1,5.140671372809376,5.57667755524416,5.998087068777142,6.503752815652939,7.052048461800203,7.584946461058494,8.228263901646226
t105,c2,4.945058930122831,5.364474237905791,5.769848308140539,6.256272499827167,6.783704441045819,7.296324645483563,7.91516261892585
t105,c3,5.241280753000444,5.68582012275513,6.115477148507512,6.631039407664978,7.1900658866392755,7.733393367481243,8.389301336478548
t105,c4,4.708032266728348,5.247837203504789,5.783134985687337,6.442162532682342,7.176290748911794,7.908297549660889,8.815032639174307
t105,c5,11.43559886311428,12.405509492012774,13.34294933291622,14.467820039624806,15.687522411750091,16.87297219301935,18.30405378892113
t105,c6,1.2502241731146473,2.1268863978713415,3.4216168325068566,5.803012570007237,9.841825235290868,15.83298239217901,26.935133403930717
t105,c7,5.591281370389532,6.0244961708751745,6.440528824301283,6.93654994509981,7.4707724246671825,7.986680342411845,8.60549164913732
t105,c8,1.1295864398267308,1.276300704813902,1.4236684356480636,1.607443615762853,1.814941536356081,2.024503291513508,2.287452192019143
t106,c0,4.912791412452794,5.329469949846117,5.732198871628823,6.215449046297216,6.7394393865716715,7.24871463966739,7.863514569170238
t106,c1,5.176227882376631,5.615249791138356,6.039574070139312,6.54873735802925,7.10082540364617,7.637409301386366,8.285176379204758
t106,c2,5.0019721939084825,5.426214601708833,5.836254169709562,6.328276674525393,6.861778891876993,7.380298902430152,8.006259154761482
t106,c3,5.308355874676827,5.758584222702552,6.193739770407792,6.715899920976614,7.282080523315904,7.832361220099745,8.496663150211194
t106,c4,4.760683570794055,5.3065253043153335,5.84780947841252,6.5142071235289265,7.25654531066471,7.99673835790935,8.913613731558538
t106,c5,11.574255535857155,12.555926334229133,13.504732636197906,14.643242403818398,15.877733671101678,17.077557034755394,18.525990499578647
t106,c6,1.5916775812030923,2.53047339904819,3.8315300629187523,6.075117762822754,9.632458893993325,14.585040034819862,23.18752005306742
t106,c7,5.618549801409456,6.05387737124461,6.471938997451817,6.970379191235752,7.507207050119307,8.025631027875216,8.647460249871626
t106,c8,1.1320706218727747,1.2791075402932108,1.4267993616601524,1.610978699426675,1.8189329486289896,2.028955571172342,2.2924827478635184
t107,c0,4.934411132852206,5.3529233474197815,5.757424558305507,6.2428013719418844,6.769097636424725,7.2806140570469875,7.898119536503318
t107,c1,5.2164176533975954,5.658848258682592,6.086467117443018,6.599583700361223,7.155958321577394,7.6967084161067865,8.349504949954554
t107,c2,5.063199838797194,5.492635270965646,5.9076940106223965,6.4057392156921,6.945771874046777,7.470638932892709,8.104261377367143
t107,c3,5.377721819985957,5.8338334425515,6.274675303803854,6.803658684258177,7.377237745484579,7.934709132120218,8.607691703176009
t107,c4,4.81325592571282,5.365125403972312,5.912386993558133,6.586143685541468,7.336679532963533,8.085046551657753,9.012047004372365
t107,c5,11.707809481016927,12.70080766088351,13.660562124868218,14.812209020021239,16.060944933839252,17.274612915249538,18.739759679941567
t107,c6,2.117227152312627,3.1047865066701634,4.373302625419488,6.399005092066352,9.363007702757232,13.188432145115968,19.340043945480673
t107,c7,5.641621244288318,6.07873639909042,6.498514711145365,6.999001649172188,7.538033883512005,8.058586664893864,8.682969303320276
t107,c8,1.133922562862337,1.281200017244877,1.4291334459219351,1.613614080496669,1.82190851960464,2.0322747156812233,2.2962329933752423
t108,c0,4.961312149300507,5.3821059743105,5.7888124116020565,6.276835362598235,6.806000845734801,7.320305909474603,7.941177854475154
t108,c1,5.261035799946111,5.707250694545307,6.1385271517142215,6.656032629926923,7.217166150072347,7.762541500585244,8.420921669285296
t108,c2,5.128333743468107,5.563293509534432,5.98369163875556,6.488143786063696,7.035123520735393,7.566742562924706,8.208516039396635
t108,c3,5.448812577793039,5.910953764917369,6.357623332220461,6.893599604951973,7.474761090760716,8.039601966681653,8.721481026356383
t108,c4,4.86527508072355,5.42310887593987,5.976284982829455,6.657323285086735,7.4159705317758915,8.172425510169575,9.109444499398565
t108,c5,11.834866832531755,12.838641385126088,13.808811449099517,14.972956429792424,16.235244074035194,17.462083216078593,18.94313027943914
t108,c6,2.9327739382727103,3.9192358367890776,5.080196823907013,6.777589250498264,9.042113453616539,11.720579715382343,15.662890156315276
t108,c7,5.660336309209814,6.098901515007199,6.520072366196297,7.02221957972407,7.563039956660428,8.085319578373596,8.71177349402831
t108,c8,1.1351483843513552,1.2825850523119144,1.4306784037048226,1.6153584701751513,1.823878084976652,2.0344716964095917,2.2987153249199705
t109,c0,4.993411265384569,5.4169275777990995,5.826265358725142,6.31744576179938,6.850034884440927,7.367667442490056,7.99255635720269
t109,c1,5.30983206124931,5.760185612079369,6.195462171033972,6.717767527730861,7.284105577728616,7.834539300608458,8.49902596467755
t109,c2,5.19691134921179,5.637687526776227,6.063707344951945,6.574905176571036,7.12919928711421,7.667927297421583,8.318282759904525
t109,c3,5.521020649558868,5.989286166255814,6.4418750320686184,6.984954102448908,7.573817183729266,8.146143373179063,8.83705874514636
t109,c4,4.916258676484966,5.479938055403233,6.038910937716734,6.727085893282251,7.4936830634410905,8.258064992354578,9.204903076408627
t109,c5,11.95407878718158,12.967964304954968,13.947906837964645,15.123778186229572,16.39878078362981,17.63797780804176,19.133943376008226
t109,c6,4.131164331939403,5.0049321444057036,5.942378461968603,7.1912474047681245,8.702582571533547,10.332615457012338,12.518030047065876
t109,c7,5.674591789372158,6.114261515687339,6.536493079948257,7.039904944417243,7.582087370131914,8.10568234598304,8.733713977320956
t109,c8,1.1357619490405675,1.2832783087265458,1.4314517067920955,1.6162315956020845,1.8248639183758768,2.0355713588073243,2.2999578149533133
t110,c0,5.030580616325,5.457249448251446,5.869634208251271,6.364470800613079,6.901024345761489,7.422509994450618,8.052050381700825
t110,c1,5.362510132628598,5.817331575516803,6.256926449886629,6.784413522039767,7.356370129437918,7.912264625202657,8.583343564793205
t110,c2,5.268415997095873,5.715256843317244,6.14713829642251,6.665369732906646,7.2272904128744875,7.77343081760113,8.432734564020334
t110,c3,5.593701793603457,6.068131763511221,6.526678708207817,7.076907110323547,7.6735222441952144,8.253382787319127,8.95339367311621
t110,c4,4.965722462524954,5.535073169586983,6.099670026730198,6.79476889354615,7.569079001713108,8.341151580503393,9.297516054335947
t110,c5,12.064165485949037,13.087388010075397,14.076354963984533,15.263055067623279,16.549799333232883,17.800408287578428,19.310150401088816
t110,c6,5.488041916251696,6.129672439833419,6.767164402771117,7.553511897671966,8.431233319070545,9.308089877282661,10.396338595613456
t110,c7,5.684342538369586,6.124767756762822,6.547724848807009,7.05200173457003,7.595115801703184,8.119610479836929,8.748721268764841
t110,c8,1.135784603994148,1.283303906177261,1.4314802598458383,1.6162638344456244,1.8249003187918234,2.035611962187885,2.3000036920295606
t111,c0,5.072646364869579,5.502883004404032,5.918716128507491,6.417690547743079,6.958730757201702,7.484577072350716,8.11938168050274
t111,c1,5.4187273329934404,5.87831683926105,6.322520151194741,6.855537067710253,7.433489710249195,7.995211856028054,8.673325967259219
t111,c2,5.3422782593594,5.795383735365483,6.233320090204704,6.758817039946695,7.328615748653719,7.882412945446299,8.550960014005627
t111,c3,5.6661810545807345,6.146758354981466,6.611246829080471,7.1686047045620604,7.772950358505484,8.360324327476226,9.069405462913114
t111,c4,5.0131870572345125,5.587979872824,6.157973399072433,6.8597163315294845,7.641427641785568,8.42088003535914,9.386385868276431
t111,c5,12.163939909796026,13.195624804397234,14.192770824495815,15.38928530934954,16.68667135270077,17.94762323445584,19.469851387693424
t111,c6,6.084093865691829,6.6023556174494455,7.103427709876278,7.704876623961105,8.357250360684848,8.991506551626129,9.75743062171047
t111,c7,5.689602233215966,6.130434974948226,6.553783427158036,7.058526917901192,7.602143525871852,8.127123516411894,8.756816418530908
t111,c8,1.1352448013242047,1.282693992226617,1.4307999223386045,1.6154956751220182,1.8240330011146866,2.0346444998994433,2.2989105726744725
t112,c0,5.119387385182991,5.5535883656278076,5.973253111946312,6.476825244443933,7.022850775094236,7.553542409930493,8.194196315066858
t112,c1,5.478094735499315,5.942719489626683,6.39178947876951,6.930646111491548,7.514930784607121,8.082807140161746,8.768350647801409
t112,c2,5.4178784422322,5.877395949806784,6.3215296734286,6.854463088208703,7.4323251894399665,7.993959336559613,8.671967215317963
t112,c3,5.737760092116553,6.224408370534556,6.6947645776978995,7.259163375434828,7.871143533082164,8.465937607935075,9.1839763366293
t112,c4,5.058185122027044,5.638137243276361,6.2132469970528375,6.9212887317652,7.710016635614616,8.49646534688156,9.470637501947047
t112,c5,12.252331056692423,13.291512848824016,14.295904784390226,15.501113926433863,16.807927625724666,18.078042408960343,19.611332068034066
t112,c6,6.110827464207284,6.629117461945572,7.1300560830362745,7.73115191461611,8.382922831291317,9.016390231427625,9.781115614368927
t112,c7,5.690443001333421,6.131340886128267,6.554751897699277,7.059569975771584,7.603266915458481,8.128324483730719,8.758110437295896
t112,c8,1.1341776071210259,1.281488187459786,1.4294548896361887,1.613977017985038,1.8223183071183555,2.03273181920424,2.2967494669517925
t113,c0,5.170534041022824,5.609073026475116,6.032930549532922,6.541533758722635,7.093014508483092,7.62900816490158,8.276062700100304
t113,c1,5.5401778923643015,6.010068231131328,6.464227523019989,7.009191009031772,7.600097370666125,8.174409459548498,8.867722220400735
t113,c2,5.494550414342987,5.960570857319469,6.410989810267502,6.951465117386204,7.537504926438322,8.107087128894308,8.794689944439323
t113,c3,5.807725768872616,6.300308188069435,6.776399872112652,7.347680892739699,7.9671234756546765,8.56917041038835,9.295964832033071
t113,c4,5.100268792029041,5.685046065600549,6.264940683613698,6.978873265337871,7.774163318263723,8.567155215918671,9.54943240045815
t113,c5,12.328405642815886,13.374039703040598,14.384667896870676,15.597360168961073,16.912287859855105,18.1902887715358,19.733098608907166
t113,c6,6.12355980375136,6.642929695214705,7.144912057214773,7.747260314308344,8.400389241607263,9.035176515701046,9.801495257854437
t113,c7,5.686993927669651,6.127624576805957,6.550778951807789,7.0552910511122455,7.598658446896267,8.123397768903626,8.752801998559828
t113,c8,1.132624112158751,1.2797329196508167,1.4274969502835633,1.6117663367381814,1.8198222586229567,2.02994756511479,2.2936035851215433
t114,c0,5.225767183493728,5.66899076942836,6.097376061334155,6.611412317340978,7.168784144228055,7.710503440155652,8.36446999934368
t114,c1,5.604498283537452,6.079843958032891,6.539275951245721,7.090566357669874,7.688333027594944,8.26931276847876,8.970674756061573
t114,c2,5.571586880458275,6.044141173405572,6.500875235286974,7.048928288452797,7.643184681663359,8.22075272403899,8.917996090130645
t114,c3,5.875359899353022,6.373678709167812,6.855314740234403,7.433248639566081,8.05990496881573,8.6689630680843,9.404221406708261
t114,c4,5.139017180886782,5.728237196226513,6.312537460897031,7.0318940189689,7.833226147220982,8.632242660374509,9.621982521856054
t114,c5,12.391387583426937,13.442363458659202,14.458154633553319,15.677042168427334,16.998687410652423,18.28321722638222,19.833908793181273
t114,c6,6.129331950125816,6.6491914063410515,7.151646943383696,7.754562981705795,8.4083075567473,9.043693189505019,9.810734273578953
t114,c7,5.679438494903898,6.119483745974648,6.542075940944196,7.0459177727410225,7.588563279970535,8.112605461675408,8.741173498889674
t114,c8,1.130630760054291,1.277480664660703,1.4249846392534418,1.6089297223797678,1.8166194780269695,2.0263749762855157,2.2895669771382607
t115,c0,5.284717509376802,5.732940968806075,6.1661587478232605,6.685993694001937,7.249653066751527,7.797483336993663,8.458827098499953
t115,c1,5.670535611095053,6.151482243325094,6.616327684716748,7.174113899205529,7.77892400306309,8.366749378919403,9.076375455269357
t115,c2,5.648246174451794,6.127302327506129,6.590320579417739,7.14591427783026,7.748347026634311,8.333861810093175,9.040698526397803
t115,c3,5.93994999926986,6.443747020167502,6.9306778620887535,7.514965211922633,8.148510616158857,8.764264326276944,9.507605643709
t115,c4,5.1740437587584465,5.767279787282099,6.355562533038112,7.0798220905769815,7.886615948417298,8.691078408360575,9.687564151225786
t115,c5,12.440674559617861,13.495830711077549,14.515662214394524,15.739397897267,17.066300008196087,18.35593906532586,19.912798536874703
t115,c6,6.128207343195239,6.647971415843042,7.150334762581121,7.753140178153339,8.406764804449057,9.04203385695105,9.808934204689246
t115,c7,5.66801104358379,6.107170890984835,6.5289127991275056,7.031740863804386,7.573294528042111,8.09628229802539,8.723585609747325
t115,c8,1.1282486100348592,1.2747891134508287,1.4219823087791457,1.605539834093651,1.812792003772975,2.022105563706556,2.284743039729359
t116,c0,5.34696543233874,5.800468451048671,6.238789039607929,6.764747046409096,7.335045681361337,7.889328765097804,8.558462399089155
t116,c1,5.737731046254612,6.224376861147044,6.694730687259029,7.2591266278793665,7.871103687542315,8.465894751410746,9.183929845227695
t116,c2,5.723760588881067,6.209221499051029,6.678430088827396,7.241451815604895,7.851938809010524,8.445281651772572,9.161568444982535
t116,c3,6.000800814514573,6.509758898963801,7.001678021712728,7.591951004688121,8.231986657890591,8.854048352967347,9.605004705067435
t116,c4,5.205003391876739,5.801789133284933,6.39359195324743,7.122185221753832,7.933806646388216,8.743082722871772,9.745531081139001
t116,c5,12.475851064947832,13.533990712664728,14.556705830382208,15.78390167488537,17.114555654650328,18.407841217839678,19.969102771866968
t116,c6,6.120345685399811,6.639442971327669,7.141161854114082,7.743193952200605,8.395980066864647,9.030434155443405,9.79635067418244
t116,c7,5.652992368345491,6.0909885625575955,6.511612970274796,7.013108678443191,7.55322737395119,8.074829369734205,8.700470499670994
t116,c8,1.1255325522459079,1.2717202854726124,1.4185591393720136,1.601674782603158,1.8084280295586002,2.0172377043380276,2.279242927366165
t117,c0,5.412041625062254,5.871064082829667,6.314719329982985,6.847078602146382,7.4243181579532145,7.985347242432921,8.66262468619346
t117,c1,5.805491513359755,6.297884434114424,6.773792963767777,7.344854210283489,7.9640584911399905,8.565873815991166,9.292388636892339
t117,c2,5.797346192962694,6.289048268146139,6.764289080441745,7.334549106800901,7.952884621034078,8.553855576613591,9.279351070214771
t117,c3,6.057246352434202,6.57099186671876,7.067538145134869,7.663363433056443,8.309419475511856,8.937332490784554,9.695352589300942
t117,c4,5.2315988304082435,5.831433902874871,6.4262605932051855,7.158576675325363,7.974345153493544,8.787756299741073,9.795326759126418
t117,c5,12.496697447245534,13.556605181444535,14.581029193426188,15.810275606952295,17.14315302794172,18.438599592022314,20.00246991839327
t117,c6,6.1059992621514585,6.623879755800938,7.124422582231365,7.725043484327955,8.376299432826062,9.009266326505339,9.773387495256717
t117,c7,5.634704589769642,6.071283839309812,6.490547501154613,6.9904208398114065,7.52879221806431,8.048706799256601,8.672323941594131
t117,c8,1.1225404936141996,1.2683396087878964,1.4147881137281288,1.5974169716238893,1.8036205962374876,2.01187518197168,2.2731839036080537
t118,c0,5.4794283893311295,5.944166257344549,6.393345573532763,6.932333392049812,7.516760310513596,8.084774916776565,8.770485321443388
t118,c1,5.873195065091149,6.3713302644290835,6.85278883195307,7.430509785843481,8.056935217392356,8.665768903201437,9.400756328643899
t118,c2,5.868214018634906,6.36592675038205,6.846976993737503,7.424207983497967,8.05010214473463,8.658419479760273,9.392783563653492
t118,c3,6.1086620900424276,6.626768431511973,7.127529544801213,7.728412377831845,8.379952339221106,9.013195269929897,9.777649672124792
t118,c4,5.253586439403897,5.85594252685329,6.453269182702966,7.188663077208394,8.007860105406957,8.824689894179683,9.836495017960118
t118,c5,12.503194609408329,13.563653400593045,14.588610021206492,15.818495532647903,17.152065930384495,18.448186010522875,20.01286940923994
t118,c6,6.085507288707914,6.6016497550719055,7.10051274010927,7.699117934858548,8.348188242804044,8.979030874717303,9.740587622802146
t118,c7,5.613505457979126,6.048442189992323,6.466128479770706,6.964121173113104,7.500467067045047,8.018425602884665,8.639696545563167
t118,c8,1.119332531713212,1.2647149866333716,1.410744975513847,1.5928519222433886,1.7984662644432396,2.006125706589702,2.2666876681508947
t119,c0,5.548562002266898,6.019163439543563,6.474010023698007,7.019798218563619,7.611598815721512,8.186780027539129,8.881141998452268
t119,c1,5.940197365943129,6.4440153672518985,6.930966487199479,7.515278169429756,8.148849957392951,8.76462931031053,9.508001583873332
t119,c2,5.935582419205332,6.439009003680898,6.925581810696428,7.509439540452462,8.142519105703869,8.757820058874625,9.500614805591514
t119,c3,6.154476997729833,6.676469131842154,7.18098594872747,7.786375397301811,8.442801902216594,9.080794148894494,9.850981951849086
t119,c4,5.270780985546168,5.875108533760351,6.474390189468598,7.212190966281505,8.03406915738915,8.8535723612956,9.868689038067211
t119,c5,12.495524200579787,13.55533242583089,14.579660260237514,15.80879126653206,17.14154355094067,18.436868492619155,20.000591995747104
t119,c6,6.05928850559754,6.573207225158244,7.069920910262839,7.665947076013335,8.312220931203122,8.940345642430687,9.698621301485971
t119,c7,5.589782253301508,6.022880901573164,6.438802009609475,6.93469013875744,7.468769384243952,7.9845389783514875,8.603184371301083
t119,c8,1.1159701329333744,1.2609158688489632,1.4065071935769016,1.5880671034267535,1.7930637941300722,2.000099441438886,2.259878692592936
