state,forecast_date,target_end_date,trained_q50,actual,normalized_interval_width,normalized_disagreement,num_modes,branch_1_center,branch_1_weight,branch_2_center,branch_2_weight,branch_3_center,branch_3_weight,forecast_error,closest_actual_branch
Alabama,2021-07-26,2021-07-31,18352.0,16476.0,1.1609088927637314,0.1389635541393583,1,17940.760230342206,1.0,,,,,0.10222319093286836,
Alabama,2021-08-02,2021-08-07,25842.0,21602.0,1.5516213915331631,0.1694964905828801,1,25010.88972249207,1.0,,,,,0.16407398808141785,
Alabama,2021-08-09,2021-08-14,31896.0,20696.0,1.2904752947078004,0.2200564545957228,3,24796.739496186023,0.28104338984782307,28071.285632997045,0.14454043209354925,38850.0,0.5744161780586277,0.3511412089290193,1.0
Alabama,2021-08-16,2021-08-21,27524.0,31845.0,0.6805333527103619,0.1451815317085807,3,20156.20596782767,0.440878063426553,28439.43412319549,0.2452509130727143,30388.428983282036,0.3138710235007327,0.13568849112890563,3.0
Alabama,2021-08-23,2021-08-28,32321.0,28268.0,0.4276476594164785,0.10569490810690703,3,28194.885744836844,0.35556506594829895,32874.38457917461,0.3866541666157338,35426.838488813395,0.2577807674359672,0.12539834782339657,1.0
Alabama,2021-08-30,2021-09-04,28746.0,31262.0,0.5256035622347457,0.09486268133516437,1,28813.21436572798,1.0,,,,,0.08048109525942038,
Alabama,2021-09-06,2021-09-11,30868.0,26532.0,0.41214202410263057,0.08996199771956087,1,31476.038181879616,1.0,,,,,0.14046909420759363,
Alabama,2021-09-13,2021-09-18,23972.0,22489.0,0.5113048556649424,0.12318723026940107,1,24282.391846691633,1.0,,,,,0.061863841148006006,
Alabama,2021-09-20,2021-09-25,19054.0,19120.0,0.3319512963157342,0.08008383635178046,1,19908.579255170287,1.0,,,,,0.0034518828451882847,
Alabama,2021-09-27,2021-10-02,16758.0,12379.0,0.9658670485738154,0.11561665378993223,1,16983.419719039,1.0,,,,,0.2613080319847237,
Alabama,2021-10-04,2021-10-09,10018.0,7679.0,0.8758235176681972,0.15739587120486237,1,10681.518506681261,1.0,,,,,0.23347973647434617,
Alabama,2021-10-11,2021-10-16,6637.0,6002.0,0.7861985836974537,0.16075738374062395,1,6631.220295705343,1.0,,,,,0.09567575711918035,
Alabama,2021-10-18,2021-10-23,4759.0,6116.0,0.7774742592981719,0.19718276608570853,1,4609.803919144822,1.0,,,,,0.22187704381948986,
Alabama,2021-10-25,2021-10-30,5119.0,12056.0,0.9048642312951748,0.17872258114662723,1,4939.869702921845,1.0,,,,,0.5753981420039814,
Alabama,2021-11-01,2021-11-06,11314.0,4087.0,0.9118790878557539,0.4741977185309732,1,9595.759168341596,1.0,,,,,0.6387661304578398,
Alabama,2021-11-08,2021-11-13,4199.0,3696.0,1.021671826625387,0.28905503742212774,1,4806.189202171026,1.0,,,,,0.11979042629197428,
Alabama,2021-11-15,2021-11-20,3595.0,3200.0,0.8956884561891516,0.1724908843792252,1,3547.2045492200405,1.0,,,,,0.10987482614742698,
Alabama,2021-11-22,2021-11-27,3331.0,2315.0,0.8853197238066647,0.09769178695789482,1,3157.631836180072,1.0,,,,,0.30501350945661965,
Alabama,2021-11-29,2021-12-04,2316.0,3186.0,1.6994818652849741,0.23363720024946977,1,2539.6698888873,1.0,,,,,0.2730696798493409,
Alabama,2021-12-06,2021-12-11,2749.0,3813.0,1.0833030192797382,0.12232328886695377,1,2686.0577913892075,1.0,,,,,0.2790453710988723,
Alabama,2021-12-13,2021-12-18,3859.0,5342.0,1.3915522155998963,0.0743113938356944,1,3844.522540803414,1.0,,,,,0.27761138150505427,
Alabama,2021-12-20,2021-12-25,6009.0,10793.0,1.4461640872025296,0.14453238738048155,1,6325.291874119734,1.0,,,,,0.44325025479477437,
Alabama,2021-12-27,2022-01-01,12770.0,28529.0,0.9635865309318715,0.08101925319035397,1,12326.301440571951,1.0,,,,,0.5523852921588559,
Alabama,2022-01-03,2022-01-08,51516.0,69566.0,0.9555089680875845,0.025572399004178025,1,51366.521165736725,1.0,,,,,0.2594658310094011,
Alabama,2022-01-10,2022-01-15,114438.0,38442.0,1.0338086999073735,0.0057894527118438725,1,114436.07641489945,1.0,,,,,0.6640801132490955,
Alabama,2022-01-17,2022-01-22,70724.0,132765.0,1.0585798314574968,0.03353196635357737,1,70832.67615121364,1.0,,,,,0.4672993635370768,
Alabama,2022-01-24,2022-01-29,100171.0,68921.0,0.9117708718092062,0.20430281649164408,1,99574.10976594505,1.0,,,,,0.3119665372213515,
Alabama,2022-01-31,2022-02-05,122432.0,36112.0,0.36011826973340305,0.004446393222447772,1,122427.57290660002,1.0,,,,,0.7050444328280188,
Alabama,2022-02-07,2022-02-12,56581.0,19598.0,0.6644456619713331,0.4173339634201251,3,19171.01327545293,0.14747975200455263,33031.17258088809,0.15305499643010734,75766.66377264648,0.6994652515653401,0.6536293101924674,1.0
Alabama,2022-02-14,2022-02-19,12485.0,10590.0,1.6351621946335602,0.46060614341145883,3,3158.5424,0.25253031624243844,10689.351723734546,0.2730594669272107,14263.29513160857,0.4744102168303509,0.15178213856627953,2.0
Alabama,2022-02-21,2022-02-26,9390.0,6398.0,1.2007454739084131,0.39757534807132117,3,3150.373481192659,0.45218498010832725,9267.716869650336,0.39357802428984157,12829.7142857143,0.15423699560183118,0.31863684771033013,2.0
Alabama,2022-02-28,2022-03-05,4952.0,3939.0,1.550686591276252,0.2951608495844202,1,4670.21143007411,1.0,,,,,0.2045638126009693,
Alabama,2022-03-07,2022-03-12,3252.0,6054.0,1.529520295202952,0.3657380627210048,1,3158.704737495179,1.0,,,,,0.4628344895936571,
Alabama,2022-03-14,2022-03-19,5181.0,2187.0,2.1067361513221385,0.40860475266805774,1,3860.530560917927,1.0,,,,,0.5778807180081066,
Alabama,2022-03-21,2022-03-26,1975.0,1322.0,1.9964556962025317,0.4651819587681975,1,1621.5302681967655,1.0,,,,,0.3306329113924051,
Alabama,2022-03-28,2022-04-02,1625.0,2960.0,1.7181538461538461,0.3724112739301313,1,1074.6199047490657,1.0,,,,,0.4510135135135135,
Alabama,2022-04-04,2022-04-09,2480.0,1262.0,1.4774193548387098,0.4730182355940479,1,1906.6202124831789,1.0,,,,,0.49112903225806454,
Alabama,2022-04-11,2022-04-16,1541.0,1139.0,1.5840363400389357,0.3342494296118535,1,1520.7034101374275,1.0,,,,,0.2608695652173913,
Alabama,2022-04-18,2022-04-23,1060.0,1268.0,2.0254716981132077,1.3994588885346237,1,1380.2765792035846,1.0,,,,,0.1640378548895899,
Alabama,2022-04-25,2022-04-30,1240.0,1596.0,2.5766129032258065,0.5892333229471001,1,1382.1377316593987,1.0,,,,,0.22305764411027568,
Alabama,2022-05-02,2022-05-07,1428.0,1664.0,1.4628851540616246,0.8524144053865239,1,1547.0901845294698,1.0,,,,,0.14182692307692307,
Alabama,2022-05-09,2022-05-14,1740.0,2313.0,1.4264367816091954,0.3259855162392296,1,1481.76736367696,1.0,,,,,0.24773022049286642,
Alabama,2022-05-16,2022-05-21,2494.0,3173.0,1.231355252606255,0.6426847553329181,1,2722.7520085882443,1.0,,,,,0.2139930664985818,
Alabama,2022-05-23,2022-05-28,3420.0,4554.0,1.4160818713450292,0.4643854875821949,1,3603.2725223997527,1.0,,,,,0.2490118577075099,
Alabama,2022-05-30,2022-06-04,4860.0,4592.0,1.2349794238683127,0.13728766490211153,1,5213.339990618895,1.0,,,,,0.0551440329218107,
Alabama,2022-06-06,2022-06-11,5471.0,8332.0,1.717601900932188,0.16374083951065177,1,5532.673638036242,1.0,,,,,0.3433749399903985,
Alabama,2022-06-13,2022-06-18,8559.0,9620.0,1.4305409510456828,0.10139994843596457,1,8369.93184909977,1.0,,,,,0.1102910602910603,
Alabama,2022-06-20,2022-06-25,9716.0,11287.0,0.9020172910662824,0.07517859228513436,1,9630.845785049198,1.0,,,,,0.1391866749357668,
Alabama,2022-06-27,2022-07-02,11944.0,12783.0,1.269675150703282,0.08597988826376893,1,11605.13035367357,1.0,,,,,0.06563404521630291,
Alabama,2022-07-04,2022-07-09,13254.0,14633.0,1.000528142447563,0.12676651660925775,1,12731.849369950474,1.0,,,,,0.0942390487254835,
Alabama,2022-07-11,2022-07-16,14638.0,16649.0,1.3017488727968303,0.10340819261723207,1,14307.205766929694,1.0,,,,,0.12078803531743648,
Alabama,2022-07-18,2022-07-23,17007.0,17366.0,1.1163638501793378,0.10772795412731129,1,16937.57863609881,1.0,,,,,0.020672578601865714,
Alabama,2022-07-25,2022-07-30,17373.0,16712.0,1.0118574799976976,0.12649984790274238,1,16736.61137699743,1.0,,,,,0.03804754504115582,
Alabama,2022-08-01,2022-08-06,16138.0,12047.0,1.2771718924278102,0.1727028986438016,1,14904.033268488594,1.0,,,,,0.2535010534143016,
Alabama,2022-08-08,2022-08-13,12589.0,13354.0,1.1707840177933115,0.10020753259549031,1,12681.545945236969,1.0,,,,,0.05728620638011083,
Alabama,2022-08-15,2022-08-20,13037.0,14121.0,1.1544066886553654,0.21845937311249644,2,6370.741646538188,0.2053898311828544,13174.298886205092,0.7946101688171456,,,0.07676510162169818,2.0
Alabama,2022-08-22,2022-08-27,14088.0,15672.0,1.0787904599659284,0.08339185351661933,2,11664.287643891106,0.22725272534032534,13917.35474908305,0.7727472746596747,,,0.10107197549770292,2.0
Alabama,2022-08-29,2022-09-03,15091.0,14695.0,1.0823669736929296,0.08796015204674305,2,11971.213345758293,0.11187483970242096,15168.074860353157,0.888125160297579,,,0.026240805778278444,2.0
Alabama,2022-09-05,2022-09-10,14814.0,9880.0,1.1934656406102335,0.07144063786330403,1,14851.283741110667,1.0,,,,,0.3330633184825165,
Alabama,2022-09-12,2022-09-17,10253.0,7954.0,1.3130790988003511,0.12700353554367091,1,10177.762982877486,1.0,,,,,0.2242270554959524,
Alabama,2022-09-19,2022-09-24,6681.0,5770.0,1.4149079479119893,0.14695430847347712,1,6663.872099476565,1.0,,,,,0.13635683280945965,
Alabama,2022-09-26,2022-10-01,4823.0,4231.0,1.6106157992950445,0.18287969235450294,1,5016.8536878042205,1.0,,,,,0.12274517934895293,
Alabama,2022-10-03,2022-10-08,3572.0,3589.0,1.505599104143337,0.1346146884707464,1,3609.376019506437,1.0,,,,,0.004736695458344943,
Alabama,2022-10-10,2022-10-15,2974.0,3015.0,1.703093476798924,0.2500849323101311,1,3053.1739951889103,1.0,,,,,0.013598673300165837,
Alabama,2022-10-17,2022-10-22,2801.0,2566.0,1.420564084255623,0.1772479120599555,1,2664.3942653675076,1.0,,,,,0.08389860764012852,
Alabama,2022-10-24,2022-10-29,2438.0,2982.0,1.4249384741591469,0.16096884994515764,1,2332.6146797941615,1.0,,,,,0.18242790073775988,
Alabama,2022-10-31,2022-11-05,2989.0,0.0,1.24790899966544,0.20157049884587586,1,2705.8620314347904,1.0,,,,,1.0,
Alabama,2022-11-07,2022-11-12,1380.0,6042.0,1.9202898550724639,0.7437684995109322,1,1412.9680286741939,1.0,,,,,0.7715988083416088,
Alabama,2022-11-14,2022-11-19,4162.0,1898.0,1.491830850552619,0.24742874876454415,1,4158.8344332204815,1.0,,,,,0.5439692455550216,
Alabama,2022-11-21,2022-11-26,2741.0,2872.0,1.4257570229843124,0.2590024409514622,1,2539.0557942992136,1.0,,,,,0.045612813370473536,
Alabama,2022-11-28,2022-12-03,2843.0,4186.0,1.3552585297221245,0.20192626353599555,1,2953.018005356581,1.0,,,,,0.320831342570473,
Alabama,2022-12-05,2022-12-10,4119.0,5807.0,1.6501578052925467,0.3400431486425055,1,4642.387366009267,1.0,,,,,0.29068365765455484,
Alabama,2022-12-12,2022-12-17,6589.0,6465.0,1.8770678403399605,0.1285179958697085,1,6659.891966054003,1.0,,,,,0.018819244194870237,
Alabama,2022-12-19,2022-12-24,6841.0,7377.0,1.3153047800029236,0.050879466896167395,1,6732.2518467084465,1.0,,,,,0.07265826216619221,
Alabama,2022-12-26,2022-12-31,7575.0,0.0,1.5920792079207922,0.06155174987168474,1,7753.586948590332,1.0,,,,,1.0,
Alabama,2023-01-02,2023-01-07,1971.0,18290.0,3.4946727549467274,1.768557277177213,1,3600.118359337566,1.0,,,,,0.8922361946418809,
Alabama,2023-01-09,2023-01-14,8891.0,8925.0,1.3919694072657744,0.5960832235679903,1,8861.10309457441,1.0,,,,,0.0038095238095238095,
Alabama,2023-01-16,2023-01-21,8226.0,6742.0,1.727327984439582,0.21724857257696012,1,7755.408508458442,1.0,,,,,0.18040359834670558,
Alabama,2023-01-23,2023-01-28,7898.0,7644.0,1.5191187642441124,0.22048173280521335,1,6998.643987749713,1.0,,,,,0.032160040516586476,
Alaska,2021-07-26,2021-07-31,2984.0,1668.0,2.4674932975871315,0.22767286998981862,2,1604.3543307086613,0.208004963763165,3039.5,0.7919950362368351,,,0.4410187667560322,1.0
Alaska,2021-08-02,2021-08-07,3561.0,2100.0,2.25975849480483,0.21525736556210198,2,2003.501462519685,0.18217854727941002,3825.0,0.81782145272059,,,0.4102780117944398,1.0
Alaska,2021-08-09,2021-08-14,2689.0,2237.0,1.4228337671997024,0.10465432199151263,2,2154.415156299213,0.27682676889949087,2812.4534548818897,0.7231732311005091,,,0.16809222759390108,1.0
Alaska,2021-08-16,2021-08-21,2613.0,3333.0,0.4845005740528129,0.13449447977059847,2,1722.13198,0.13977882507876263,2724.3411007874015,0.8602211749212374,,,0.21602160216021601,2.0
Alaska,2021-08-23,2021-08-28,3871.0,3597.0,0.4701627486437613,0.10229059059310099,2,3289.7706539370074,0.21116559666721724,3902.1376360629915,0.7888344033327829,,,0.07078274347713769,2.0
Alaska,2021-08-30,2021-09-04,3968.0,3889.0,0.34122983870967744,0.11801187173010279,2,3811.21861888516,0.5698357821098411,4751.896637120219,0.43016421789015896,,,0.019909274193548387,1.0
Alaska,2021-09-06,2021-09-11,4079.0,4533.0,0.4081882814415298,0.12533206351817694,2,4027.564077326452,0.6755707370050922,4722.088817643783,0.3244292629949079,,,0.10015442311934701,2.0
Alaska,2021-09-13,2021-09-18,4652.0,5185.0,0.4679707652622528,0.18895009687022843,1,4667.56328233804,1.0,,,,,0.10279652844744455,
Alaska,2021-09-20,2021-09-25,5262.0,7319.0,0.42721398707715696,0.11114354627271125,1,5367.335484692832,1.0,,,,,0.2810493236780981,
Alaska,2021-09-27,2021-10-02,7359.0,8024.0,0.8043212392988178,0.1964618052442524,1,7140.477572249927,1.0,,,,,0.08287637088733799,
Alaska,2021-10-04,2021-10-09,8301.0,5645.0,0.48994097096735334,0.22188633501468377,1,8767.29123523273,1.0,,,,,0.31996145042765933,
Alaska,2021-10-11,2021-10-16,4821.0,6419.0,0.682431030906451,0.18394180000809782,3,3524.4674473663413,0.1643938651917278,4745.002019050883,0.45469112422655356,5647.136267687283,0.3809150105817186,0.2489484343355663,3.0
Alaska,2021-10-18,2021-10-23,5802.0,5505.0,0.6073767666321958,0.1995766122945186,3,3730.8110236220473,0.1674599610864049,5845.5196850393695,0.7198016821197183,6419.0,0.11273835679387677,0.05118924508790072,2.0
Alaska,2021-10-25,2021-10-30,4801.0,4615.0,0.6357008956467403,0.183064631341662,3,3264.1220522834647,0.27683232217911535,4804.725641338582,0.30718113264583174,5124.851062440945,0.41598654517505296,0.03874192876484066,2.0
Alaska,2021-11-01,2021-11-06,4600.0,4231.0,0.7532608695652174,0.15342445139131666,3,3502.6020131037985,0.2094054796182317,3846.806271699518,0.11755404933247462,4656.698644865917,0.6730404710492938,0.08021739130434782,2.0
Alaska,2021-11-08,2021-11-13,3849.0,3049.0,0.6736814757079761,0.1182815381797583,1,3739.57183946491,1.0,,,,,0.20784619381657574,
Alaska,2021-11-15,2021-11-20,2890.0,2916.0,0.7494809688581315,0.1177761021666212,1,2830.3388362525375,1.0,,,,,0.008916323731138546,
Alaska,2021-11-22,2021-11-27,2609.0,2004.0,0.7205825986968187,0.05475968125090094,1,2583.9247481752823,1.0,,,,,0.23188961287849752,
Alaska,2021-11-29,2021-12-04,1919.0,1897.0,0.8249088066701407,0.12543438015951694,1,1968.1702014555467,1.0,,,,,0.011464304325169358,
Alaska,2021-12-06,2021-12-11,1747.0,1441.0,0.8786491127647396,0.07064988336986429,1,1756.2852884636281,1.0,,,,,0.17515741270749857,
Alaska,2021-12-13,2021-12-18,1279.0,1214.0,1.1806098514464425,0.10330450124210619,1,1282.2769186706244,1.0,,,,,0.0508209538702111,
Alaska,2021-12-20,2021-12-25,1104.0,655.0,1.2309782608695652,0.09603457728075841,1,1115.6069052273333,1.0,,,,,0.4067028985507246,
Alaska,2021-12-27,2022-01-01,862.0,1875.0,1.140371229698376,0.14176468533657996,1,836.7263317436305,1.0,,,,,0.5402666666666667,
Alaska,2022-01-03,2022-01-08,2271.0,8184.0,1.0189343901365038,0.11626621394100317,1,2201.3670876652072,1.0,,,,,0.7225073313782991,
Alaska,2022-01-10,2022-01-15,13038.0,13265.0,1.1560822211995705,0.004537362403414387,1,13036.543923603402,1.0,,,,,0.01711270260082925,
Alaska,2022-01-17,2022-01-22,18936.0,16727.0,1.0481094212082804,0.04309172355412097,1,18888.704022836013,1.0,,,,,0.11665610477397549,
Alaska,2022-01-24,2022-01-29,18070.0,17051.0,0.8974543442169342,0.15618779066716582,1,16846.83911597114,1.0,,,,,0.0563918096292197,
Alaska,2022-01-31,2022-02-05,17175.0,12516.0,0.7214556040756914,0.009471457478045796,1,17178.803897933667,1.0,,,,,0.27126637554585153,
Alaska,2022-02-07,2022-02-12,11867.0,7190.0,0.7040532569309851,0.15957787326640932,3,9133.708661417324,0.19417337574512605,11079.456692913387,0.10508829043374185,12376.622047244095,0.7007383338211322,0.3941181427487992,1.0
Alaska,2022-02-14,2022-02-19,3811.0,3854.0,1.6772500655995801,0.5008864510214651,3,3100.1259842519685,0.3842963279825316,3699.181102362205,0.40369378034329895,7892.566929133858,0.2120098916741693,0.011157239231966787,2.0
Alaska,2022-02-21,2022-02-26,2922.0,2727.0,1.1283367556468173,0.42501895787436195,3,774.1282339707535,0.2764908336260367,1550.7874015748027,0.35100943165599513,4191.42857142857,0.3724997347179682,0.06673511293634497,2.0
Alaska,2022-02-28,2022-03-05,1851.0,2106.0,1.9627228525121556,0.5387697928990589,3,1069.2664062992126,0.5108860904861374,2169.8161133858266,0.2644002078657645,3196.99584,0.22471370164809815,0.12108262108262108,2.0
Alaska,2022-03-07,2022-03-12,1306.0,2608.0,2.4509954058192958,0.46759138068831707,1,1220.088831967558,1.0,,,,,0.49923312883435583,
Alaska,2022-03-14,2022-03-19,2391.0,1490.0,2.178586365537432,0.46881109134633375,1,2123.0718149728223,1.0,,,,,0.3768297783354245,
Alaska,2022-03-21,2022-03-26,1063.0,945.0,2.357478833490122,0.5438511467358595,1,886.342849746196,1.0,,,,,0.11100658513640639,
Alaska,2022-03-28,2022-04-02,942.0,1907.0,1.5212314225053079,0.414322885579718,1,827.2169403353871,1.0,,,,,0.5060304142632407,
Alaska,2022-04-04,2022-04-09,1302.0,936.0,1.7350230414746544,0.4712231234271554,1,1006.7811489783818,1.0,,,,,0.28110599078341014,
Alaska,2022-04-11,2022-04-16,1393.0,1303.0,1.7982770997846376,0.7061008453793558,1,1823.5371299081448,1.0,,,,,0.06460875807609476,
Alaska,2022-04-18,2022-04-23,1070.0,1528.0,1.6570093457943926,0.24226250766015728,1,1077.0529694220077,1.0,,,,,0.299738219895288,
Alaska,2022-04-25,2022-04-30,1557.0,1496.0,1.6775850995504176,0.31845467355406426,1,1407.3509505630223,1.0,,,,,0.03917790622992935,
Alaska,2022-05-02,2022-05-07,1402.0,1464.0,1.4978601997146932,0.2789199526993091,1,1321.5819459871925,1.0,,,,,0.04234972677595628,
Alaska,2022-05-09,2022-05-14,1444.0,1623.0,1.4549861495844876,0.07903966380095566,1,1445.256509004204,1.0,,,,,0.11028958718422674,
Alaska,2022-05-16,2022-05-21,1618.0,1950.0,1.2033374536464772,0.09176355186194331,1,1629.2692879596086,1.0,,,,,0.17025641025641025,
Alaska,2022-05-23,2022-05-28,1909.0,2020.0,1.7176532215819802,0.2007686098556998,1,1876.906194889225,1.0,,,,,0.05495049504950495,
Alaska,2022-05-30,2022-06-04,2032.0,2012.0,1.06003937007874,0.06509183593460045,1,2092.054551886578,1.0,,,,,0.00984251968503937,
Alaska,2022-06-06,2022-06-11,2171.0,2485.0,1.2243205895900506,0.13043602615571642,1,2071.8324825307022,1.0,,,,,0.12635814889336017,
Alaska,2022-06-13,2022-06-18,2485.0,2175.0,0.9758551307847082,0.12656395723727884,1,2381.0433989661806,1.0,,,,,0.12474849094567404,
Alaska,2022-06-20,2022-06-25,2166.0,2580.0,0.9847645429362881,0.08426750643387872,1,2134.195764812035,1.0,,,,,0.16046511627906976,
Alaska,2022-06-27,2022-07-02,2533.0,3104.0,1.0576391630477695,0.09966521765271497,1,2475.2768042682455,1.0,,,,,0.18395618556701032,
Alaska,2022-07-04,2022-07-09,3103.0,2907.0,1.1936835320657428,0.13869398267961916,1,2855.277249487549,1.0,,,,,0.06316467934257171,
Alaska,2022-07-11,2022-07-16,2918.0,2996.0,1.4643591501028101,0.158245632530275,1,2803.950290821439,1.0,,,,,0.0260347129506008,
Alaska,2022-07-18,2022-07-23,2939.0,2885.0,1.017012589316094,0.0876573578422297,1,2867.9616871454505,1.0,,,,,0.01837359646138142,
Alaska,2022-07-25,2022-07-30,2827.0,2440.0,1.053767244428723,0.08762109400336915,1,2784.9690755227844,1.0,,,,,0.13689423417049876,
Alaska,2022-08-01,2022-08-06,2425.0,3160.0,1.4284536082474226,0.09221817617929266,2,1926.7044089357187,0.19916336338219448,2458.209159836851,0.8008366366178056,,,0.23259493670886075,2.0
Alaska,2022-08-08,2022-08-13,2927.0,2229.0,1.0136658694909464,0.1393050556080173,2,2672.476528483346,0.4701654476525605,3183.342782238394,0.5298345523474395,,,0.238469422617014,1.0
Alaska,2022-08-15,2022-08-20,2412.0,1849.0,1.214759535655058,0.19835685566906752,2,1299.4797165057976,0.20304815694623213,2523.5540459086033,0.7969518430537679,,,0.23341625207296848,1.0
Alaska,2022-08-22,2022-08-27,1967.0,2195.0,1.1133706151499745,0.05103928178369518,1,1952.2263700243032,1.0,,,,,0.10387243735763098,
Alaska,2022-08-29,2022-09-03,1987.0,1422.0,1.3397081026673376,0.09648746359146063,1,1958.4653508457154,1.0,,,,,0.2843482637141419,
Alaska,2022-09-05,2022-09-10,1553.0,1098.0,1.2524146812620733,0.08734419950735554,1,1549.7427888826758,1.0,,,,,0.29298132646490666,
Alaska,2022-09-12,2022-09-17,1052.0,1209.0,1.4315589353612168,0.1637546708197419,1,1057.3665767943214,1.0,,,,,0.12985938792390406,
Alaska,2022-09-19,2022-09-24,1010.0,757.0,1.2663366336633664,0.13297122241655934,1,1038.4928814838322,1.0,,,,,0.2504950495049505,
Alaska,2022-09-26,2022-10-01,706.0,616.0,1.5821529745042493,0.1840014069064232,1,728.5276067690331,1.0,,,,,0.1274787535410765,
Alaska,2022-10-03,2022-10-08,576.0,691.0,1.5416666666666667,0.205572393946954,1,607.521971425123,1.0,,,,,0.16642547033285093,
Alaska,2022-10-10,2022-10-15,584.0,565.0,1.4743150684931507,0.3170575214978279,1,592.9270560594831,1.0,,,,,0.032534246575342464,
Alaska,2022-10-17,2022-10-22,572.0,356.0,1.444055944055944,0.12969765443168033,1,550.4551412969472,1.0,,,,,0.3776223776223776,
Alaska,2022-10-24,2022-10-29,326.0,387.0,1.5429447852760736,0.24416833234735577,1,334.05770801124845,1.0,,,,,0.15762273901808785,
Alaska,2022-10-31,2022-11-05,326.0,367.0,1.4938650306748467,0.2008385539500944,1,337.13358638945476,1.0,,,,,0.11171662125340599,
Alaska,2022-11-07,2022-11-12,363.0,-1893.0,1.396694214876033,0.2036203353210843,1,348.77010853747606,1.0,,,,,6.214876033057851,
Alaska,2022-11-14,2022-11-19,255.0,390.0,1.6784313725490196,0.615518793957545,1,256.2632238154741,1.0,,,,,0.34615384615384615,
Alaska,2022-11-21,2022-11-26,342.0,430.0,1.2953216374269005,0.36915456973051075,1,297.9732239069146,1.0,,,,,0.20465116279069767,
Alaska,2022-11-28,2022-12-03,427.0,398.0,1.693208430913349,0.1974943947038385,1,472.1292086606535,1.0,,,,,0.06791569086651054,
Alaska,2022-12-05,2022-12-10,421.0,496.0,1.6104513064133017,0.17992160984069944,1,419.54195089458176,1.0,,,,,0.15120967741935484,
Alaska,2022-12-12,2022-12-17,513.0,354.0,1.6842105263157894,0.16930185925259533,1,524.3297737964332,1.0,,,,,0.30994152046783624,
Alaska,2022-12-19,2022-12-24,352.0,380.0,1.7386363636363635,0.2721363556187192,1,350.2617030376052,1.0,,,,,0.07368421052631578,
Alaska,2022-12-26,2022-12-31,370.0,333.0,1.7486486486486486,0.0664693535604984,1,369.34033499793514,1.0,,,,,0.1,
Alaska,2023-01-02,2023-01-07,337.0,371.0,1.9940652818991098,0.09708678194214813,1,329.1361226021678,1.0,,,,,0.09164420485175202,
Alaska,2023-01-09,2023-01-14,370.0,469.0,1.3756756756756756,0.08608443930671311,1,363.25170955936073,1.0,,,,,0.21108742004264391,
Alaska,2023-01-16,2023-01-21,431.0,649.0,1.5962877030162412,0.1621896288403096,1,462.6197770114142,1.0,,,,,0.3359013867488444,
Alaska,2023-01-23,2023-01-28,610.0,654.0,1.5065573770491802,0.17058800407631655,1,637.9995425870397,1.0,,,,,0.0672782874617737,
Arizona,2021-07-26,2021-07-31,10006.0,11575.0,1.062462522486508,0.07038637091013436,1,10138.448461261318,1.0,,,,,0.13555075593952484,
Arizona,2021-08-02,2021-08-07,15531.0,16180.0,1.2026270040564033,0.08360767346001044,1,15191.370671879928,1.0,,,,,0.04011124845488257,
Arizona,2021-08-09,2021-08-14,20644.0,18995.0,0.802896725440806,0.054577406123786316,1,20351.200716082625,1.0,,,,,0.07987793063359815,
Arizona,2021-08-16,2021-08-21,22195.0,20365.0,0.5355260193737328,0.08955449606332583,1,21863.21668078942,1.0,,,,,0.08245100247803559,
Arizona,2021-08-23,2021-08-28,22182.0,22989.0,0.5105490938598864,0.16869232451613014,1,22065.78112905233,1.0,,,,,0.035103745269476704,
Arizona,2021-08-30,2021-09-04,25012.0,21595.0,0.5031984647369263,0.05112372472635702,1,25014.440967916173,1.0,,,,,0.13661442507596352,
Arizona,2021-09-06,2021-09-11,21516.0,18476.0,0.661647146309723,0.05049643525212075,1,22066.441907334498,1.0,,,,,0.1412902026398959,
Arizona,2021-09-13,2021-09-18,17033.0,18511.0,0.5659014853519638,0.11898996140082128,1,17246.01555902433,1.0,,,,,0.07984441683323429,
Arizona,2021-09-20,2021-09-25,17146.0,17444.0,0.5818849877522454,0.060590245292594457,1,17130.25398063522,1.0,,,,,0.017083237789497822,
Arizona,2021-09-27,2021-10-02,16835.0,18377.0,0.9246213246213246,0.10686818901844092,1,15814.523756426532,1.0,,,,,0.08390923436904826,
Arizona,2021-10-04,2021-10-09,18064.0,16252.0,0.6992914083259522,0.09518252291291975,1,17451.05842658293,1.0,,,,,0.10031000885739592,
Arizona,2021-10-11,2021-10-16,15369.0,15557.0,0.6865118094866289,0.12278812670918482,1,15524.221697512228,1.0,,,,,0.012084592145015106,
Arizona,2021-10-18,2021-10-23,14171.0,16364.0,0.7247194975654506,0.08506873643436827,1,14032.816222917842,1.0,,,,,0.13401368858469812,
Arizona,2021-10-25,2021-10-30,14782.0,17720.0,0.7899472331213638,0.09250937639646617,1,14886.965646836976,1.0,,,,,0.16580135440180588,
Arizona,2021-11-01,2021-11-06,18066.0,20417.0,0.7479242776486217,0.15882608163190146,1,18298.625988118874,1.0,,,,,0.11514914042219719,
Arizona,2021-11-08,2021-11-13,21235.0,24856.0,0.6740287261596422,0.04446108093465641,1,21199.141945286716,1.0,,,,,0.14567911168329578,
Arizona,2021-11-15,2021-11-20,25651.0,26916.0,0.628747417254688,0.037256758562963226,1,25709.562298484114,1.0,,,,,0.04699806806360529,
Arizona,2021-11-22,2021-11-27,27118.0,24325.0,0.6148314772475846,0.03549817038958107,1,26994.047195386203,1.0,,,,,0.10299432111512648,
Arizona,2021-11-29,2021-12-04,26393.0,25660.0,0.6118288940249309,0.12141486305194384,1,26819.792881049354,1.0,,,,,0.02777251543969992,
Arizona,2021-12-06,2021-12-11,23931.0,24724.0,0.6430153357569679,0.08002137139105699,1,23859.08348669836,1.0,,,,,0.032074098042387963,
Arizona,2021-12-13,2021-12-18,25914.0,21103.0,0.6859226672840936,0.08848697609313079,1,25699.423499412263,1.0,,,,,0.18565254302693524,
Arizona,2021-12-20,2021-12-25,19218.0,20647.0,0.9184098241232178,0.10042323365479217,1,20631.629839266014,1.0,,,,,0.06921102339322904,
Arizona,2021-12-27,2022-01-01,20280.0,35000.0,0.9241124260355029,0.05515320865916146,1,19818.783056329696,1.0,,,,,0.4205714285714286,
Arizona,2022-01-03,2022-01-08,28728.0,71925.0,0.9940824282929546,0.054729730746633225,1,28744.651258856124,1.0,,,,,0.6005839416058394,
Arizona,2022-01-10,2022-01-15,106125.0,101560.0,1.1855924617196703,0.008752427487001268,1,106103.96544200611,1.0,,,,,0.043015312131919906,
Arizona,2022-01-17,2022-01-22,170125.0,166437.0,1.0762439382806759,0.04273962096251315,1,169409.3564721763,1.0,,,,,0.021678177810433505,
Arizona,2022-01-24,2022-01-29,148160.0,115282.0,0.6934327753779698,0.1313977917320011,1,151860.55063525052,1.0,,,,,0.22190874730021598,
Arizona,2022-01-31,2022-02-05,118594.0,66743.0,0.7896520903249743,0.007462002772803685,1,118573.14861724393,1.0,,,,,0.4372143616034538,
Arizona,2022-02-07,2022-02-12,66126.0,34431.0,0.6721108187399812,0.22428516357871028,3,33937.51962352362,0.15568680573171076,50372.26387180118,0.1347552699976632,71640.75642839566,0.7095579242706261,0.4793122221214046,1.0
Arizona,2022-02-14,2022-02-19,20650.0,16834.0,0.7589346246973365,0.41167526393844545,3,14849.694038245227,0.38542211913893004,20696.431946006764,0.4043204799856326,36833.4285714286,0.21025740087543737,0.18479418886198548,1.0
Arizona,2022-02-21,2022-02-26,11854.0,13970.0,1.7361228277374725,0.4656898721586265,3,8251.771653543306,0.7117492517012292,15732.874015748032,0.13401375269693974,22017.0,0.15423699560183118,0.15146743020758768,2.0
Arizona,2022-02-28,2022-03-05,8251.0,3879.0,1.2718458368682584,0.4156638552418062,1,7440.4712227355885,1.0,,,,,0.529875166646467,
Arizona,2022-03-07,2022-03-12,4114.0,6549.0,1.5816723383568303,0.4429624048670102,1,3688.144302662078,1.0,,,,,0.37181249045655823,
Arizona,2022-03-14,2022-03-19,4355.0,5153.0,2.416532721010333,0.4172766984527078,2,181.0,0.19437512057750322,4412.024606445379,0.8056248794224968,,,0.15486124587618863,2.0
Arizona,2022-03-21,2022-03-26,3818.0,4566.0,2.9567836563645886,0.6089037051548088,2,70.0,0.2315717440353146,3836.4271451519353,0.7684282559646853,,,0.16381953569864213,2.0
Arizona,2022-03-28,2022-04-02,4763.0,10143.0,1.9670375813562881,0.6384051711286172,2,26.0,0.1638894076227377,4311.856730634948,0.8361105923772624,,,0.5304150645765553,2.0
Arizona,2022-04-04,2022-04-09,7140.0,6840.0,1.6550420168067226,0.6857285354401593,1,6466.445295736774,1.0,,,,,0.04201680672268908,
Arizona,2022-04-11,2022-04-16,8255.0,2777.0,1.543549364021805,0.3726833259506604,2,3431.883205463506,0.20705183689590673,10566.81098052361,0.7929481631040932,,,0.6635978195033313,1.0
Arizona,2022-04-18,2022-04-23,3269.0,2377.0,1.6319975527684307,0.6286278500682548,2,3579.167257785245,0.7862625467151598,6916.221942013193,0.21373745328484012,,,0.2728663199755277,1.0
Arizona,2022-04-25,2022-04-30,2524.0,2350.0,3.337559429477021,1.0539801359045817,2,2411.9879165354328,0.7930678477109355,8338.586797165353,0.20693215228906447,,,0.06893819334389857,1.0
Arizona,2022-05-02,2022-05-07,1826.0,3911.0,2.0487404162102956,0.6391152884826338,1,2012.6730149353968,1.0,,,,,0.5331117361288673,
Arizona,2022-05-09,2022-05-14,3548.0,5490.0,1.9095264937993235,0.2991301658448583,1,3824.951132434918,1.0,,,,,0.3537340619307832,
Arizona,2022-05-16,2022-05-21,6208.0,7204.0,1.0734536082474226,0.19447731761023265,1,5996.269745700166,1.0,,,,,0.13825652415324818,
Arizona,2022-05-23,2022-05-28,7439.0,11498.0,1.4844737195859659,0.3516933554150429,1,7260.515615846909,1.0,,,,,0.35301791615933203,
Arizona,2022-05-30,2022-06-04,12448.0,13042.0,1.0582422879177378,0.15162157654741432,1,12222.939963368623,1.0,,,,,0.0455451617850023,
Arizona,2022-06-06,2022-06-11,14010.0,14677.0,1.0796573875802997,0.17153064845003788,1,13382.578463650674,1.0,,,,,0.045445254479798323,
Arizona,2022-06-13,2022-06-18,15166.0,16334.0,1.094157984966372,0.15639819213677958,1,14837.584304133994,1.0,,,,,0.07150728541692176,
Arizona,2022-06-20,2022-06-25,16232.0,15373.0,0.7360152784622968,0.1744965832735436,1,15274.562502342074,1.0,,,,,0.052920157713159194,
Arizona,2022-06-27,2022-07-02,15602.0,16514.0,1.0558261761312653,0.14920778732436668,1,15104.163357522331,1.0,,,,,0.05522586895967058,
Arizona,2022-07-04,2022-07-09,16251.0,20198.0,0.8619777244477262,0.18489555108449438,1,15539.355287349705,1.0,,,,,0.19541538766214478,
Arizona,2022-07-11,2022-07-16,20208.0,15280.0,0.9428444180522565,0.21241066635790695,1,19268.075366284796,1.0,,,,,0.24386381631037213,
Arizona,2022-07-18,2022-07-23,15801.0,18135.0,1.048414657300171,0.13900751053425978,1,15890.656467742354,1.0,,,,,0.12870140612076095,
Arizona,2022-07-25,2022-07-30,18010.0,17249.0,0.7998889505830095,0.13674997316272733,1,16966.32990108885,1.0,,,,,0.042254303164908386,
Arizona,2022-08-01,2022-08-06,16598.0,15034.0,1.0800698879383057,0.20555800461943213,1,14770.820864064242,1.0,,,,,0.0942282202675021,
Arizona,2022-08-08,2022-08-13,14857.0,13501.0,0.9584707545264858,0.13931462852208742,1,14384.400382081665,1.0,,,,,0.0912701083664266,
Arizona,2022-08-15,2022-08-20,13148.0,12244.0,1.0386370550654092,0.23167750790844502,1,12520.463012540564,1.0,,,,,0.0687557042896258,
Arizona,2022-08-22,2022-08-27,12520.0,8505.0,0.7896166134185304,0.0725465777118192,1,12133.063371494527,1.0,,,,,0.32068690095846647,
Arizona,2022-08-29,2022-09-03,8155.0,8661.0,1.3509503372164315,0.15908808316899056,1,8531.004367494517,1.0,,,,,0.058422814917446025,
Arizona,2022-09-05,2022-09-10,8769.0,3666.0,1.5834188618998746,0.10629718069004025,1,8312.091795569688,1.0,,,,,0.5819363667464933,
Arizona,2022-09-12,2022-09-17,4185.0,6119.0,1.8575866188769414,0.38667597682222715,1,4233.29739172564,1.0,,,,,0.3160647164569374,
Arizona,2022-09-19,2022-09-24,4793.0,3999.0,0.9555601919465888,0.21362812473487336,1,5067.065016673688,1.0,,,,,0.16565825161694137,
Arizona,2022-09-26,2022-10-01,3987.0,3402.0,1.1517431652871835,0.14823222205101946,1,3867.8728704747627,1.0,,,,,0.14672686230248308,
Arizona,2022-10-03,2022-10-08,3499.0,3675.0,0.9994284081166047,0.15603418948483974,1,3366.5116055172584,1.0,,,,,0.04789115646258504,
Arizona,2022-10-10,2022-10-15,3604.0,2400.0,1.591842397336293,0.21311121895398555,1,3604.8106376255328,1.0,,,,,0.3340732519422864,
Arizona,2022-10-17,2022-10-22,2558.0,5438.0,1.1383893666927287,0.1702369707698987,1,2496.4237013533275,1.0,,,,,0.5296064729680029,
Arizona,2022-10-24,2022-10-29,5873.0,4813.0,1.1806572450195811,0.2862688790287026,1,5901.575016380947,1.0,,,,,0.1804869742891197,
Arizona,2022-10-31,2022-11-05,5474.0,5129.0,1.2393131165509683,0.1291631781528588,1,5548.653149379714,1.0,,,,,0.06302521008403361,
Arizona,2022-11-07,2022-11-12,5224.0,7360.0,1.0390505359877489,0.22579661654740116,1,5401.034348974609,1.0,,,,,0.2902173913043478,
Arizona,2022-11-14,2022-11-19,7360.0,10775.0,1.0601902173913043,0.11940582880845892,1,7570.993998991319,1.0,,,,,0.3169373549883991,
Arizona,2022-11-21,2022-11-26,10978.0,13410.0,1.0603935143013299,0.22443201450778663,1,11574.09223122147,1.0,,,,,0.18135719612229678,
Arizona,2022-11-28,2022-12-03,13344.0,12987.0,0.9829886091127098,0.21663473998154573,1,13890.764872540529,1.0,,,,,0.02675359712230216,
Arizona,2022-12-05,2022-12-10,13842.0,15983.0,0.9593266868949574,0.18608293880935348,1,13221.921369373937,1.0,,,,,0.13395482700369143,
Arizona,2022-12-12,2022-12-17,17092.0,11550.0,1.3233091504797565,0.09544799753653263,2,15848.25649879032,0.709058824478473,19456.573200446554,0.290941175521527,,,0.32424526094079104,1.0
Arizona,2022-12-19,2022-12-24,11842.0,8281.0,1.032426954906266,0.19659117031127593,2,7478.15794891016,0.20414372238551817,11673.097955282357,0.7958562776144819,,,0.30070933963857455,1.0
Arizona,2022-12-26,2022-12-31,8336.0,4973.0,1.0860124760076775,0.2557038882815607,2,5062.99053716307,0.29572225160840854,8398.344378694901,0.7042777483915914,,,0.4034309021113244,1.0
Arizona,2023-01-02,2023-01-07,5139.0,6187.0,1.455730686904067,0.3100643028441448,1,4982.672227547694,1.0,,,,,0.16938742524648456,
Arizona,2023-01-09,2023-01-14,5694.0,7374.0,1.3068141903758341,0.21389573880160084,1,5300.473045719762,1.0,,,,,0.22782750203417412,
Arizona,2023-01-16,2023-01-21,5479.0,2751.0,1.993977003102756,0.5106946962095401,1,5342.184523527192,1.0,,,,,0.4979010768388392,
Arizona,2023-01-23,2023-01-28,3094.0,3554.0,1.9418228829993536,0.426288163254215,1,3177.857991467273,1.0,,,,,0.12943162633652222,
Arkansas,2021-07-26,2021-07-31,14660.0,12124.0,0.5281036834924966,0.09579868002730045,2,13184.728449846274,0.186679062167114,14682.30429407067,0.8133209378328861,,,0.17298772169167803,1.0
Arkansas,2021-08-02,2021-08-07,19217.0,16456.0,0.5890097309673726,0.13252830928400214,2,15041.537858267717,0.17536312828773037,19790.457307086614,0.8246368717122697,,,0.14367487120778477,1.0
Arkansas,2021-08-09,2021-08-14,19178.0,15382.0,0.578736051725936,0.1313675639361838,2,16393.00506781106,0.4255838219413723,21580.5,0.5744161780586277,,,0.19793513400771717,1.0
Arkansas,2021-08-16,2021-08-21,16965.0,15737.0,0.8067197170645447,0.07837701768608749,2,14751.166487327822,0.3493165354649522,17649.684420661408,0.6506834645350478,,,0.07238432066018273,1.0
Arkansas,2021-08-23,2021-08-28,15154.0,14569.0,0.5978619506400951,0.08825266135304458,2,15110.722119012018,0.6669422362879088,16896.578000087775,0.33305776371209117,,,0.03860366899828428,1.0
Arkansas,2021-08-30,2021-09-04,13914.0,14127.0,0.37293373580566336,0.051676220208515,2,13411.452086614172,0.5242596922813771,14627.824714173228,0.4757403077186229,,,0.015077511148863878,2.0
Arkansas,2021-09-06,2021-09-11,14209.0,11162.0,0.6419874727285523,0.10919946659905103,1,14490.503200118314,1.0,,,,,0.21444155112956576,
Arkansas,2021-09-13,2021-09-18,9998.0,10432.0,0.5451090218043608,0.08875695017859282,1,10440.189154150135,1.0,,,,,0.04160276073619632,
Arkansas,2021-09-20,2021-09-25,8849.0,7916.0,0.38817945530568426,0.07659300965408099,1,9176.557658063659,1.0,,,,,0.10543564244547407,
Arkansas,2021-09-27,2021-10-02,7108.0,5343.0,0.9998593134496342,0.14987474507623405,1,7090.043206902654,1.0,,,,,0.2483117613956106,
Arkansas,2021-10-04,2021-10-09,4194.0,4829.0,0.7651406771578445,0.15593044998872954,1,4553.966735491288,1.0,,,,,0.1314972043901429,
Arkansas,2021-10-11,2021-10-16,3915.0,4168.0,0.822477650063857,0.10905678776720708,1,3902.2224638228354,1.0,,,,,0.06070057581573896,
Arkansas,2021-10-18,2021-10-23,3781.0,3426.0,0.90663845543507,0.10649175071819729,1,3799.7449798484577,1.0,,,,,0.09389050515736577,
Arkansas,2021-10-25,2021-10-30,3036.0,2995.0,1.0708168642951252,0.11240782215215843,1,3062.0250265604063,1.0,,,,,0.013504611330698288,
Arkansas,2021-11-01,2021-11-06,2851.0,2985.0,0.9694843914415995,0.11851510752833969,1,2711.835540229783,1.0,,,,,0.04489112227805695,
Arkansas,2021-11-08,2021-11-13,2758.0,3474.0,0.9379985496736766,0.06833063428238623,1,2753.2762401841483,1.0,,,,,0.20610247553252733,
Arkansas,2021-11-15,2021-11-20,3304.0,4413.0,1.037227602905569,0.07681999329973556,1,3323.3693822609034,1.0,,,,,0.2513029685021527,
Arkansas,2021-11-22,2021-11-27,4279.0,3347.0,0.9567655994391213,0.06591676249662377,1,4446.599662702973,1.0,,,,,0.2178078990418322,
Arkansas,2021-11-29,2021-12-04,4040.0,5760.0,1.0727722772277228,0.12388712155343926,1,4071.8763500796663,1.0,,,,,0.2986111111111111,
Arkansas,2021-12-06,2021-12-11,4966.0,5235.0,0.8699154248892469,0.17633659202624913,1,5407.120587215352,1.0,,,,,0.051384909264565425,
Arkansas,2021-12-13,2021-12-18,5522.0,5034.0,1.1079319087287214,0.07857198151623324,1,5652.940952736427,1.0,,,,,0.08837377761680551,
Arkansas,2021-12-20,2021-12-25,5029.0,6749.0,1.2159475044740504,0.11178387629474561,1,5285.689910448195,1.0,,,,,0.2548525707512224,
Arkansas,2021-12-27,2022-01-01,6798.0,20650.0,1.2469844071785818,0.053353159917016287,1,6964.254345896225,1.0,,,,,0.6707990314769976,
Arkansas,2022-01-03,2022-01-08,23396.0,42373.0,0.9858095400923235,0.04634458130166902,1,23256.56746245432,1.0,,,,,0.4478559460033512,
Arkansas,2022-01-10,2022-01-15,67837.0,62776.0,1.0326223152556864,0.004156048686830855,1,67835.97722712166,1.0,,,,,0.0746053038902074,
Arkansas,2022-01-17,2022-01-22,74473.0,59044.0,0.9959448390691928,0.037478485911544034,1,74230.73444480861,1.0,,,,,0.20717575497160046,
Arkansas,2022-01-24,2022-01-29,54647.0,33227.0,1.1054952696396874,0.08066162848969982,1,55228.53356086945,1.0,,,,,0.39197028199169215,
Arkansas,2022-01-31,2022-02-05,37482.0,25300.0,0.7353129502161038,0.003728230318433915,1,37481.190564989716,1.0,,,,,0.32500933781548474,
Arkansas,2022-02-07,2022-02-12,22021.0,12715.0,0.7419281594841288,0.17485092497643476,1,20891.740625279188,1.0,,,,,0.4225966123245992,
Arkansas,2022-02-14,2022-02-19,7648.0,7849.0,1.2973326359832635,0.2887060943446365,1,8276.73430770987,1.0,,,,,0.025608357752579948,
Arkansas,2022-02-21,2022-02-26,6657.0,5006.0,1.4620700015021781,0.312199345026815,2,4667.606861642293,0.7117492517012292,8644.007874015744,0.28825074829877095,,,0.2480096139402133,1.0
Arkansas,2022-02-28,2022-03-05,3456.0,3969.0,1.6446759259259258,0.3572279148176513,2,542.0,0.1129068832535248,3482.681102362207,0.8870931167464753,,,0.1292517006802721,2.0
Arkansas,2022-03-07,2022-03-12,3173.0,3301.0,1.645761109360227,0.3282718331239167,2,368.0,0.13691511371788959,3298.5196850393704,0.8630848862821103,,,0.03877612844592548,2.0
Arkansas,2022-03-14,2022-03-19,2879.0,3819.0,2.3414379993053145,0.43485856140084217,2,227.1803520472441,0.2227702050984477,2911.7727403937006,0.7772297949015523,,,0.24613773239067818,2.0
Arkansas,2022-03-21,2022-03-26,3332.0,2495.0,2.617046818727491,0.6773588878769754,1,3329.854391408045,1.0,,,,,0.25120048019207686,
Arkansas,2022-03-28,2022-04-02,2638.0,575.0,1.4825625473843822,0.4057954371177557,1,2131.7886651934723,1.0,,,,,0.7820318423047763,
Arkansas,2022-04-04,2022-04-09,651.0,565.0,1.7219662058371736,1.2750926997350942,1,703.0937937039444,1.0,,,,,0.13210445468509985,
Arkansas,2022-04-11,2022-04-16,488.0,545.0,1.7602459016393444,1.3692492336466624,1,752.3659553250108,1.0,,,,,0.10458715596330276,
Arkansas,2022-04-18,2022-04-23,518.0,746.0,2.411196911196911,1.6709352202185148,1,889.4279552244684,1.0,,,,,0.30563002680965146,
Arkansas,2022-04-25,2022-04-30,779.0,911.0,1.919127086007702,0.3978174382548323,1,719.6935734789353,1.0,,,,,0.14489571899012074,
Arkansas,2022-05-02,2022-05-07,1077.0,1173.0,1.436397400185701,0.29668791859397564,1,961.6698501745541,1.0,,,,,0.08184143222506395,
Arkansas,2022-05-09,2022-05-14,1169.0,1440.0,1.5363558597091531,0.21626930920428025,1,1188.0705709478402,1.0,,,,,0.18819444444444444,
Arkansas,2022-05-16,2022-05-21,1699.0,1974.0,1.1400824014125956,0.2989474794518103,1,1752.2863891789752,1.0,,,,,0.1393110435663627,
Arkansas,2022-05-23,2022-05-28,2209.0,2371.0,1.2295156179266638,0.23702369971441636,1,2090.1089687654626,1.0,,,,,0.06832560101223113,
Arkansas,2022-05-30,2022-06-04,2580.0,2832.0,1.0496124031007752,0.1874875342125826,1,2664.58277410093,1.0,,,,,0.08898305084745763,
Arkansas,2022-06-06,2022-06-11,2959.0,4107.0,1.3943899966204798,0.18280859659809953,1,3088.2272941714045,1.0,,,,,0.2795227660092525,
Arkansas,2022-06-13,2022-06-18,4339.0,4963.0,1.4565568103249598,0.21561470712045774,1,4282.8992730578975,1.0,,,,,0.12573040499697763,
Arkansas,2022-06-20,2022-06-25,4943.0,5786.0,1.2259761278575765,0.1590695880404042,1,4831.501160491709,1.0,,,,,0.14569650881437954,
Arkansas,2022-06-27,2022-07-02,6048.0,7716.0,1.179728835978836,0.11835748776369576,1,5967.578929701604,1.0,,,,,0.2161741835147745,
Arkansas,2022-07-04,2022-07-09,7627.0,8431.0,1.2285302215812246,0.1327477798849565,1,7154.342610584588,1.0,,,,,0.09536235322025857,
Arkansas,2022-07-11,2022-07-16,9159.0,9337.0,1.0648542417294464,0.08121208861481329,1,9192.258960302424,1.0,,,,,0.019063939166755917,
Arkansas,2022-07-18,2022-07-23,9525.0,8988.0,1.0193175853018372,0.1080309875943494,1,9658.001478549066,1.0,,,,,0.056377952755905514,
Arkansas,2022-07-25,2022-07-30,9245.0,8580.0,0.9935100054083288,0.0932384625893514,1,9129.34103339754,1.0,,,,,0.07193077339102218,
Arkansas,2022-08-01,2022-08-06,8589.0,6767.0,1.0984980789381766,0.1352455432886696,1,8235.519411299301,1.0,,,,,0.21213179648387473,
Arkansas,2022-08-08,2022-08-13,6768.0,6302.0,1.2356678486997636,0.09856916754797233,1,6964.978945772839,1.0,,,,,0.06885342789598109,
Arkansas,2022-08-15,2022-08-20,6054.0,6055.0,1.1476709613478693,0.160229443732483,1,5796.93973217355,1.0,,,,,0.00016515276630883568,
Arkansas,2022-08-22,2022-08-27,6054.0,6477.0,0.9666336306574166,0.06332956889469327,1,6046.785171212221,1.0,,,,,0.06530801296896711,
Arkansas,2022-08-29,2022-09-03,6103.0,6849.0,0.9977060462067836,0.041215325810489555,1,6118.5370673467,1.0,,,,,0.10892101036647686,
Arkansas,2022-09-05,2022-09-10,6629.0,5459.0,1.0098054005128978,0.038080074102847666,1,6489.547188641134,1.0,,,,,0.17649720923216172,
Arkansas,2022-09-12,2022-09-17,5504.0,4650.0,1.1671511627906976,0.12594373132768885,1,5389.762242715897,1.0,,,,,0.15515988372093023,
Arkansas,2022-09-19,2022-09-24,4680.0,3468.0,1.1386752136752136,3.9594847318225166,1,13234.129362235686,1.0,,,,,0.258974358974359,
Arkansas,2022-09-26,2022-10-01,3755.0,2310.0,1.1973368841544607,0.1270797567173921,1,3710.398347800556,1.0,,,,,0.3848202396804261,
Arkansas,2022-10-03,2022-10-08,2229.0,2084.0,1.6971736204576042,0.20243162386542923,1,2351.9244652870993,1.0,,,,,0.06505159264244055,
Arkansas,2022-10-10,2022-10-15,2048.0,1822.0,1.6298828125,0.15773722566015758,1,2060.0002718014584,1.0,,,,,0.1103515625,
Arkansas,2022-10-17,2022-10-22,1803.0,2020.0,1.4647809206877427,0.1967848151773681,1,1823.0505239476788,1.0,,,,,0.10742574257425742,
Arkansas,2022-10-24,2022-10-29,1923.0,1761.0,1.0447217888715548,0.1643413404305379,1,1813.6787090633136,1.0,,,,,0.0842433697347894,
Arkansas,2022-10-31,2022-11-05,1647.0,1708.0,1.129933211900425,0.15922410441502155,1,1636.0105523081843,1.0,,,,,0.03571428571428571,
Arkansas,2022-11-07,2022-11-12,1959.0,2352.0,1.1184277692700357,0.2944743993558998,1,1940.3753013953958,1.0,,,,,0.16709183673469388,
Arkansas,2022-11-14,2022-11-19,2144.0,1728.0,1.2098880597014925,0.1361843038819785,1,2225.090219666822,1.0,,,,,0.19402985074626866,
Arkansas,2022-11-21,2022-11-26,1651.0,1746.0,1.3161720169594184,0.22061597707480982,1,1798.478304003541,1.0,,,,,0.05441008018327606,
Arkansas,2022-11-28,2022-12-03,1899.0,3744.0,1.2427593470247498,0.16483407845358905,1,1946.6773935592673,1.0,,,,,0.49278846153846156,
Arkansas,2022-12-05,2022-12-10,3387.0,3528.0,1.3312666076173605,0.323257456134785,1,3481.1965598656952,1.0,,,,,0.039965986394557826,
Arkansas,2022-12-12,2022-12-17,3719.0,3720.0,1.3441785426189836,0.06097074456435984,1,3779.8848252223443,1.0,,,,,0.00026881720430107527,
Arkansas,2022-12-19,2022-12-24,4106.0,3464.0,1.1753531417437897,0.16379869608957867,1,3933.044632203201,1.0,,,,,0.15635655138821236,
Arkansas,2022-12-26,2022-12-31,3570.0,3924.0,1.3669467787114846,0.12597666820711173,1,3546.5452913607423,1.0,,,,,0.09021406727828746,
Arkansas,2023-01-02,2023-01-07,4178.0,3445.0,1.228338918142652,0.14728857459160585,1,4266.210847651016,1.0,,,,,0.17544279559597895,
Arkansas,2023-01-09,2023-01-14,3451.0,2747.0,1.244856563314981,0.3441906332664508,1,3258.921214827034,1.0,,,,,0.2039988409156766,
Arkansas,2023-01-16,2023-01-21,2763.0,2395.0,1.270358306188925,0.19592103481589992,1,2690.0295352495677,1.0,,,,,0.13318856315598987,
Arkansas,2023-01-23,2023-01-28,2550.0,2073.0,1.563921568627451,0.17412564168396555,1,2575.1106159616597,1.0,,,,,0.18705882352941178,
California,2021-07-26,2021-07-31,73671.0,59492.0,0.8539995384886861,0.13215330179755413,2,52072.59881889763,0.208004963763165,77102.0,0.7919950362368351,,,0.19246379172265884,1.0
California,2021-08-02,2021-08-07,109421.0,96338.0,0.9385949680591477,0.16471194599850608,2,67690.55893058087,0.1698081890057777,112731.5,0.8301918109942223,,,0.11956571407682255,2.0
California,2021-08-09,2021-08-14,98196.0,88436.0,0.9760377204774126,0.10947181739625426,2,72844.55546614174,0.20427133976049133,99738.79963622047,0.7957286602395086,,,0.09939305063342703,2.0
California,2021-08-16,2021-08-21,90861.0,108073.0,0.7016651808806859,0.10839120349845748,1,90562.76928090298,1.0,,,,,0.15926272056850463,
California,2021-08-23,2021-08-28,109098.0,95570.0,0.608498780912574,0.04835871632323906,1,106798.06522402688,1.0,,,,,0.12399860675722744,
California,2021-08-30,2021-09-04,89840.0,96883.0,0.4872773820124666,0.10449525662709745,1,95035.7239239538,1.0,,,,,0.07269593220688872,
California,2021-09-06,2021-09-11,89359.0,68114.0,0.4955964144630088,0.09422573804610451,1,91986.75646291857,1.0,,,,,0.23774885573920926,
California,2021-09-13,2021-09-18,50227.0,68293.0,0.6116232305333784,0.14060155240937827,1,51260.30042502645,1.0,,,,,0.2645366289370799,
California,2021-09-20,2021-09-25,63954.0,41604.0,0.5756481220877506,0.11136413731459298,1,61148.961056907865,1.0,,,,,0.34946993151327516,
California,2021-09-27,2021-10-02,44002.0,52032.0,1.2440116358347348,0.5841704331085664,1,46483.9563661247,1.0,,,,,0.15432810578105782,
California,2021-10-04,2021-10-09,49037.0,42447.0,0.6862573159043172,0.3520481451341138,1,48815.17957849463,1.0,,,,,0.13438831902441015,
California,2021-10-11,2021-10-16,38684.0,37362.0,0.6429273084479371,0.14211528794476386,1,38349.67793487354,1.0,,,,,0.03417433564264295,
California,2021-10-18,2021-10-23,33576.0,40223.0,0.5619787943769359,0.11253587828400922,1,33449.055263748734,1.0,,,,,0.16525371056360788,
California,2021-10-25,2021-10-30,38584.0,43568.0,0.6890680074642339,0.08453957606626912,1,37126.37908638494,1.0,,,,,0.11439588688946016,
California,2021-11-01,2021-11-06,43690.0,43967.0,0.6930647745479515,0.11518709679453128,1,43009.30652395988,1.0,,,,,0.006300179680214706,
California,2021-11-08,2021-11-13,44579.0,44449.0,0.6284349132999842,0.10027198514605622,1,43542.85449221755,1.0,,,,,0.0029161712914152404,
California,2021-11-15,2021-11-20,42317.0,32155.0,0.6020039227733535,0.07087581114185726,1,40816.359770891824,1.0,,,,,0.24013989649549827,
California,2021-11-22,2021-11-27,34166.0,24728.0,0.6629397646783352,0.05413786887441361,1,33722.540910764365,1.0,,,,,0.2762395363811977,
California,2021-11-29,2021-12-04,24317.0,45748.0,0.7133692478512974,0.15287212860967853,1,23886.99926566559,1.0,,,,,0.46845763749234937,
California,2021-12-06,2021-12-11,38354.0,47284.0,0.5261250456275747,0.2000330479095591,1,40061.23663916914,1.0,,,,,0.18885881059132054,
California,2021-12-13,2021-12-18,52030.0,48400.0,0.8547760907168941,0.33078282141850673,1,55104.81233128988,1.0,,,,,0.06976744186046512,
California,2021-12-20,2021-12-25,48281.0,89723.0,1.2266730183716161,0.11955502336153312,1,49938.322842678725,1.0,,,,,0.4618882560770371,
California,2021-12-27,2022-01-01,110999.0,233482.0,0.851764430310183,0.07323464165780175,1,109955.24047651397,1.0,,,,,0.524592902236575,
California,2022-01-03,2022-01-08,365649.0,542000.0,0.9900368933047814,0.05731691359159883,1,365017.9284395726,1.0,,,,,0.3253708487084871,
California,2022-01-10,2022-01-15,872202.0,852470.0,1.1008825937110898,0.003776476569993959,1,872179.1612351959,1.0,,,,,0.0226231996716357,
California,2022-01-17,2022-01-22,1060798.0,769778.0,1.0171408694209454,0.036658841254520215,1,1059494.4988629993,1.0,,,,,0.27434063789713026,
California,2022-01-24,2022-01-29,629852.0,595661.0,0.9008274959831833,0.06638310026692631,1,628792.9988972262,1.0,,,,,0.054284181045705975,
California,2022-01-31,2022-02-05,572000.0,317560.0,0.5629423076923077,0.0067755098817920655,1,571891.8910695591,1.0,,,,,0.4448251748251748,
California,2022-02-07,2022-02-12,299303.0,204043.0,0.45656074279242104,0.30333052696830226,3,109199.2399897549,0.14747975200455263,177031.87996243464,0.15305499643010734,329655.31990096404,0.6994652515653401,0.3182727871087159,2.0
California,2022-02-14,2022-02-19,110206.0,96138.0,0.8315881167994483,0.4902791635223638,3,48368.191867019355,0.27300432274637215,107292.25878101075,0.36500325681583495,193874.561185243,0.36199242043779295,0.12765185198628023,2.0
California,2022-02-21,2022-02-26,66221.0,66107.0,1.095906132495734,0.4763386709959962,3,20388.01343950389,0.25710848851991397,37570.06271768482,0.3779622624326959,64905.141114790844,0.36492924904739016,0.0017215082828709925,3.0
California,2022-02-28,2022-03-05,48017.0,42518.0,1.182456213424412,0.3293547226124982,2,7838.0,0.11191602644616476,45322.968609658696,0.8880839735538353,,,0.11452194014619822,2.0
California,2022-03-07,2022-03-12,25865.0,30863.0,1.0866035182679297,0.5082214981071397,2,12332.098537289487,0.34220303857042,25964.52437247793,0.65779696142958,,,0.1619414833295532,2.0
California,2022-03-14,2022-03-19,23676.0,29115.0,2.1066903193106943,0.4384011892944118,2,3111.03937007874,0.21543392186089494,23386.259842519685,0.7845660781391052,,,0.18681092220504894,2.0
California,2022-03-21,2022-03-26,27632.0,23651.0,1.6014041690793284,0.47463736180524424,2,914.5292227559055,0.2315717440353146,28867.451498346454,0.7684282559646853,,,0.1440720903300521,2.0
California,2022-03-28,2022-04-02,23777.0,18590.0,0.8578878748370273,0.44794498276566275,2,208.0,0.1638894076227377,21856.417725535153,0.8361105923772624,,,0.21815199562602516,2.0
California,2022-04-04,2022-04-09,13872.0,23962.0,1.4216407151095733,0.5414793620037783,1,12009.420079676756,1.0,,,,,0.4210833820215341,
California,2022-04-11,2022-04-16,20939.0,23290.0,1.1874492573666364,0.26020987685157787,1,18177.644872038683,1.0,,,,,0.10094461142121082,
California,2022-04-18,2022-04-23,24744.0,33743.0,1.1303346265761396,0.31660301433531424,1,21904.100130084047,1.0,,,,,0.2666923510061346,
California,2022-04-25,2022-04-30,35599.0,44302.0,0.9282845023736622,0.7746833026957552,1,37516.02735986568,1.0,,,,,0.1964471129971559,
California,2022-05-02,2022-05-07,46415.0,55340.0,1.0236776904018097,0.44503598261715577,1,47323.131481820514,1.0,,,,,0.16127574990964944,
California,2022-05-09,2022-05-14,54204.0,61799.0,0.8205851966644528,0.15597419660715897,1,57532.75332377043,1.0,,,,,0.12289842877716468,
California,2022-05-16,2022-05-21,63036.0,98909.0,0.7401802144806142,0.37319308985818544,1,68821.47471297665,1.0,,,,,0.36268691423429616,
California,2022-05-23,2022-05-28,100571.0,111956.0,0.9899672867924153,0.27060062435260646,1,99855.70427783008,1.0,,,,,0.10169173603915824,
California,2022-05-30,2022-06-04,113354.0,103754.0,0.7955696314201528,0.07463395459213439,1,112722.41365734705,1.0,,,,,0.08469043880233604,
California,2022-06-06,2022-06-11,98917.0,129316.0,0.7493858487418745,0.12763052914595072,1,96920.49572872174,1.0,,,,,0.23507531937269943,
California,2022-06-13,2022-06-18,125463.0,104048.0,0.8001960737428565,0.11787497294912952,1,125263.8653482807,1.0,,,,,0.17068777249069447,
California,2022-06-20,2022-06-25,104447.0,127021.0,0.7498539929342154,0.12116802884679641,1,97073.01691060685,1.0,,,,,0.1777186449484731,
California,2022-06-27,2022-07-02,125253.0,131578.0,0.7254916049914972,0.06075351076553454,1,121763.685697684,1.0,,,,,0.04807034610649197,
California,2022-07-04,2022-07-09,126050.0,117417.0,0.7770249900833003,0.07668250469532999,2,102160.39229731618,0.11112204555499104,125843.95219668806,0.8888779544450088,,,0.06848869496231653,2.0
California,2022-07-11,2022-07-16,117769.0,163047.0,0.9046947838565327,0.07420755215148903,2,97874.0,0.10855501053366615,117734.103903412,0.8914449894663339,,,0.2776990683667899,2.0
California,2022-07-18,2022-07-23,151067.0,142230.0,0.7189061807012782,0.13115587811414153,2,130832.02748273854,0.40498753178997987,152910.39307161188,0.5950124682100201,,,0.05849722308644509,2.0
California,2022-07-25,2022-07-30,141648.0,129279.0,0.7073237885462555,0.10516995166824647,2,99590.2062007874,0.13592308512590337,142410.54146161416,0.8640769148740967,,,0.08732209420535411,2.0
California,2022-08-01,2022-08-06,114818.0,111990.0,0.9072706370081346,0.13646806576676,2,82879.54330708661,0.3122006488120547,118695.91338582677,0.6877993511879453,,,0.024630284450173318,2.0
California,2022-08-08,2022-08-13,104820.0,90019.0,0.7172009158557527,0.08795300338787503,2,81510.0,0.1029074564020436,104644.27347643104,0.8970925435979564,,,0.1412039687082618,1.0
California,2022-08-15,2022-08-20,86564.0,77409.0,1.0258421514717435,0.232247384202719,2,29909.7021484375,0.1234806344984888,87617.8554343742,0.8765193655015112,,,0.1057599001894552,2.0
California,2022-08-22,2022-08-27,74421.0,76007.0,0.7067360019349377,0.12898572550920245,2,56193.459448818896,0.22742038828908615,75649.03031496063,0.7725796117109139,,,0.02086649913823727,2.0
California,2022-08-29,2022-09-03,69124.0,61565.0,0.7811613911231989,0.0923086341027041,1,68227.68556574911,1.0,,,,,0.10935420403911811,
California,2022-09-05,2022-09-10,59040.0,44186.0,0.8548949864498645,0.11944880840339314,1,57446.43834157652,1.0,,,,,0.2515921409214092,
California,2022-09-12,2022-09-17,53394.0,33213.0,0.8191557103794433,0.1979261008967434,1,47269.10060690528,1.0,,,,,0.377963816159119,
California,2022-09-19,2022-09-24,67247.0,33558.0,0.8672059720136214,0.2350859501492864,1,58236.88277768671,1.0,,,,,0.5009740211459247,
California,2022-09-26,2022-10-01,32141.0,32671.0,0.8676767991039482,0.1419072426540158,1,30531.786857313084,1.0,,,,,0.01622233785314193,
California,2022-10-03,2022-10-08,30783.0,29658.0,0.8163596790436279,0.11489161351954673,1,30597.87809286794,1.0,,,,,0.03654614559984407,
California,2022-10-10,2022-10-15,31386.0,23826.0,0.9926718919263365,0.1360979638860878,1,31243.635703529333,1.0,,,,,0.24087172624737144,
California,2022-10-17,2022-10-22,23915.0,22060.0,0.8842567426301484,0.09371984382881325,1,23724.965831354602,1.0,,,,,0.07756638093246916,
California,2022-10-24,2022-10-29,20729.0,24650.0,0.8623184910029428,0.1574393329929777,1,19512.52220466538,1.0,,,,,0.15906693711967546,
California,2022-10-31,2022-11-05,22578.0,24538.0,0.8908672158738595,0.17545960981717804,1,22874.57365855068,1.0,,,,,0.07987611052245497,
California,2022-11-07,2022-11-12,25719.0,26499.0,1.06831525331467,0.18855006967375162,1,26404.556075496435,1.0,,,,,0.02943507302162346,
California,2022-11-14,2022-11-19,24214.0,41367.0,0.950772280498885,0.21209657420551611,1,26111.266630407452,1.0,,,,,0.4146541929557377,
California,2022-11-21,2022-11-26,35561.0,43794.0,0.7940440370068333,0.3189314484407782,2,35807.055118110235,0.8905708138138284,62580.0,0.10942918618617165,,,0.18799378910353015,1.0
California,2022-11-28,2022-12-03,40373.0,55697.0,0.8086097144130978,0.24927002163121376,2,15828.5,0.12626353088379685,39715.4094488189,0.8737364691162032,,,0.27513151516239653,2.0
California,2022-12-05,2022-12-10,52086.0,83066.0,0.8895672541565872,0.29356460606302787,2,51379.468896099905,0.7679191606717275,87406.0,0.23208083932827253,,,0.3729564442732285,2.0
California,2022-12-12,2022-12-17,82313.0,71369.0,0.858625004555781,0.10484845061896116,1,86139.1964485794,1.0,,,,,0.13295591218884015,
California,2022-12-19,2022-12-24,75812.0,64729.0,0.681950087057458,0.14264244382966196,1,72824.09980104525,1.0,,,,,0.14619057668970611,
California,2022-12-26,2022-12-31,82108.0,53816.0,0.7285769961514104,0.549710635381806,1,94899.72135462877,1.0,,,,,0.3445705655965314,
California,2023-01-02,2023-01-07,54589.0,52182.0,0.9313964351792485,0.11139221346957467,1,57132.03713679336,1.0,,,,,0.044093132316034366,
California,2023-01-09,2023-01-14,49014.0,47380.0,1.0244419961643612,0.11676770884263447,1,47089.89304682185,1.0,,,,,0.033337413800138736,
California,2023-01-16,2023-01-21,45931.0,25899.0,1.03986414404215,0.3392822307213335,1,39529.3594777463,1.0,,,,,0.43613245955890356,
California,2023-01-23,2023-01-28,28709.0,25352.0,1.2735030826570066,0.3156002477945479,1,31652.532034276635,1.0,,,,,0.11693197255216134,
Colorado,2021-07-26,2021-07-31,4339.0,6077.0,0.5851578704770685,0.10065200120179656,1,4252.567784545768,1.0,,,,,0.28599637979266085,
Colorado,2021-08-02,2021-08-07,7472.0,7708.0,0.5429603854389722,0.0787867129793294,1,7414.537630854191,1.0,,,,,0.03061754021795537,
Colorado,2021-08-09,2021-08-14,8621.0,8753.0,0.9160190233151606,0.08184713932635965,1,8518.601650722007,1.0,,,,,0.015080543813549641,
Colorado,2021-08-16,2021-08-21,9461.0,11259.0,0.5402177359687137,0.06920474771907197,1,9189.403983307955,1.0,,,,,0.1596944666489031,
Colorado,2021-08-23,2021-08-28,10647.0,12290.0,0.5465389311543157,0.15672077799357043,1,11274.589745415264,1.0,,,,,0.1336859235150529,
Colorado,2021-08-30,2021-09-04,12742.0,13410.0,0.4651546068121174,0.07797985410776352,1,13034.796750706953,1.0,,,,,0.04981357196122297,
Colorado,2021-09-06,2021-09-11,13069.0,13191.0,0.5881092662024638,0.10945842135017773,1,13519.435541964369,1.0,,,,,0.009248730194829809,
Colorado,2021-09-13,2021-09-18,12703.0,13297.0,0.5360938361017082,0.09677162697303325,1,13018.135875059315,1.0,,,,,0.04467173046551854,
Colorado,2021-09-20,2021-09-25,13846.0,12610.0,0.4310270114112379,0.04698036400850157,1,13911.628004486,1.0,,,,,0.08926765852953922,
Colorado,2021-09-27,2021-10-02,12139.0,14343.0,0.8116813576077107,0.0697223141383161,1,12006.308671171815,1.0,,,,,0.1536638081294011,
Colorado,2021-10-04,2021-10-09,12131.0,15281.0,0.5032561206825489,0.05097783444888974,1,12092.810163837838,1.0,,,,,0.20613834173156206,
Colorado,2021-10-11,2021-10-16,14993.0,14939.0,0.725271793503635,0.12268601843878313,1,14859.888616604117,1.0,,,,,0.0036016807843660373,
Colorado,2021-10-18,2021-10-23,16845.0,17473.0,0.6779459780350252,0.10101446468435286,1,16358.180170524738,1.0,,,,,0.03594116637097236,
Colorado,2021-10-25,2021-10-30,15461.0,20635.0,0.7000840825302374,0.10680164785575731,1,15052.822790559727,1.0,,,,,0.2507390356190938,
Colorado,2021-11-01,2021-11-06,19881.0,23236.0,0.6952366581157889,0.11105492918788369,1,19705.407173973465,1.0,,,,,0.14438801859184025,
Colorado,2021-11-08,2021-11-13,20178.0,24714.0,0.5993160868272376,0.053702331229318875,1,20104.387189876135,1.0,,,,,0.18353969410050983,
Colorado,2021-11-15,2021-11-20,21523.0,22103.0,0.5346373646796451,0.03668729085087711,1,21697.50182647416,1.0,,,,,0.02624078179432656,
Colorado,2021-11-22,2021-11-27,22394.0,16403.0,0.6786639278378137,0.03107909978575167,1,22527.778303428342,1.0,,,,,0.2675270161650442,
Colorado,2021-11-29,2021-12-04,18161.0,17977.0,0.6299763228897087,0.16722853374757618,1,18984.198673634306,1.0,,,,,0.010131600682781785,
Colorado,2021-12-06,2021-12-11,15237.0,12307.0,0.6229572750541446,0.027989589260536355,1,15218.512062877953,1.0,,,,,0.1922950712082431,
Colorado,2021-12-13,2021-12-18,15260.0,13687.0,0.6841415465268676,0.0645968223820974,1,14794.369927823182,1.0,,,,,0.10307994757536042,
Colorado,2021-12-20,2021-12-25,11667.0,35418.0,0.7988343190194566,0.09328854046841036,2,10857.815542276276,0.5300008331012019,12656.70879593393,0.469999166898798,,,0.6705912248009487,2.0
Colorado,2021-12-27,2022-01-01,20141.0,82079.0,0.9875378581003922,0.09342831575600949,2,16390.12661511163,0.24499699156640886,20344.63583530878,0.7550030084335911,,,0.754614456803811,2.0
Colorado,2022-01-03,2022-01-08,70695.0,127085.0,1.0077374637527405,0.1046874191437599,2,52858.79311425275,0.13839571979320345,72919.73106732838,0.8616042802067966,,,0.44371877090136524,2.0
Colorado,2022-01-10,2022-01-15,101268.0,108368.0,1.1275427578307067,0.0035511647616732326,1,101265.85820776393,1.0,,,,,0.06551749593976082,
Colorado,2022-01-17,2022-01-22,142179.0,77357.0,1.0417572215306057,0.031180418061483247,1,141687.37503509366,1.0,,,,,0.4559182439038114,
Colorado,2022-01-24,2022-01-29,74775.0,45367.0,0.8102173186225343,0.0492589480619232,1,74736.80717492173,1.0,,,,,0.3932865262454029,
Colorado,2022-01-31,2022-02-05,55663.0,22428.0,0.6344250220074377,0.012610673554395426,1,55644.50449975116,1.0,,,,,0.5970752564540179,
Colorado,2022-02-07,2022-02-12,29511.0,12138.0,0.5523025312595303,0.24135738288168657,1,27760.413007031246,1.0,,,,,0.5886957405713124,
Colorado,2022-02-14,2022-02-19,12440.0,7044.0,0.9586816720257235,0.3201708877578094,1,12629.086810439576,1.0,,,,,0.4337620578778135,
Colorado,2022-02-21,2022-02-26,8584.0,4170.0,0.9154240447343895,0.37624093320394886,1,9296.623434973191,1.0,,,,,0.5142124883504194,
Colorado,2022-02-28,2022-03-05,8488.0,3347.0,1.0567860508953817,0.2944138312470664,1,7805.5833496681735,1.0,,,,,0.6056786050895382,
Colorado,2022-03-07,2022-03-12,4232.0,2725.0,0.9820415879017014,0.3825264345071087,1,4011.716736932215,1.0,,,,,0.3560964083175803,
Colorado,2022-03-14,2022-03-19,6105.0,2337.0,2.0324324324324325,0.4509432135682863,1,5408.809016908515,1.0,,,,,0.6171990171990172,
Colorado,2022-03-21,2022-03-26,5377.0,2137.0,1.568904593639576,0.5887074525550614,1,4958.408234769717,1.0,,,,,0.6025664868885996,
Colorado,2022-03-28,2022-04-02,7469.0,2402.0,0.9945106439951801,0.4045822191942038,1,6684.462364151486,1.0,,,,,0.6784040701566475,
Colorado,2022-04-04,2022-04-09,6703.0,2725.0,1.3150827987468299,0.41164748976030247,3,989.0,0.2267127821926562,6627.590122761205,0.6236182374982092,8971.723095145077,0.1496689803091346,0.5934656124123526,1.0
Colorado,2022-04-11,2022-04-16,6663.0,3800.0,1.0334684076241933,0.26216458949932925,3,4568.5088886845,0.35388322365657976,6723.422722041185,0.4091115621740887,9138.412362871954,0.23700521416933146,0.42968632748011404,1.0
Colorado,2022-04-18,2022-04-23,8954.0,4917.0,0.9581192763010945,0.24002094911366467,3,5954.164421229611,0.2041387327865376,8753.928809435722,0.5497272252439415,11210.86490520843,0.24613404196952088,0.45085995085995084,1.0
Colorado,2022-04-25,2022-04-30,10106.0,5881.0,0.9393429645754997,0.31039279778195583,1,9317.871277875733,1.0,,,,,0.41806847417375814,
Colorado,2022-05-02,2022-05-07,7122.0,7859.0,1.1109238977815221,0.2597895618731907,1,6826.973999628572,1.0,,,,,0.09377783433006744,
Colorado,2022-05-09,2022-05-14,5826.0,10571.0,0.9188122210779265,0.19021122283375863,1,5993.935775747355,1.0,,,,,0.4488695487654905,
Colorado,2022-05-16,2022-05-21,12365.0,11635.0,1.5246259603720178,0.4738383166154306,3,5299.020375668995,0.18963715623341296,7168.205240350764,0.3010809064920159,18249.801223821254,0.509281937274571,0.059037606146380914,2.0
Colorado,2022-05-23,2022-05-28,11847.0,14068.0,1.6371233223600912,0.4176940601382329,3,9731.716750845342,0.3263179718022803,11796.02030405496,0.40347415071425785,18726.18223268725,0.2702078774834619,0.15787603070798975,2.0
Colorado,2022-05-30,2022-06-04,18171.0,15548.0,1.006769027571405,0.2616537767320117,3,12085.259842519685,0.2808994023414136,18305.614173228347,0.25930879489142694,22571.0,0.45979180276715953,0.1443508887788234,2.0
Colorado,2022-06-06,2022-06-11,13478.0,15531.0,0.9949547410595044,0.3293967731987984,3,9248.318066234559,0.18800996985532334,13310.232318209528,0.6013836987759476,24301.29441178886,0.21060633136872917,0.13218723842637306,2.0
Colorado,2022-06-13,2022-06-18,24623.0,13677.0,0.9615400235552126,0.23938942112613207,3,19491.533858267718,0.411790124952498,24562.50078740158,0.10003563906329833,28048.790551181104,0.4881742359842037,0.4445437192868456,1.0
Colorado,2022-06-20,2022-06-25,14939.0,13744.0,1.1466630965928108,0.20930992974591173,3,12678.605838897638,0.2580473685463152,14946.714579212598,0.6004844143937981,20616.98643,0.1414682170598867,0.07999196733382422,1.0
Colorado,2022-06-27,2022-07-02,16586.0,14630.0,0.8621126251055107,0.2701916091407684,3,12536.791732283466,0.3495101939679913,17241.735433070866,0.365265139699512,23668.0,0.28522466633249677,0.11793078499939708,1.0
Colorado,2022-07-04,2022-07-09,15861.0,13039.0,0.9503183910220037,0.1772789897799112,3,9160.956172440945,0.17334487996647494,15779.970635590553,0.6176698369900917,17892.42206,0.20898528304343333,0.17792068595927116,2.0
Colorado,2022-07-11,2022-07-16,14776.0,12302.0,1.1007038440714672,0.19875647798270032,3,9753.33541727562,0.20125944995655487,14369.255756018385,0.4008680629590249,16894.948016839895,0.39787248708442025,0.1674336762317271,2.0
Colorado,2022-07-18,2022-07-23,13712.0,11042.0,0.9927800466744457,0.13636362428465637,1,13806.56953331483,1.0,,,,,0.19471995332555425,
Colorado,2022-07-25,2022-07-30,15837.0,9845.0,0.8658836900928206,0.16303268285015965,1,14991.322110109322,1.0,,,,,0.3783544863294816,
Colorado,2022-08-01,2022-08-06,10344.0,8013.0,1.4045823665893271,0.16564784496322366,1,10226.730991499628,1.0,,,,,0.22534802784222738,
Colorado,2022-08-08,2022-08-13,9389.0,6922.0,1.04313558419427,0.08492047954217784,1,8917.324801328617,1.0,,,,,0.2627542869315156,
Colorado,2022-08-15,2022-08-20,7449.0,5057.0,1.434017988991811,0.2119318970520507,1,7118.019167995219,1.0,,,,,0.32111692844677137,
Colorado,2022-08-22,2022-08-27,6942.0,4591.0,1.0528666090463843,0.12019377264486454,1,6467.571945201895,1.0,,,,,0.3386632094497263,
Colorado,2022-08-29,2022-09-03,4287.0,7686.0,0.9290879402845813,0.05750575647858117,1,4282.245967225309,1.0,,,,,0.4422326307572209,
Colorado,2022-09-05,2022-09-10,6825.0,4730.0,1.0247619047619048,0.2579838327086856,1,7605.485053376658,1.0,,,,,0.306959706959707,
Colorado,2022-09-12,2022-09-17,4856.0,6034.0,1.2520593080724876,0.09215559311478655,1,4866.0770494517765,1.0,,,,,0.1952270467351674,
Colorado,2022-09-19,2022-09-24,5475.0,4407.0,1.0085844748858448,0.13415880325328156,1,5591.128279548597,1.0,,,,,0.19506849315068492,
Colorado,2022-09-26,2022-10-01,4486.0,4935.0,1.0017833259028088,0.06311027073210755,1,4462.330934903078,1.0,,,,,0.09098277608915907,
Colorado,2022-10-03,2022-10-08,4700.0,4130.0,0.9153191489361702,0.0712719557231787,1,4827.394935290141,1.0,,,,,0.12127659574468085,
Colorado,2022-10-10,2022-10-15,4496.0,4313.0,1.0451512455516014,0.07298421860939192,1,4450.730845875662,1.0,,,,,0.04070284697508897,
Colorado,2022-10-17,2022-10-22,4243.0,4738.0,0.9528635399481499,0.06103824030676255,1,4157.843013281822,1.0,,,,,0.1044744617982271,
Colorado,2022-10-24,2022-10-29,4628.0,4333.0,1.1145203111495245,0.1049076771304379,1,4860.887071536499,1.0,,,,,0.06374243733794295,
Colorado,2022-10-31,2022-11-05,4771.0,6845.0,0.954307273108363,0.14822203036788215,1,4988.143006056786,1.0,,,,,0.30299488677867054,
Colorado,2022-11-07,2022-11-12,7068.0,7467.0,1.1683644595359366,0.1251669878336175,1,7473.899170444185,1.0,,,,,0.05343511450381679,
Colorado,2022-11-14,2022-11-19,8107.0,8373.0,0.9599111878623412,0.10277850091667233,1,8133.652760641059,1.0,,,,,0.03176878060432342,
Colorado,2022-11-21,2022-11-26,8913.0,8101.0,0.9281947716818131,0.14682522360772346,1,8997.113684758664,1.0,,,,,0.09110288342869965,
Colorado,2022-11-28,2022-12-03,9037.0,7949.0,0.9454464977315481,0.14919470367974777,1,8998.780894142514,1.0,,,,,0.12039393604072147,
Colorado,2022-12-05,2022-12-10,8283.0,7030.0,0.9316672703126886,0.13460288148751157,1,8099.1368860932735,1.0,,,,,0.15127369310636243,
Colorado,2022-12-12,2022-12-17,6973.0,6056.0,1.0701276351642048,0.060231177731706935,1,6754.888302486019,1.0,,,,,0.13150724221999138,
Colorado,2022-12-19,2022-12-24,5711.0,6318.0,1.1143407459289092,0.11215608763198602,1,5886.575415254425,1.0,,,,,0.0960747071858183,
Colorado,2022-12-26,2022-12-31,6264.0,4331.0,0.9744572158365262,0.08308886974456993,1,6011.326232495288,1.0,,,,,0.3085887611749681,
Colorado,2023-01-02,2023-01-07,4404.0,3876.0,1.1326067211625794,0.14698466469721272,1,4485.5878404813275,1.0,,,,,0.11989100817438691,
Colorado,2023-01-09,2023-01-14,3543.0,3314.0,1.1193903471634208,0.21799619428527314,1,3542.9961223841956,1.0,,,,,0.0646344905447361,
Colorado,2023-01-16,2023-01-21,3046.0,2046.0,1.3634274458305975,0.18512436144855568,1,2845.8374858990023,1.0,,,,,0.3282994090610637,
Colorado,2023-01-23,2023-01-28,2051.0,3609.0,1.8595806923451974,0.41181433430041536,1,2576.5921357747775,1.0,,,,,0.4316985314491549,
Connecticut,2021-07-26,2021-07-31,2002.0,2298.0,0.9235764235764236,0.1399517373268245,1,1966.7832806102401,1.0,,,,,0.1288076588337685,
Connecticut,2021-08-02,2021-08-07,3992.0,3741.0,1.2918336673346693,0.11506884912638801,1,3882.5011520953435,1.0,,,,,0.062875751503006,
Connecticut,2021-08-09,2021-08-14,6481.0,3760.0,1.0959728436969602,0.15696307951311744,1,6131.203039702344,1.0,,,,,0.4198426168801111,
Connecticut,2021-08-16,2021-08-21,4834.0,4020.0,0.7991311543235415,0.10186505955616902,1,4531.35851587347,1.0,,,,,0.1683905668183699,
Connecticut,2021-08-23,2021-08-28,4674.0,4852.0,0.5838682071031237,0.09932177358190236,1,4458.568555363097,1.0,,,,,0.036685902720527616,
Connecticut,2021-08-30,2021-09-04,5223.0,4427.0,0.44667815431744207,0.017830584826610166,1,5194.069453259999,1.0,,,,,0.1524028336205246,
Connecticut,2021-09-06,2021-09-11,4399.0,3798.0,0.6962946124119118,0.09244325567648812,1,4608.599203441492,1.0,,,,,0.13662195953625825,
Connecticut,2021-09-13,2021-09-18,3477.0,5409.0,0.5205637043428243,0.1395547042046864,1,3712.012069052485,1.0,,,,,0.35718247365501943,
Connecticut,2021-09-20,2021-09-25,5923.0,3391.0,0.5012662502110417,0.0674615189037849,1,5771.133405892326,1.0,,,,,0.42748607124767857,
Connecticut,2021-09-27,2021-10-02,3836.0,3333.0,1.3438477580813348,0.13251289488885673,1,3853.7982126954475,1.0,,,,,0.13112617309697602,
Connecticut,2021-10-04,2021-10-09,2934.0,2942.0,0.7297205180640763,0.10805522289193699,1,2925.177804661491,1.0,,,,,0.002719238613188307,
Connecticut,2021-10-11,2021-10-16,2896.0,3115.0,0.7330801104972375,0.09366761414158731,1,2956.4957541465337,1.0,,,,,0.07030497592295346,
Connecticut,2021-10-18,2021-10-23,3055.0,3103.0,0.8464811783960721,0.18008597767116588,1,2892.794445007369,1.0,,,,,0.015468901063486949,
Connecticut,2021-10-25,2021-10-30,3121.0,2357.0,0.8715155398910606,0.16383553791206446,1,3189.7558269765914,1.0,,,,,0.24479333546940082,
Connecticut,2021-11-01,2021-11-06,2282.0,2386.0,1.1660823838737948,0.21979713286741048,1,2313.588696641995,1.0,,,,,0.04358759430008382,
Connecticut,2021-11-08,2021-11-13,2321.0,2781.0,0.8341232227488151,0.08567739007516795,1,2283.9908339500353,1.0,,,,,0.1654081265731751,
Connecticut,2021-11-15,2021-11-20,2879.0,5168.0,0.7922889892323723,0.08828355528887447,1,2873.5358433873625,1.0,,,,,0.44291795665634676,
Connecticut,2021-11-22,2021-11-27,5040.0,5555.0,0.9638888888888889,0.1480852502458927,2,4820.36673077644,0.4755480508739259,5900.495158319947,0.5244519491260742,,,0.0927092709270927,2.0
Connecticut,2021-11-29,2021-12-04,5959.0,6802.0,0.9268333613022319,0.1681636087660393,2,4716.07142857143,0.31532124436098885,6107.2032407424085,0.6846787556390113,,,0.12393413701852396,2.0
Connecticut,2021-12-06,2021-12-11,6780.0,14148.0,0.8643067846607669,0.1121833017303527,2,6683.481787007874,0.47230677578607394,7859.5998417322835,0.5276932242139261,,,0.5207803223070399,2.0
Connecticut,2021-12-13,2021-12-18,14245.0,16143.0,0.7770445770445771,0.18954094599656968,3,14217.366545734776,0.6119839233905202,16372.676141800766,0.22233243695540364,17415.567881832696,0.16568363965407615,0.1175741807594623,2.0
Connecticut,2021-12-20,2021-12-25,17494.0,18991.0,0.9084257459700469,0.19972274619550548,3,16214.388308657228,0.18120702422211798,17356.601247172875,0.3655961689659128,25209.315199467965,0.45319680681196917,0.078826812700753,2.0
Connecticut,2021-12-27,2022-01-01,23409.0,35631.0,0.8350207185270623,0.1206655161181167,3,21950.92036558846,0.49853500899856085,25306.700005549483,0.23236638330932868,27683.71058385521,0.2690986076921104,0.3430159131093711,3.0
Connecticut,2022-01-03,2022-01-08,53189.0,63523.0,0.9789994171727237,0.07869564395431915,1,52854.34508167672,1.0,,,,,0.16268123356894354,
Connecticut,2022-01-10,2022-01-15,84601.0,63861.0,1.1255540714648764,0.003100382886569111,1,84598.71027689995,1.0,,,,,0.2451507665394026,
Connecticut,2022-01-17,2022-01-22,72763.0,34102.0,1.0722894877891236,0.024921668051221094,1,72703.20691808077,1.0,,,,,0.5313277352500584,
Connecticut,2022-01-24,2022-01-29,29121.0,24396.0,0.9488685141306961,0.24496132449255578,1,28060.12802800875,1.0,,,,,0.1622540434737818,
Connecticut,2022-01-31,2022-02-05,23778.0,10070.0,0.5002523340903356,0.017036289567212322,1,23768.47507234165,1.0,,,,,0.5764992850534107,
Connecticut,2022-02-07,2022-02-12,10992.0,6744.0,0.5542212518195051,0.22105849866773278,1,10201.350162630988,1.0,,,,,0.3864628820960699,
Connecticut,2022-02-14,2022-02-19,4923.0,6443.0,1.2057688401381272,0.28931173868463345,1,4816.517115321611,1.0,,,,,0.23591494645351543,
Connecticut,2022-02-21,2022-02-26,5265.0,3050.0,0.9965811965811966,0.25785598109500235,2,4906.259133985405,0.7117492517012292,6400.225835002328,0.28825074829877095,,,0.42070275403608737,1.0
Connecticut,2022-02-28,2022-03-05,2547.0,2456.0,1.645857872006282,0.38804599024731296,2,1239.884139482564,0.32848566558386283,2599.2767154105723,0.6715143344161372,,,0.035728307813113466,2.0
Connecticut,2022-03-07,2022-03-12,2256.0,4864.0,1.3891843971631206,0.322813710329772,2,248.24989282699207,0.15107432320983374,2234.7530091305234,0.8489256767901662,,,0.5361842105263158,2.0
Connecticut,2022-03-14,2022-03-19,4249.0,2171.0,1.841845140032949,0.45228413527713596,3,132.72254629683098,0.1943751205775032,2460.3282888553026,0.34075497236312186,5237.121104539093,0.4648699070593749,0.48905624852906565,2.0
Connecticut,2022-03-21,2022-03-26,1600.0,2328.0,1.8775,0.7199446468151095,3,56.0,0.23890786823540996,1419.4590391473714,0.4377154635150517,3204.3508722130214,0.3233766682495383,0.3127147766323024,3.0
Connecticut,2022-03-28,2022-04-02,2295.0,3080.0,1.5982570806100218,0.4681258255821716,3,25.0,0.16388940762273768,2089.927885107553,0.6325618115167807,3568.8627217386384,0.20354878086048162,0.25487012987012986,3.0
Connecticut,2022-04-04,2022-04-09,1899.0,3618.0,1.711427066877304,0.8225028328769435,3,11.0,0.2267127821926562,1858.4577613175686,0.36724980236875193,3244.0510823057452,0.4060374154385919,0.47512437810945274,3.0
Connecticut,2022-04-11,2022-04-16,4035.0,4758.0,1.4247831474597275,1.1770294967698869,1,4898.323791303776,1.0,,,,,0.15195460277427492,
Connecticut,2022-04-18,2022-04-23,4721.0,6158.0,1.0063545858928193,0.2687468678797616,1,4414.042198550649,1.0,,,,,0.2333549853848652,
Connecticut,2022-04-25,2022-04-30,6265.0,6471.0,1.035434956105347,0.6783961505169299,1,6858.545358352084,1.0,,,,,0.031834337814866324,
Connecticut,2022-05-02,2022-05-07,6379.0,7891.0,1.0522025395830068,0.5186067277204127,1,6429.6719257199975,1.0,,,,,0.1916106957293119,
Connecticut,2022-05-09,2022-05-14,7892.0,13288.0,0.85022807906741,0.08638127389277098,1,7857.9446054112095,1.0,,,,,0.4060806742925948,
Connecticut,2022-05-16,2022-05-21,13785.0,18156.0,0.7878128400435256,0.42710287829867977,1,14514.441497095617,1.0,,,,,0.2407468605419696,
Connecticut,2022-05-23,2022-05-28,16032.0,8851.0,1.344872754491018,0.4241624295231149,3,13283.149067951616,0.434687386108797,16050.471790441536,0.36806368704548786,23798.97541341331,0.19724892684571518,0.4479166666666667,1.0
Connecticut,2022-05-30,2022-06-04,9121.0,5465.0,1.1473522640061398,0.22251375230047754,3,5071.349831271071,0.1907323530127698,9466.519685039331,0.5297974418203389,10649.834645669247,0.27947020516689136,0.4008332419690823,1.0
Connecticut,2022-06-06,2022-06-11,5370.0,4424.0,1.4668528864059591,0.2851359596080164,3,3702.2630356741333,0.39093066496085815,5417.831195430908,0.3050488674462218,7133.399355187685,0.3040204675929201,0.1761638733705773,1.0
Connecticut,2022-06-13,2022-06-18,4561.0,4514.0,1.4012278009208508,0.2590248997389431,1,4141.022936795334,1.0,,,,,0.010304757728568297,
Connecticut,2022-06-20,2022-06-25,4516.0,4862.0,0.8365810451727193,0.1456521552086801,1,4399.140290279122,1.0,,,,,0.0711641299876594,
Connecticut,2022-06-27,2022-07-02,4181.0,6840.0,1.5957904807462329,0.13284640472062273,1,4079.8393721036973,1.0,,,,,0.38874269005847956,
Connecticut,2022-07-04,2022-07-09,5681.0,4697.0,1.11406442527724,0.16924362871559862,1,5866.470589790567,1.0,,,,,0.17320894208766063,
Connecticut,2022-07-11,2022-07-16,5330.0,5298.0,1.4658536585365853,0.1475504187810035,1,5325.9548211083375,1.0,,,,,0.00600375234521576,
Connecticut,2022-07-18,2022-07-23,5293.0,5522.0,1.2609106366899678,0.0356424128675595,1,5268.368784235161,1.0,,,,,0.04147048170952553,
Connecticut,2022-07-25,2022-07-30,5378.0,6021.0,1.3246560059501673,0.050218814941308004,1,5462.53968806602,1.0,,,,,0.10679289154625478,
Connecticut,2022-08-01,2022-08-06,5790.0,5449.0,1.4861830742659758,0.036978236167899185,1,5852.669583518146,1.0,,,,,0.058894645941278065,
Connecticut,2022-08-08,2022-08-13,5689.0,4966.0,0.7533837229741607,0.06749404225612705,1,5625.768593271671,1.0,,,,,0.12708736157496925,
Connecticut,2022-08-15,2022-08-20,5212.0,4261.0,0.9004221028396009,0.2026624734269205,1,4681.9319794434405,1.0,,,,,0.18246354566385264,
Connecticut,2022-08-22,2022-08-27,4356.0,4351.0,0.9559228650137741,0.09836751603743438,1,4283.860240136435,1.0,,,,,0.001147842056932966,
Connecticut,2022-08-29,2022-09-03,4356.0,4399.0,1.2520661157024793,0.06620796176865629,1,4328.161225264129,1.0,,,,,0.00977494885201182,
Connecticut,2022-09-05,2022-09-10,4341.0,3716.0,1.4222529371112647,0.09912407183230955,1,4247.128231686906,1.0,,,,,0.14397604238654688,
Connecticut,2022-09-12,2022-09-17,3824.0,6903.0,1.468357740585774,0.1204636706809238,1,3697.95973264361,1.0,,,,,0.4460379545125308,
Connecticut,2022-09-19,2022-09-24,5428.0,4774.0,1.0646647015475312,0.2596926482814247,1,5826.564427185872,1.0,,,,,0.12048636698599853,
Connecticut,2022-09-26,2022-10-01,4974.0,4770.0,1.3640932850824286,0.31491977906920243,2,4436.500562429692,0.6782000589716912,7909.5,0.32179994102830883,,,0.04101326899879373,1.0
Connecticut,2022-10-03,2022-10-08,4957.0,4070.0,1.2662900948154125,0.12000661784007083,2,4930.503937007874,0.6924520399498938,6226.0,0.3075479600501062,,,0.17893887431914465,1.0
Connecticut,2022-10-10,2022-10-15,4544.0,3663.0,1.5726232394366197,0.1752193329580438,2,4371.943998953209,0.8761763214800653,6659.0,0.12382367851993467,,,0.19388204225352113,1.0
Connecticut,2022-10-17,2022-10-22,3642.0,3511.0,1.4291598023064251,0.1637564830588445,1,3700.701980674464,1.0,,,,,0.03596924766611752,
Connecticut,2022-10-24,2022-10-29,3610.0,3777.0,1.250415512465374,0.09408565341718142,1,3589.958938126696,1.0,,,,,0.04421498543817845,
Connecticut,2022-10-31,2022-11-05,3817.0,2647.0,1.1391144878176578,0.0821825487842973,1,3976.662885894283,1.0,,,,,0.3065234477338224,
Connecticut,2022-11-07,2022-11-12,2760.0,3184.0,1.1068840579710144,0.10200685719699125,1,2859.7182011153186,1.0,,,,,0.13316582914572864,
Connecticut,2022-11-14,2022-11-19,3130.0,2839.0,1.2108626198083068,0.12261613629586533,1,3031.2759844766956,1.0,,,,,0.09297124600638977,
Connecticut,2022-11-21,2022-11-26,2827.0,3548.0,1.1545808277325786,0.06556766861171039,1,2810.4947269984314,1.0,,,,,0.2032130777903044,
Connecticut,2022-11-28,2022-12-03,3400.0,4311.0,1.2438235294117648,0.147649236603857,1,3537.3137737583106,1.0,,,,,0.2113198793783345,
Connecticut,2022-12-05,2022-12-10,4232.0,4382.0,1.261342155009452,0.17437530897270193,1,4552.199165992789,1.0,,,,,0.03423094477407576,
Connecticut,2022-12-12,2022-12-17,4650.0,4973.0,1.2391397849462367,0.05567701230340707,1,4728.053176633238,1.0,,,,,0.06495073396340237,
Connecticut,2022-12-19,2022-12-24,4938.0,5525.0,0.9307411907654921,0.06912653078309165,1,4971.04278281293,1.0,,,,,0.10624434389140272,
Connecticut,2022-12-26,2022-12-31,5517.0,4814.0,1.1218053289831431,0.050244624667277575,1,5538.203289128836,1.0,,,,,0.12742432481421062,
Connecticut,2023-01-02,2023-01-07,5237.0,5768.0,1.33358793202215,0.09274117663868325,1,5324.863200609109,1.0,,,,,0.09205963938973648,
Connecticut,2023-01-09,2023-01-14,5695.0,4594.0,0.8477611940298507,0.21345130191152847,1,5449.308944525749,1.0,,,,,0.19332748024582969,
Connecticut,2023-01-16,2023-01-21,4007.0,3637.0,1.2248565011230348,0.2218472831427993,1,4075.108970555897,1.0,,,,,0.09233840778637385,
Connecticut,2023-01-23,2023-01-28,3672.0,3061.0,1.326797385620915,0.14494117070897883,1,3792.0717374664464,1.0,,,,,0.16639433551198257,
Delaware,2021-07-26,2021-07-31,568.0,678.0,1.6461267605633803,0.06853865779244889,1,556.3139643179106,1.0,,,,,0.16224188790560473,
Delaware,2021-08-02,2021-08-07,898.0,1151.0,1.3619153674832962,0.10321626904720096,1,880.4395923065889,1.0,,,,,0.21980886185925283,
Delaware,2021-08-09,2021-08-14,1536.0,1629.0,1.12890625,0.24591658888308432,1,1636.99747813835,1.0,,,,,0.0570902394106814,
Delaware,2021-08-16,2021-08-21,2425.0,2274.0,0.6197938144329896,0.0977585124708224,2,1975.351462047244,0.30125946028356965,2448.2544198425194,0.6987405397164304,,,0.0622680412371134,2.0
Delaware,2021-08-23,2021-08-28,2663.0,2465.0,0.6368757040931281,0.13860153560255287,2,2603.080188867443,0.570613629487073,2978.3007379242126,0.42938637051292705,,,0.07435223432219301,1.0
Delaware,2021-08-30,2021-09-04,2672.0,2818.0,0.6081586826347305,0.08770318667076563,2,2661.695020472441,0.553454043500932,3074.390040944882,0.4465459564990681,,,0.051809794180269694,1.0
Delaware,2021-09-06,2021-09-11,3030.0,2831.0,0.5531353135313531,0.08262333829002803,1,2999.458863834937,1.0,,,,,0.06567656765676567,
Delaware,2021-09-13,2021-09-18,2826.0,3228.0,0.6111111111111112,0.24360520278665632,1,3039.6009057689607,1.0,,,,,0.12453531598513011,
Delaware,2021-09-20,2021-09-25,3293.0,3240.0,0.51260249013058,0.0949614834278832,1,3327.752745743363,1.0,,,,,0.016094746431825083,
Delaware,2021-09-27,2021-10-02,3171.0,3174.0,0.7896562598549354,0.12371831766725137,1,3201.030252152371,1.0,,,,,0.000945179584120983,
Delaware,2021-10-04,2021-10-09,3065.0,3071.0,0.6440456769983687,0.04655053664556815,1,3050.8568098881215,1.0,,,,,0.0019537609899055682,
Delaware,2021-10-11,2021-10-16,2974.0,2586.0,0.5709482178883658,0.1265877889336233,1,3011.8707841803443,1.0,,,,,0.1304640215198386,
Delaware,2021-10-18,2021-10-23,2432.0,2184.0,0.7384868421052632,0.14152941711513015,1,2399.1440999841816,1.0,,,,,0.10197368421052631,
Delaware,2021-10-25,2021-10-30,2119.0,1892.0,0.7975460122699386,0.1078878705775453,1,2065.40289766659,1.0,,,,,0.1071260028315243,
Delaware,2021-11-01,2021-11-06,1742.0,1662.0,0.7267508610792193,0.07334860441782642,1,1741.289587131781,1.0,,,,,0.045924225028702644,
Delaware,2021-11-08,2021-11-13,1590.0,1921.0,0.8345911949685535,0.09446718179871008,1,1547.4496326885628,1.0,,,,,0.17230609057782406,
Delaware,2021-11-15,2021-11-20,1787.0,2513.0,0.855623950755456,0.0980258952265069,1,1813.1937655769084,1.0,,,,,0.2888977317946677,
Delaware,2021-11-22,2021-11-27,2350.0,2361.0,0.8123404255319149,0.1717863315005898,1,2164.800773571274,1.0,,,,,0.004659042778483694,
Delaware,2021-11-29,2021-12-04,2410.0,3515.0,0.7468879668049793,0.2059819496052843,1,2343.493166696923,1.0,,,,,0.31436699857752487,
Delaware,2021-12-06,2021-12-11,3207.0,4202.0,0.8574992204552542,0.12076447247812211,1,3166.2781896086567,1.0,,,,,0.23679200380771062,
Delaware,2021-12-13,2021-12-18,4364.0,4799.0,0.7477085242896425,0.06801609535845654,1,4474.279054370939,1.0,,,,,0.09064388414252969,
Delaware,2021-12-20,2021-12-25,5024.0,6640.0,0.8284235668789809,0.1094372387982662,1,5253.284215774078,1.0,,,,,0.2433734939759036,
Delaware,2021-12-27,2022-01-01,6872.0,12317.0,0.9777357392316647,0.064300753219793,1,6700.64208731771,1.0,,,,,0.4420719331005927,
Delaware,2022-01-03,2022-01-08,12421.0,18356.0,0.9768939698897029,0.03310174871305766,1,12289.536313229197,1.0,,,,,0.3233275223360209,
Delaware,2022-01-10,2022-01-15,29776.0,22858.0,1.1107939279957013,0.006649288168163676,1,29773.427680356806,1.0,,,,,0.23233476625470179,
Delaware,2022-01-17,2022-01-22,25104.0,13407.0,1.0783142128744423,0.02840292192252762,1,25047.625985073566,1.0,,,,,0.46594168260038243,
Delaware,2022-01-24,2022-01-29,12603.0,8458.0,0.9342220106323891,0.09954581389257361,1,13398.155743139327,1.0,,,,,0.32888994683805445,
Delaware,2022-01-31,2022-02-05,9116.0,3797.0,0.5878674857393593,0.015493050524012019,1,9111.80026835554,1.0,,,,,0.5834795963141729,
Delaware,2022-02-07,2022-02-12,4089.0,2536.0,0.6847640009782343,0.24300047365845603,3,1755.3109224597529,0.11621938733778148,3327.374878936104,0.18431536109687852,4557.685801395857,0.6994652515653401,0.3797994619711421,1.0
Delaware,2022-02-14,2022-02-19,1593.0,1654.0,1.310734463276836,0.34999404534295375,3,1235.8278965129375,0.3866629659999072,1724.2418447694063,0.40369378034329895,2644.71428571429,0.20964325365679373,0.03688029020556227,2.0
Delaware,2022-02-21,2022-02-26,1503.0,1501.0,1.031936127744511,0.46049061447763756,3,1099.6641966141733,0.5344797563061124,1803.8977471653543,0.2848145986158326,2586.37947,0.18070564507805506,0.0013306719893546241,2.0
Delaware,2022-02-28,2022-03-05,1131.0,734.0,1.775419982316534,0.3495444553937211,2,39.0,0.11191602644616476,1155.617547806523,0.8880839735538353,,,0.3510167992926614,2.0
Delaware,2022-03-07,2022-03-12,551.0,843.0,2.17967332123412,0.45791780932074677,2,23.34758155230596,0.1499489016405799,574.416197975253,0.85005109835942,,,0.34638196915776986,2.0
Delaware,2022-03-14,2022-03-19,667.0,571.0,2.128935532233883,0.6206357286712889,2,40.062991394280495,0.2483659884912177,833.5747848570123,0.7516340115087823,,,0.14392803598200898,2.0
Delaware,2022-03-21,2022-03-26,499.0,590.0,2.1402805611222444,0.6235876580266245,2,16.261501959229427,0.23890786823540996,520.1985764099477,0.76109213176459,,,0.15423728813559323,2.0
Delaware,2022-03-28,2022-04-02,523.0,663.0,1.1338432122370936,0.7260248345735968,2,1.0,0.1638894076227377,685.8623938036608,0.8361105923772624,,,0.21116138763197587,2.0
Delaware,2022-04-04,2022-04-09,526.0,-730.0,1.596958174904943,0.5031313561766493,2,1.0,0.2267127821926562,541.4718472190823,0.7732872178073438,,,2.387832699619772,1.0
Delaware,2022-04-11,2022-04-16,492.0,923.0,1.6321138211382114,1.0039265470462297,1,601.0913844076636,1.0,,,,,0.466955579631636,
Delaware,2022-04-18,2022-04-23,808.0,1358.0,1.495049504950495,0.515137901065301,2,117.22043258274608,0.15855707289328416,888.6722622002617,0.8414429271067159,,,0.4050073637702504,2.0
Delaware,2022-04-25,2022-04-30,1588.0,1062.0,1.5403022670025188,1.2578597885355294,2,1624.6647923560215,0.7793828923280565,2144.5575259099483,0.2206171076719436,,,0.33123425692695213,1.0
Delaware,2022-05-02,2022-05-07,1235.0,1915.0,1.0388663967611336,1.6962498592481774,2,859.7947651824046,0.44219657690051173,1337.458523617074,0.5578034230994883,,,0.35509138381201044,2.0
Delaware,2022-05-09,2022-05-14,1953.0,2889.0,1.3348694316436251,0.0861756927762159,1,1955.554160593967,1.0,,,,,0.32398753894080995,
Delaware,2022-05-16,2022-05-21,2971.0,4029.0,0.857623695725345,0.23648397856851142,1,2697.7346555190647,1.0,,,,,0.26259617771159094,
Delaware,2022-05-23,2022-05-28,4179.0,3605.0,1.0430725053840633,0.2849174840673791,1,4035.87802518923,1.0,,,,,0.1373534338358459,
Delaware,2022-05-30,2022-06-04,3688.0,2767.0,0.8552060737527115,0.1173243019078716,1,3678.558428097458,1.0,,,,,0.24972885032537961,
Delaware,2022-06-06,2022-06-11,2753.0,2586.0,0.9545949872865964,0.16939513756853483,1,2627.65401618358,1.0,,,,,0.06066109698510715,
Delaware,2022-06-13,2022-06-18,2482.0,1734.0,1.0136986301369864,0.16290878317073917,1,2465.63388747475,1.0,,,,,0.3013698630136986,
Delaware,2022-06-20,2022-06-25,1870.0,1646.0,1.4844919786096256,0.20533008554426968,1,1729.5058215220065,1.0,,,,,0.11978609625668449,
Delaware,2022-06-27,2022-07-02,1577.0,1771.0,1.3024730500951174,0.14161322575910062,1,1476.741611729096,1.0,,,,,0.10954263128176171,
Delaware,2022-07-04,2022-07-09,1742.0,1675.0,1.3955223880597014,0.11063128917674253,1,1662.429032017017,1.0,,,,,0.038461538461538464,
Delaware,2022-07-11,2022-07-16,1613.0,2188.0,1.644141351518909,0.10393330839291379,1,1653.6601495518707,1.0,,,,,0.26279707495429616,
Delaware,2022-07-18,2022-07-23,2193.0,2353.0,0.9571363429092568,0.10978510360962675,1,2180.024740722917,1.0,,,,,0.06799830004249893,
Delaware,2022-07-25,2022-07-30,2354.0,2422.0,0.9481733220050977,0.10508275015241522,1,2277.182998140438,1.0,,,,,0.028075970272502065,
Delaware,2022-08-01,2022-08-06,2418.0,2149.0,1.086021505376344,0.13553682005626325,1,2210.811597169146,1.0,,,,,0.11124896608767576,
Delaware,2022-08-08,2022-08-13,2151.0,2072.0,0.8805206880520688,0.03158759516902624,1,2124.6184825296064,1.0,,,,,0.03672710367271037,
Delaware,2022-08-15,2022-08-20,2058.0,1983.0,1.0379008746355685,0.1644512676185035,1,1905.8590721710584,1.0,,,,,0.03644314868804665,
Delaware,2022-08-22,2022-08-27,1963.0,1552.0,0.8802852776362711,0.06450070987875484,1,1957.2504426312628,1.0,,,,,0.20937340804890472,
Delaware,2022-08-29,2022-09-03,1566.0,1399.0,1.2918263090676885,0.06746975759037956,1,1520.5167579546837,1.0,,,,,0.10664112388250319,
Delaware,2022-09-05,2022-09-10,1332.0,1197.0,1.5337837837837838,0.06743046981009905,1,1326.6946672005613,1.0,,,,,0.10135135135135136,
Delaware,2022-09-12,2022-09-17,1150.0,1379.0,1.6095652173913044,0.10603997024762918,1,1120.223113620982,1.0,,,,,0.1660623640319072,
Delaware,2022-09-19,2022-09-24,1291.0,1498.0,1.13710302091402,0.14336136995011345,1,1236.4064462404015,1.0,,,,,0.13818424566088117,
Delaware,2022-09-26,2022-10-01,1460.0,1443.0,0.9198630136986301,0.14136602370983517,1,1419.6542208889741,1.0,,,,,0.011643835616438357,
Delaware,2022-10-03,2022-10-08,1511.0,1091.0,1.0615486432825942,0.11585793394303207,1,1454.9233510002468,1.0,,,,,0.27796161482461945,
Delaware,2022-10-10,2022-10-15,1078.0,1189.0,1.7031539888682745,0.26586256203078346,1,1163.183756684996,1.0,,,,,0.09335576114381834,
Delaware,2022-10-17,2022-10-22,1040.0,1026.0,1.3153846153846154,0.15248627056812447,1,1024.6486535454999,1.0,,,,,0.013461538461538462,
Delaware,2022-10-24,2022-10-29,938.0,971.0,1.4371002132196162,0.12267156872659987,1,976.8268758021097,1.0,,,,,0.03398558187435633,
Delaware,2022-10-31,2022-11-05,963.0,923.0,1.2533748701973002,0.06982764648606354,1,935.1549284556153,1.0,,,,,0.04153686396677051,
Delaware,2022-11-07,2022-11-12,914.0,771.0,1.140043763676149,0.09668685731816148,1,906.0439540986662,1.0,,,,,0.15645514223194748,
Delaware,2022-11-14,2022-11-19,773.0,871.0,1.3842173350582148,0.14168160669554342,1,768.4898356269641,1.0,,,,,0.11251435132032148,
Delaware,2022-11-21,2022-11-26,900.0,491.0,1.44,0.124589221997355,1,889.7698622162087,1.0,,,,,0.45444444444444443,
Delaware,2022-11-28,2022-12-03,799.0,1359.0,1.6307884856070087,0.21750115053465024,1,765.3468743795768,1.0,,,,,0.41206769683590877,
Delaware,2022-12-05,2022-12-10,1157.0,1162.0,1.5082108902333622,0.21716998463889794,1,1186.2705107014988,1.0,,,,,0.004302925989672977,
Delaware,2022-12-12,2022-12-17,1381.0,910.0,1.5423606082548877,0.1801238794737035,1,1369.6702326540271,1.0,,,,,0.3410572049239681,
Delaware,2022-12-19,2022-12-24,1068.0,1104.0,1.354868913857678,0.16729944722108175,1,1024.0597371539993,1.0,,,,,0.03260869565217391,
Delaware,2022-12-26,2022-12-31,1105.0,1307.0,1.8524886877828055,0.22556618135843534,1,1222.826124618547,1.0,,,,,0.1545524100994644,
Delaware,2023-01-02,2023-01-07,1305.0,1263.0,1.6582375478927203,0.06940819149467911,1,1286.6842151184107,1.0,,,,,0.03218390804597701,
Delaware,2023-01-09,2023-01-14,1233.0,986.0,1.7258718572587186,0.32401957842754114,1,1217.0345351687697,1.0,,,,,0.2003244120032441,
Delaware,2023-01-16,2023-01-21,932.0,946.0,1.7671673819742488,0.18332139181827745,1,933.6462110393205,1.0,,,,,0.014799154334038054,
Delaware,2023-01-23,2023-01-28,912.0,789.0,1.611842105263158,0.17390020998920966,1,867.3863841402205,1.0,,,,,0.13486842105263158,
District of Columbia,2021-07-26,2021-07-31,524.0,425.0,2.0343511450381677,0.17516080649352855,1,506.13650909556503,1.0,,,,,0.18893129770992367,
District of Columbia,2021-08-02,2021-08-07,693.0,705.0,2.6262626262626263,0.1330462015812107,1,666.1943752072116,1.0,,,,,0.01702127659574468,
District of Columbia,2021-08-09,2021-08-14,1064.0,1098.0,1.4633458646616542,0.15791377962571554,1,1056.9417805734954,1.0,,,,,0.030965391621129327,
District of Columbia,2021-08-16,2021-08-21,1610.0,1141.0,0.6782608695652174,0.17137879783137058,1,1677.7891715712947,1.0,,,,,0.29130434782608694,
District of Columbia,2021-08-23,2021-08-28,1452.0,1214.0,0.6845730027548209,0.12267453564471172,1,1435.794029980827,1.0,,,,,0.16391184573002754,
District of Columbia,2021-08-30,2021-09-04,1273.0,1362.0,0.7014925373134329,0.06493520814498761,1,1267.1953716951966,1.0,,,,,0.06534508076358296,
District of Columbia,2021-09-06,2021-09-11,1454.0,1048.0,0.7118294360385145,0.162384354533617,1,1437.1410606377237,1.0,,,,,0.2792297111416781,
District of Columbia,2021-09-13,2021-09-18,1048.0,1885.0,0.7709923664122137,0.14083446290231436,1,999.661979380045,1.0,,,,,0.4440318302387268,
District of Columbia,2021-09-20,2021-09-25,1907.0,1354.0,0.5007865757734662,0.235585481555024,1,1982.995647251934,1.0,,,,,0.2899842684845307,
District of Columbia,2021-09-27,2021-10-02,1381.0,1126.0,1.0890658942795075,5.577261168849183,1,3032.223484615509,1.0,,,,,0.18464880521361332,
District of Columbia,2021-10-04,2021-10-09,974.0,1371.0,1.0718685831622177,0.3382024596793087,1,1032.998738132447,1.0,,,,,0.2895696571845368,
District of Columbia,2021-10-11,2021-10-16,826.0,274.0,1.036319612590799,0.15764965595372032,1,863.3063306312804,1.0,,,,,0.6682808716707022,
District of Columbia,2021-10-18,2021-10-23,604.0,612.0,1.576158940397351,0.3376497689117131,1,512.7453408546986,1.0,,,,,0.013071895424836602,
District of Columbia,2021-10-25,2021-10-30,581.0,652.0,1.1927710843373494,0.28550292243840786,1,456.1364675063161,1.0,,,,,0.10889570552147239,
District of Columbia,2021-11-01,2021-11-06,531.0,559.0,1.4613935969868173,0.3704148590768959,1,499.59123987637395,1.0,,,,,0.05008944543828265,
District of Columbia,2021-11-08,2021-11-13,560.0,572.0,1.3089285714285714,0.27233540451769994,1,469.7767547241252,1.0,,,,,0.02097902097902098,
District of Columbia,2021-11-15,2021-11-20,539.0,657.0,1.0148423005565863,0.3232702213751325,1,455.25614923628416,1.0,,,,,0.1796042617960426,
District of Columbia,2021-11-22,2021-11-27,646.0,482.0,1.0046439628482973,0.43190155689023496,1,529.134312796073,1.0,,,,,0.25386996904024767,
District of Columbia,2021-11-29,2021-12-04,560.0,920.0,1.1428571428571428,0.25101286955358854,1,622.3060505468641,1.0,,,,,0.391304347826087,
District of Columbia,2021-12-06,2021-12-11,718.0,1272.0,1.065459610027855,0.17070942788117727,1,720.4138847094919,1.0,,,,,0.43553459119496857,
District of Columbia,2021-12-13,2021-12-18,1306.0,2517.0,0.9295558958652373,0.27572656368796783,1,1391.3921121335297,1.0,,,,,0.48112832737385774,
District of Columbia,2021-12-20,2021-12-25,2668.0,8346.0,0.8328335832083958,0.2779609093937332,1,2895.5368594445767,1.0,,,,,0.68032590462497,
District of Columbia,2021-12-27,2022-01-01,11313.0,14721.0,1.0559533280297004,0.42744522580697397,1,12025.806506237615,1.0,,,,,0.2315060118198492,
District of Columbia,2022-01-03,2022-01-08,25715.0,15754.0,0.9088469764728757,0.07368327629338738,1,25547.94403928283,1.0,,,,,0.38736146218160605,
District of Columbia,2022-01-10,2022-01-15,11677.0,11831.0,1.0654277639804743,0.030749247592448094,1,11688.262714706658,1.0,,,,,0.013016651170653369,
District of Columbia,2022-01-17,2022-01-22,11455.0,5329.0,1.0495853339153207,0.0040794205738466606,1,11455.60330568097,1.0,,,,,0.5347883020515058,
District of Columbia,2022-01-24,2022-01-29,5241.0,2617.0,0.810150734592635,0.2830634060308016,1,4667.228104194301,1.0,,,,,0.5006678114863575,
District of Columbia,2022-01-31,2022-02-05,2850.0,1726.0,0.7680701754385965,0.021681227418167713,1,2848.0772229312224,1.0,,,,,0.39438596491228073,
District of Columbia,2022-02-07,2022-02-12,1612.0,1277.0,0.8951612903225806,0.17753224110069002,1,1541.73894483695,1.0,,,,,0.20781637717121587,
District of Columbia,2022-02-14,2022-02-19,1101.0,877.0,1.3169845594913714,0.23041407996594337,1,1164.5456196946354,1.0,,,,,0.20345140781108084,
District of Columbia,2022-02-21,2022-02-26,814.0,629.0,1.5933660933660934,0.629683396506876,1,912.005024613068,1.0,,,,,0.22727272727272727,
District of Columbia,2022-02-28,2022-03-05,502.0,352.0,1.597609561752988,1.4269078693763149,2,482.9176251837235,0.8870931167464753,2720.0,0.1129068832535248,,,0.29880478087649404,1.0
District of Columbia,2022-03-07,2022-03-12,360.0,545.0,1.9972222222222222,1.5858973761297686,2,441.911001576068,0.8630848862821103,1853.0,0.13691511371788959,,,0.3394495412844037,1.0
District of Columbia,2022-03-14,2022-03-19,83.0,529.0,8.698795180722891,2.4917007112607537,2,15.382137134321589,0.5776350154772125,386.21949741279315,0.4223649845227875,,,0.8431001890359168,2.0
District of Columbia,2022-03-21,2022-03-26,3.0,570.0,238.0,73.37855442741501,2,4.981989287083793,0.5375557440012398,427.8528545921628,0.4624442559987602,,,0.9947368421052631,2.0
District of Columbia,2022-03-28,2022-04-02,356.0,564.0,1.9775280898876404,0.7555544340201882,2,6.939157927253899,0.5775840140648484,353.89705428994887,0.42241598593515167,,,0.36879432624113473,2.0
District of Columbia,2022-04-04,2022-04-09,392.0,717.0,1.8239795918367347,0.6794327403509202,2,3.857770934700966e-06,0.3989345850823469,423.21534198653904,0.6010654149176531,,,0.45327754532775455,2.0
District of Columbia,2022-04-11,2022-04-16,642.0,2169.0,1.5015576323987538,0.5410900429479775,1,722.3188184971615,1.0,,,,,0.7040110650069157,
District of Columbia,2022-04-18,2022-04-23,1678.0,1583.0,1.4421930870083433,0.3209573494848014,1,1739.659374873619,1.0,,,,,0.056615017878426696,
District of Columbia,2022-04-25,2022-04-30,1416.0,588.0,1.3453389830508475,0.4127057321459863,1,1417.0665995071547,1.0,,,,,0.5847457627118644,
District of Columbia,2022-05-02,2022-05-07,879.0,0.0,1.515358361774744,0.29560793002480606,1,844.1034126991981,1.0,,,,,1.0,
District of Columbia,2022-05-09,2022-05-14,180.0,3244.0,5.816666666666666,2.050151454144083,1,373.54319603393276,1.0,,,,,0.9445129469790382,
District of Columbia,2022-05-16,2022-05-21,2578.0,2023.0,1.2179984484096198,0.4025079252737215,3,511.6281762204725,0.21759657031703306,2616.225580314961,0.4294862553142367,3302.507342519685,0.3529171743687302,0.2152831652443755,2.0
District of Columbia,2022-05-23,2022-05-28,2654.0,2061.0,1.3892238131122834,0.3350980949997867,3,1973.2261990574896,0.42403520878220946,2693.6103669673666,0.2551370474163951,3977.7734488936694,0.32082774380139545,0.22343632253202714,1.0
District of Columbia,2022-05-30,2022-06-04,1996.0,1734.0,1.1748496993987976,0.14800369202337757,3,1812.0330708661418,0.4681130316827999,2109.205905511811,0.42217421164002533,2636.448031496063,0.10971275667717478,0.1312625250501002,1.0
District of Columbia,2022-06-06,2022-06-11,1740.0,1794.0,1.4752873563218392,0.1825801413171579,3,1126.410125732422,0.10809557701106896,1738.3703449649327,0.6812980916202019,2197.3405093893152,0.2106063313687292,0.030100334448160536,2.0
District of Columbia,2022-06-13,2022-06-18,1731.0,1104.0,1.3512420566146737,0.08443012678523865,1,1758.7929788185165,1.0,,,,,0.36221837088388215,
District of Columbia,2022-06-20,2022-06-25,1255.0,1914.0,1.7593625498007968,0.14173775665507143,1,1272.6989842856876,1.0,,,,,0.3443051201671891,
District of Columbia,2022-06-27,2022-07-02,1793.0,1224.0,1.2136084774121585,0.09562869524744003,1,1787.3600922797882,1.0,,,,,0.3173452314556609,
District of Columbia,2022-07-04,2022-07-09,1566.0,1240.0,1.5383141762452108,0.12422514608806386,1,1443.5105544882715,1.0,,,,,0.2081736909323116,
District of Columbia,2022-07-11,2022-07-16,1134.0,1448.0,2.0476190476190474,0.31651448112270786,1,1133.6789319332484,1.0,,,,,0.21685082872928177,
District of Columbia,2022-07-18,2022-07-23,1459.0,1440.0,1.5853324194653873,0.1414551746549474,1,1490.8725798254088,1.0,,,,,0.013022618231665525,
District of Columbia,2022-07-25,2022-07-30,1443.0,1350.0,1.2986832986832988,0.11586411940595835,1,1419.6667272615334,1.0,,,,,0.06444906444906445,
District of Columbia,2022-08-01,2022-08-06,1362.0,910.0,1.7973568281938326,0.16828373325513316,1,1307.0551156152876,1.0,,,,,0.33186490455212925,
District of Columbia,2022-08-08,2022-08-13,952.0,944.0,1.5798319327731092,0.2613104611987698,1,963.3948416055897,1.0,,,,,0.008403361344537815,
District of Columbia,2022-08-15,2022-08-20,944.0,682.0,1.6610169491525424,0.28603351669531085,1,870.0775360733948,1.0,,,,,0.2775423728813559,
District of Columbia,2022-08-22,2022-08-27,693.0,719.0,1.8340548340548342,0.11763426389130648,1,707.082044479017,1.0,,,,,0.03616133518776078,
District of Columbia,2022-08-29,2022-09-03,722.0,607.0,1.8227146814404431,0.16143619778869261,1,702.2520130716523,1.0,,,,,0.1592797783933518,
District of Columbia,2022-09-05,2022-09-10,605.0,512.0,1.8975206611570248,0.18549232929424414,1,591.1575010601146,1.0,,,,,0.1537190082644628,
District of Columbia,2022-09-12,2022-09-17,512.0,527.0,1.880859375,0.23056516998842114,1,496.76329214563566,1.0,,,,,0.028462998102466792,
District of Columbia,2022-09-19,2022-09-24,494.0,612.0,1.728744939271255,0.21351938638790255,1,486.07677919595506,1.0,,,,,0.19281045751633988,
District of Columbia,2022-09-26,2022-10-01,554.0,482.0,1.5505415162454874,0.21170324116513212,1,550.2289963769601,1.0,,,,,0.1299638989169675,
District of Columbia,2022-10-03,2022-10-08,536.0,164.0,1.25,0.16525494608719313,1,524.8600343755763,1.0,,,,,0.6940298507462687,
District of Columbia,2022-10-10,2022-10-15,242.0,438.0,2.446280991735537,0.6896358489399299,1,279.71845167052015,1.0,,,,,0.4474885844748858,
District of Columbia,2022-10-17,2022-10-22,407.0,33.0,1.4471744471744472,0.31892537429145623,1,350.5038578190041,1.0,,,,,0.918918918918919,
District of Columbia,2022-10-24,2022-10-29,147.0,560.0,3.2312925170068025,0.8323049572349103,1,172.61866381585662,1.0,,,,,0.7375,
District of Columbia,2022-10-31,2022-11-05,467.0,332.0,1.5396145610278373,0.10021259982022983,1,480.2680351086597,1.0,,,,,0.2890792291220557,
District of Columbia,2022-11-07,2022-11-12,448.0,441.0,1.4888392857142858,0.14740020833280418,1,455.099745813195,1.0,,,,,0.015625,
District of Columbia,2022-11-14,2022-11-19,459.0,268.0,1.803921568627451,0.2020529064280407,1,445.1127199328654,1.0,,,,,0.41612200435729846,
District of Columbia,2022-11-21,2022-11-26,370.0,567.0,1.872972972972973,0.2695497958380366,1,322.9454453996996,1.0,,,,,0.3474426807760141,
District of Columbia,2022-11-28,2022-12-03,573.0,291.0,1.8673647469458987,0.3279040379510735,1,578.4319133283052,1.0,,,,,0.49214659685863876,
District of Columbia,2022-12-05,2022-12-10,466.0,436.0,1.8433476394849786,0.21003641515185442,1,433.6929705950446,1.0,,,,,0.06437768240343347,
District of Columbia,2022-12-12,2022-12-17,512.0,582.0,1.900390625,0.08441603148607696,1,498.5820252072544,1.0,,,,,0.12027491408934708,
District of Columbia,2022-12-19,2022-12-24,638.0,760.0,1.719435736677116,0.1541452737004306,1,616.5085923738538,1.0,,,,,0.16052631578947368,
District of Columbia,2022-12-26,2022-12-31,808.0,0.0,1.8341584158415842,0.13408695404844947,1,832.6850569523614,1.0,,,,,1.0,
District of Columbia,2023-01-02,2023-01-07,333.0,1173.0,2.7627627627627627,1.0325028306013653,1,398.76974518114275,1.0,,,,,0.7161125319693095,
District of Columbia,2023-01-09,2023-01-14,514.0,455.0,1.6381322957198443,0.670507089708814,1,587.4703367554721,1.0,,,,,0.11478599221789883,
District of Columbia,2023-01-16,2023-01-21,455.0,555.0,2.7868131868131867,0.35827055846680833,1,502.2463538818363,1.0,,,,,0.18018018018018017,
District of Columbia,2023-01-23,2023-01-28,580.0,443.0,2.032758620689655,0.18911500998045197,1,570.9505429058304,1.0,,,,,0.23620689655172414,
Florida,2021-07-26,2021-07-31,124681.0,110724.0,0.6330475373152284,0.19625036666495957,1,124177.00545595691,1.0,,,,,0.11194167515499555,
Florida,2021-08-02,2021-08-07,139475.0,134751.0,0.7357160781502061,0.13934586361335882,1,135364.91056288386,1.0,,,,,0.03386986915217781,
Florida,2021-08-09,2021-08-14,164876.0,151764.0,0.8763373686891968,0.07338671020749077,1,158897.1394689161,1.0,,,,,0.07952643198524952,
Florida,2021-08-16,2021-08-21,157692.0,150740.0,0.32654795423991073,0.05217201412706363,1,158007.51038769376,1.0,,,,,0.0440859396798823,
Florida,2021-08-23,2021-08-28,147034.0,151760.0,0.28273732606063906,0.05866055186078825,1,150152.61268343736,1.0,,,,,0.03114127569847127,
Florida,2021-08-30,2021-09-04,151781.0,129202.0,0.22093015594837298,0.03559206597633767,1,150070.15103032903,1.0,,,,,0.14876038502842912,
Florida,2021-09-06,2021-09-11,118404.0,100249.0,0.3063663389750346,0.11350665499945688,1,123292.61491063554,1.0,,,,,0.15333096854835984,
Florida,2021-09-13,2021-09-18,87385.0,75998.0,0.4829089660696916,0.13458898529518756,1,92182.53915735029,1.0,,,,,0.130308405332723,
Florida,2021-09-20,2021-09-25,67465.0,54109.0,0.4222633958348773,0.17358391472576248,1,69263.01540125377,1.0,,,,,0.1979693174238494,
Florida,2021-09-27,2021-10-02,44509.0,37299.0,1.1690893976499135,0.9109673053139111,1,59649.72151179396,1.0,,,,,0.161989709946303,
Florida,2021-10-04,2021-10-09,29177.0,25184.0,0.5402885834732838,0.42300011575732854,1,36636.4562360166,1.0,,,,,0.13685437159406383,
Florida,2021-10-11,2021-10-16,18237.0,18807.0,0.5249766957284641,0.19370819667956754,1,18949.881583895185,1.0,,,,,0.030307864093156802,
Florida,2021-10-18,2021-10-23,14851.0,14564.0,1.118308531412026,0.26088109740889953,1,16653.27288867492,1.0,,,,,0.01932529795973335,
Florida,2021-10-25,2021-10-30,12039.0,12151.0,1.0191045767920923,0.21073471962700532,1,13113.235530537928,1.0,,,,,0.009217348366389598,
Florida,2021-11-01,2021-11-06,12042.0,10498.0,0.8256103637269556,0.22255141140958376,1,11570.742222361052,1.0,,,,,0.12821790400265737,
Florida,2021-11-08,2021-11-13,9655.0,10302.0,0.7447954427757638,0.15959457803932478,1,10062.449477264332,1.0,,,,,0.06280333915744515,
Florida,2021-11-15,2021-11-20,9762.0,9891.0,0.8082360172095882,0.13665425414832022,1,10191.502093232268,1.0,,,,,0.013042159538974826,
Florida,2021-11-22,2021-11-27,10697.0,0.0,0.6686921566794428,0.10906510804632683,1,10875.724774891025,1.0,,,,,1.0,
Florida,2021-11-29,2021-12-04,4057.0,19555.0,2.134089228493961,1.0521352785658868,1,5403.764366695854,1.0,,,,,0.7925338788033751,
Florida,2021-12-06,2021-12-11,7948.0,12984.0,1.2920231504781077,0.6391610649989617,1,7061.454415900635,1.0,,,,,0.38786198398028343,
Florida,2021-12-13,2021-12-18,16540.0,28841.0,1.0082224909310762,0.15231714439305638,1,16015.420347597616,1.0,,,,,0.4265108699420963,
Florida,2021-12-20,2021-12-25,24592.0,124865.0,1.123251463890696,0.375464161648777,1,28198.82428772931,1.0,,,,,0.803051295399031,
Florida,2021-12-27,2022-01-01,84806.0,302179.0,1.1498125132655708,0.6858868871286644,1,92204.2485134879,1.0,,,,,0.7193517749413427,
Florida,2022-01-03,2022-01-08,610628.0,423150.0,0.9277235894849237,0.12156893056420318,1,619973.3647849605,1.0,,,,,0.30702489895648416,
Florida,2022-01-10,2022-01-15,581860.0,408841.0,0.9852060633141992,0.015647442162726233,1,582078.6231434039,1.0,,,,,0.2973550338569415,
Florida,2022-01-17,2022-01-22,352179.0,282520.0,1.072832281311492,0.02468849274793915,1,352562.0599985661,1.0,,,,,0.19779430346499932,
Florida,2022-01-24,2022-01-29,225107.0,197768.0,1.3074138076559148,0.385452187080263,1,295636.5048322765,1.0,,,,,0.12144891096234235,
Florida,2022-01-31,2022-02-05,303193.0,131699.0,0.5904654790842796,0.014626178477268317,1,303099.86093611957,1.0,,,,,0.56562651512403,
Florida,2022-02-07,2022-02-12,162317.0,122428.0,0.49666393538569586,0.633430757451981,2,68268.11173988457,0.21340815516400588,182048.2979730255,0.7865918448359942,,,0.24574751874418577,1.0
Florida,2022-02-14,2022-02-19,100148.0,42373.0,0.7392259456005112,0.2367733782054298,2,82632.61846994115,0.6773248027320047,128229.21960885136,0.32267519726799526,,,0.5768961936334225,1.0
Florida,2022-02-21,2022-02-26,35255.0,25523.0,1.5493972486172174,0.9143237528825858,2,26770.85119717185,0.8457630043981688,111785.204081633,0.15423699560183116,,,0.27604595092894624,1.0
Florida,2022-02-28,2022-03-05,19338.0,13823.0,2.6630468507601615,0.7244115709708351,2,18032.64984734052,0.6910786250711831,42652.88960308535,0.3089213749288168,,,0.2851897817768125,1.0
Florida,2022-03-07,2022-03-12,16723.0,10211.0,2.054416073670992,0.43581862276175515,1,16283.184065715632,1.0,,,,,0.38940381510494526,
Florida,2022-03-14,2022-03-19,6919.0,0.0,3.6221997398467987,0.9854708195095931,1,8577.649050040991,1.0,,,,,1.0,
Florida,2022-03-21,2022-03-26,3582.0,16741.0,4.4427694025683975,1.559444524001641,1,5759.371721173797,1.0,,,,,0.7860342870796249,
Florida,2022-03-28,2022-04-02,7194.0,0.0,2.0208507089241032,1.2477535998010219,1,10885.91452205401,1.0,,,,,1.0,
Florida,2022-04-04,2022-04-09,4797.0,21348.0,2.3008130081300813,0.7235375113806047,1,4139.8709730756755,1.0,,,,,0.7752951096121417,
Florida,2022-04-11,2022-04-16,10227.0,0.0,1.883836902317395,0.532371819808143,1,11991.57399420048,1.0,,,,,1.0,
Florida,2022-04-18,2022-04-23,8507.0,36371.0,2.2555542494416363,0.799423288222057,1,11140.519941133442,1.0,,,,,0.7661048637650876,
Florida,2022-04-25,2022-04-30,24260.0,0.0,1.5185078318219292,0.5669603881392011,1,25053.24107328207,1.0,,,,,1.0,
Florida,2022-05-02,2022-05-07,12750.0,59430.0,3.0901960784313727,0.8794336850569822,1,16277.76183961957,1.0,,,,,0.7854618879353862,
Florida,2022-05-09,2022-05-14,20306.0,0.0,1.916921107061952,0.7564804412690641,1,27567.607218910853,1.0,,,,,1.0,
Florida,2022-05-16,2022-05-21,23116.0,99630.0,1.7987973697871604,0.7138428570953153,1,24981.564384179666,1.0,,,,,0.7679815316671685,
Florida,2022-05-23,2022-05-28,55147.0,23332.0,1.4222895171088183,0.43629067475444655,1,59173.63883407363,1.0,,,,,0.5769126153734564,
Florida,2022-05-30,2022-06-04,41444.0,115325.0,1.1253981275938616,0.4227028006351846,1,41904.88753257801,1.0,,,,,0.6406329937134186,
Florida,2022-06-06,2022-06-11,55551.0,41574.0,1.2470162553329374,0.5328691587888492,1,63138.0712765784,1.0,,,,,0.251606631743803,
Florida,2022-06-13,2022-06-18,59319.0,107184.0,0.9215934186348388,0.22035172083048496,2,49381.99732364909,0.5591152204175969,72205.37411585412,0.4408847795824031,,,0.44656851768920736,2.0
Florida,2022-06-20,2022-06-25,72585.0,41384.0,0.8079079699662465,0.2261826226216106,2,70164.4094488189,0.7690882715999445,107184.0,0.23091172840005553,,,0.4298546531652545,1.0
Florida,2022-06-27,2022-07-02,51703.0,106930.0,1.2322495793280854,0.27129958032455015,2,43124.26377952756,0.6432795909314328,72460.13892013494,0.3567204090685673,,,0.516478069765267,2.0
Florida,2022-07-04,2022-07-09,73654.0,24321.0,0.8737067912129688,0.21833586040647382,2,72692.09448818897,0.7885941556738921,106930.0,0.21140584432610782,,,0.6697939012137833,1.0
Florida,2022-07-11,2022-07-16,49715.0,121748.0,1.7605752790908176,0.39666210414579034,1,45808.4661843092,1.0,,,,,0.5916565364523442,
Florida,2022-07-18,2022-07-23,84023.0,32531.0,0.7060566749580472,0.20188693067190686,1,88479.22736693306,1.0,,,,,0.6128322007069493,
Florida,2022-07-25,2022-07-30,59623.0,116921.0,1.1292957415762375,0.25748429847635285,1,54903.25383235328,1.0,,,,,0.49005738917730773,
Florida,2022-08-01,2022-08-06,67915.0,22201.0,1.1906206287270853,0.3530259874446224,1,72187.50868113528,1.0,,,,,0.6731060884929692,
Florida,2022-08-08,2022-08-13,53099.0,124717.0,1.2433755814610445,0.34725726830850795,1,47869.23455658561,1.0,,,,,0.574244088616628,
Florida,2022-08-15,2022-08-20,66655.0,-25117.0,1.0342809991748556,0.46378854595405306,1,76561.83230517633,1.0,,,,,1.3768209436651413,
Florida,2022-08-22,2022-08-27,41876.0,87082.0,1.1018721940968574,0.5775558285056933,1,34908.09244851742,1.0,,,,,0.5191199099699134,
Florida,2022-08-29,2022-09-03,63754.0,180.0,1.2157982244251342,0.3090179599597931,1,61851.0789215818,1.0,,,,,0.9971766477397497,
Florida,2022-09-05,2022-09-10,55640.0,65964.0,0.9874191229331416,0.5491638478578019,1,48451.07186209301,1.0,,,,,0.15650961130313504,
Florida,2022-09-12,2022-09-17,45483.0,1709.0,0.9660752369016995,0.29051326454930687,1,44751.49272272195,1.0,,,,,0.9624255216234637,
Florida,2022-09-19,2022-09-24,29437.0,40419.0,0.9902163943336617,0.6559679897257892,1,32192.984217939807,1.0,,,,,0.27170390163042135,
Florida,2022-09-26,2022-10-01,27269.0,0.0,0.9436356302027944,0.26296266539222546,1,29113.10494007414,1.0,,,,,1.0,
Florida,2022-10-03,2022-10-08,21288.0,22592.0,0.8778184892897407,0.5270328430204507,1,20876.49727099091,1.0,,,,,0.05771954674220963,
Florida,2022-10-10,2022-10-15,17012.0,0.0,1.269456853985422,0.24206178331368894,1,17934.88975475632,1.0,,,,,1.0,
Florida,2022-10-17,2022-10-22,11929.0,20055.0,1.6246961187023221,0.7003360409311983,1,12336.326625639214,1.0,,,,,0.40518573921715284,
Florida,2022-10-24,2022-10-29,17343.0,0.0,1.0449749178342846,0.3845051787211611,1,18358.864845161123,1.0,,,,,1.0,
Florida,2022-10-31,2022-11-05,8643.0,23157.0,0.849936364688187,1.0446654468158767,1,11995.376160386086,1.0,,,,,0.6267651250161939,
Florida,2022-11-07,2022-11-12,20187.0,0.0,0.935849804329519,0.33276411832448693,1,20546.186366308542,1.0,,,,,1.0,
Florida,2022-11-14,2022-11-19,10579.0,23486.0,1.4011721334719727,0.9651368141526885,1,11267.908519864912,1.0,,,,,0.5495614408583838,
Florida,2022-11-21,2022-11-26,21102.0,0.0,1.4108615297128235,0.25345235613723005,1,21565.257646308222,1.0,,,,,1.0,
Florida,2022-11-28,2022-12-03,11086.0,30932.0,0.7325455529496663,0.9856007912022416,1,14508.667896325816,1.0,,,,,0.6416009310746152,
Florida,2022-12-05,2022-12-10,22865.0,0.0,1.2389678547999126,0.43900989629452075,1,20446.54073857519,1.0,,,,,1.0,
Florida,2022-12-12,2022-12-17,11467.0,42553.0,1.4103078398883753,1.2340952450933922,1,12572.606545549515,1.0,,,,,0.7305242873592931,
Florida,2022-12-19,2022-12-24,32611.0,0.0,1.061083683419705,0.34044542157452606,1,30822.30190423735,1.0,,,,,1.0,
Florida,2022-12-26,2022-12-31,12672.0,25540.0,1.2881944444444444,0.6777521238311301,1,10921.64183622891,1.0,,,,,0.5038371182458888,
Florida,2023-01-02,2023-01-07,21834.0,55209.0,1.679215901804525,0.4726680406262783,1,19424.960207115677,1.0,,,,,0.6045210020105417,
Florida,2023-01-09,2023-01-14,45083.0,0.0,1.2504713528380986,0.4993258145512143,1,41658.49235872684,1.0,,,,,1.0,
Florida,2023-01-16,2023-01-21,20329.0,50242.0,3.03182645481824,0.8270639996987925,1,23216.004454009624,1.0,,,,,0.5953783686955137,
Florida,2023-01-23,2023-01-28,27014.0,0.0,1.9874509513585548,0.5217043440554692,1,31408.90587994174,1.0,,,,,1.0,
Georgia,2021-07-26,2021-07-31,20644.0,21744.0,0.9481689595039721,0.1367419624436009,2,16177.433070866142,0.18351992474253315,20979.5,0.8164800752574669,,,0.05058866813833701,2.0
Georgia,2021-08-02,2021-08-07,38216.0,31990.0,1.011408833996232,0.11299695945352303,2,31370.92349346457,0.1698081890057777,39417.30730889764,0.8301918109942223,,,0.16291605610215618,1.0
Georgia,2021-08-09,2021-08-14,51230.0,41176.0,0.7772203786843647,0.20075060865451,2,38730.913385826774,0.4255838219413723,59606.0,0.5744161780586277,,,0.1962521959789186,1.0
Georgia,2021-08-16,2021-08-21,58223.0,54469.0,0.7558524981536506,0.1428626958941803,1,55244.59784221238,1.0,,,,,0.06447623791285231,
Georgia,2021-08-23,2021-08-28,60669.0,62842.0,0.4402413094001879,0.1381704446330146,1,65554.61832974767,1.0,,,,,0.034578784889086916,
Georgia,2021-08-30,2021-09-04,67066.0,63788.0,0.3769272060358453,0.10904114948895668,1,71860.24790367219,1.0,,,,,0.048877225419735784,
Georgia,2021-09-06,2021-09-11,62975.0,50560.0,0.36679634775704645,0.11207771929710846,1,65262.27871907166,1.0,,,,,0.19714172290591506,
Georgia,2021-09-13,2021-09-18,44565.0,40840.0,0.5106473690115562,0.15782986105179983,1,44735.75771515601,1.0,,,,,0.08358577358913946,
Georgia,2021-09-20,2021-09-25,34940.0,32422.0,0.3641099026903263,0.10196085175860431,1,35341.86625386277,1.0,,,,,0.07206639954207213,
Georgia,2021-09-27,2021-10-02,28061.0,24527.0,0.6805530807882827,0.15375445475434593,1,27222.3174401258,1.0,,,,,0.12593991661024198,
Georgia,2021-10-04,2021-10-09,19406.0,20604.0,0.6253735957951149,0.12635161752776952,1,20203.600832186323,1.0,,,,,0.058144049699087555,
Georgia,2021-10-11,2021-10-16,16997.0,13032.0,0.6106960051773842,0.16047997533571343,1,16799.87890691962,1.0,,,,,0.2332764605518621,
Georgia,2021-10-18,2021-10-23,11731.0,9700.0,0.7466541641803768,0.17063756886900106,1,11090.7837464696,1.0,,,,,0.1731310203733697,
Georgia,2021-10-25,2021-10-30,8152.0,8694.0,0.8434739941118744,0.15436826583751667,1,7985.21405726968,1.0,,,,,0.062341844950540605,
Georgia,2021-11-01,2021-11-06,8561.0,6943.0,0.83681812872328,0.23101645519949526,1,8049.969156349536,1.0,,,,,0.1889966125452634,
Georgia,2021-11-08,2021-11-13,6712.0,6229.0,0.8049761620977354,0.12877134479322588,1,6666.826303970334,1.0,,,,,0.07196066746126341,
Georgia,2021-11-15,2021-11-20,6228.0,7384.0,0.8553307642903019,0.1770563318848561,1,5966.348618654505,1.0,,,,,0.15655471289274106,
Georgia,2021-11-22,2021-11-27,8250.0,4842.0,0.752969696969697,0.24021741736611849,1,8225.074319179981,1.0,,,,,0.41309090909090906,
Georgia,2021-11-29,2021-12-04,5794.0,9384.0,1.1876078702105626,0.3134429415092979,1,6436.789723432548,1.0,,,,,0.3825660699062234,
Georgia,2021-12-06,2021-12-11,7974.0,9871.0,0.8521444695259593,0.26661990027192345,1,8564.830401873882,1.0,,,,,0.1921791105257826,
Georgia,2021-12-13,2021-12-18,10581.0,12928.0,1.1125602495038276,0.10863254760103835,1,11123.595519971383,1.0,,,,,0.18154393564356436,
Georgia,2021-12-20,2021-12-25,14723.0,41926.0,0.9610813013652109,0.10827624372405278,1,14871.170743720928,1.0,,,,,0.6488336593044889,
Georgia,2021-12-27,2022-01-01,48364.0,106279.0,0.7152220659995038,0.12909985589269798,1,51353.89350312198,1.0,,,,,0.5449336181183488,
Georgia,2022-01-03,2022-01-08,203395.0,89063.0,0.8954349910273114,0.06217155397526021,1,201763.12424622284,1.0,,,,,0.5621180461663267,
Georgia,2022-01-10,2022-01-15,186011.0,184377.0,1.0138217632290563,0.015313040532019545,1,186011.94852284697,1.0,,,,,0.008784426727451602,
Georgia,2022-01-17,2022-01-22,130344.0,116356.0,1.0266525501749217,0.016512094570926138,1,130429.53302758477,1.0,,,,,0.10731602528693304,
Georgia,2022-01-24,2022-01-29,102692.0,116843.0,0.6845129123982394,0.15955671254369924,1,100377.53407877311,1.0,,,,,0.12111123473378807,
Georgia,2022-01-31,2022-02-05,100996.0,56607.0,0.7690898649451463,0.0024458280308411254,1,100990.9168864074,1.0,,,,,0.4395124559388491,
Georgia,2022-02-07,2022-02-12,63074.0,31006.0,0.6080318356216508,0.2342273780650874,3,31323.006159019063,0.16531950839669554,50903.87166054494,0.13359490502796476,70484.73716207081,0.7010855865753397,0.5084186828170086,1.0
Georgia,2022-02-14,2022-02-19,20598.0,17777.0,0.853189630061171,0.45252835673855624,3,12552.785029087892,0.38542211913893004,21246.626104716415,0.4043204799856326,37519.7132462775,0.21025740087543737,0.1369550441790465,2.0
Georgia,2022-02-21,2022-02-26,13962.0,10755.0,1.1732559805185503,0.3619486855629223,3,8064.919225306624,0.43999425936419656,11912.514137231341,0.4057687450339722,21199.8122004979,0.15423699560183118,0.22969488611946712,2.0
Georgia,2022-02-28,2022-03-05,7622.0,7721.0,1.1818420362109683,0.3929103084851407,2,1949.4084957638415,0.1252983674208408,7749.702984150195,0.8747016325791592,,,0.012822173293614817,2.0
Georgia,2022-03-07,2022-03-12,5708.0,6132.0,0.8211282410651717,0.40025738991824517,2,764.7495680717312,0.15107432320983374,5767.24956255406,0.8489256767901662,,,0.06914546640574037,2.0
Georgia,2022-03-14,2022-03-19,4366.0,6002.0,2.6378836463582225,0.4589180094830904,2,510.933092400933,0.2227702050984477,4539.24083658016,0.7772297949015523,,,0.2725758080639787,2.0
Georgia,2022-03-21,2022-03-26,5307.0,3218.0,1.6003391746749576,0.4548204167372933,2,215.39617624249723,0.26748118809179555,5465.871260471689,0.7325188119082044,,,0.3936310533257961,2.0
Georgia,2022-03-28,2022-04-02,3623.0,14523.0,0.9276842395804582,0.4050742497419104,1,2845.966779377563,1.0,,,,,0.7505336363010398,
Georgia,2022-04-04,2022-04-09,9808.0,2823.0,1.364600326264274,0.5393495534057197,1,7658.277530959138,1.0,,,,,0.712173735725938,
Georgia,2022-04-11,2022-04-16,4447.0,3552.0,2.071733753091972,0.4923158846752011,1,5143.737084815786,1.0,,,,,0.2012592759163481,
Georgia,2022-04-18,2022-04-23,3512.0,2526.0,1.5842824601366743,0.509720160406326,1,3819.702188758411,1.0,,,,,0.28075170842824604,
Georgia,2022-04-25,2022-04-30,3637.0,5979.0,1.7305471542480066,0.5243225724051535,1,3619.479930566154,1.0,,,,,0.39170429837765514,
Georgia,2022-05-02,2022-05-07,4729.0,6525.0,1.4537957284838232,0.41795149615068894,1,5243.02122471268,1.0,,,,,0.27524904214559387,
Georgia,2022-05-09,2022-05-14,7557.0,9254.0,1.1917427550615323,0.07319990777457248,1,7353.905919533259,1.0,,,,,0.18338015993084072,
Georgia,2022-05-16,2022-05-21,10578.0,10795.0,0.8772924938551712,0.13790256993977076,1,10436.485996186055,1.0,,,,,0.020101899027327466,
Georgia,2022-05-23,2022-05-28,12541.0,14331.0,1.1046168567099912,0.19464386887290186,1,11833.135873892501,1.0,,,,,0.12490405414834974,
Georgia,2022-05-30,2022-06-04,15089.0,15060.0,0.8897872622440188,0.10612094829764014,1,15109.37341116606,1.0,,,,,0.0019219298826960037,
Georgia,2022-06-06,2022-06-11,15695.0,17753.0,0.930423701815865,0.11200955728772222,1,15582.081722456398,1.0,,,,,0.11592406917140764,
Georgia,2022-06-13,2022-06-18,17764.0,19315.0,0.9434249043008331,0.1576885222989961,1,17197.446595826328,1.0,,,,,0.08030028475278281,
Georgia,2022-06-20,2022-06-25,19130.0,18425.0,0.7875065342394145,0.1371948322805906,1,18345.190199506906,1.0,,,,,0.03685311029796132,
Georgia,2022-06-27,2022-07-02,18424.0,20971.0,0.8890034737299175,0.07229012047352573,1,18348.45237102148,1.0,,,,,0.12145343569691479,
Georgia,2022-07-04,2022-07-09,20238.0,19989.0,0.7431070263860066,0.11159191436759675,2,15243.592897752378,0.11112204555499104,21304.29850770212,0.8888779544450088,,,0.012303587310999111,2.0
Georgia,2022-07-11,2022-07-16,20547.0,26603.0,0.7965153063707597,0.11229774373136032,2,14432.1,0.12062607449732127,20857.022143223265,0.8793739255026788,,,0.22764349885351276,2.0
Georgia,2022-07-18,2022-07-23,26538.0,27231.0,0.7338156605622127,0.10749008263516083,2,22302.92316998416,0.2718579809279094,26604.841636402547,0.7281420190720906,,,0.025448936873416327,2.0
Georgia,2022-07-25,2022-07-30,27674.0,29524.0,0.7098359470983595,0.11614457638176813,1,26994.63709929936,1.0,,,,,0.06266088605879962,
Georgia,2022-08-01,2022-08-06,28356.0,27665.0,0.9410001410636197,0.16355782435809296,1,26269.20290936565,1.0,,,,,0.024368740301876145,
Georgia,2022-08-08,2022-08-13,27258.0,24937.0,0.7726172132951794,0.11875980829917979,1,26135.859916076133,1.0,,,,,0.08514931396287329,
Georgia,2022-08-15,2022-08-20,24932.0,25766.0,0.7517246911599551,0.22289585399647055,1,23270.891050047423,1.0,,,,,0.03236823721182954,
Georgia,2022-08-22,2022-08-27,24304.0,23423.0,0.8485845951283739,0.0668310899399028,1,24362.436273655916,1.0,,,,,0.03624917709019092,
Georgia,2022-08-29,2022-09-03,21763.0,17923.0,0.9775766208702844,0.05916421827313678,1,22222.22309553857,1.0,,,,,0.17644626200431926,
Georgia,2022-09-05,2022-09-10,17499.0,12689.0,1.2143551060060576,0.10050044376517256,1,18017.162343794946,1.0,,,,,0.27487284987713584,
Georgia,2022-09-12,2022-09-17,11815.0,9683.0,1.4407955988150656,0.17215928699775657,1,12375.501151967712,1.0,,,,,0.18044858231062208,
Georgia,2022-09-19,2022-09-24,8397.0,7353.0,1.118851970942003,0.13423746671188863,1,8694.146332139268,1.0,,,,,0.12433011789924973,
Georgia,2022-09-26,2022-10-01,6482.0,5046.0,1.1761801912989818,0.16706384619706105,1,6726.320443702505,1.0,,,,,0.22153656278926256,
Georgia,2022-10-03,2022-10-08,4438.0,4360.0,1.0793150067598016,0.23996209546516836,1,4541.787321263737,1.0,,,,,0.01757548445245606,
Georgia,2022-10-10,2022-10-15,4072.0,3622.0,1.4801080550098231,0.3930748754226058,1,4117.251127056801,1.0,,,,,0.11051080550098231,
Georgia,2022-10-17,2022-10-22,3273.0,3919.0,1.275588145432325,0.14780377083230975,1,3372.5670270716337,1.0,,,,,0.1648379688696096,
Georgia,2022-10-24,2022-10-29,3843.0,3362.0,0.9289617486338798,0.13813393050117043,1,3831.8712345949016,1.0,,,,,0.12516263335935468,
Georgia,2022-10-31,2022-11-05,3301.0,4069.0,1.2462890033323235,0.1685534058983892,1,3481.468655631392,1.0,,,,,0.18874416318505777,
Georgia,2022-11-07,2022-11-12,4104.0,4702.0,1.070662768031189,0.155087023022513,1,4149.844026721825,1.0,,,,,0.1271799234368354,
Georgia,2022-11-14,2022-11-19,4672.0,3795.0,0.837542808219178,0.18510665501496898,1,4921.559051156898,1.0,,,,,0.1877140410958904,
Georgia,2022-11-21,2022-11-26,4120.0,4051.0,1.0060679611650485,0.1573234012329476,1,4165.075629608519,1.0,,,,,0.01674757281553398,
Georgia,2022-11-28,2022-12-03,4275.0,6239.0,1.0032748538011695,0.11234594510222076,1,4299.318013640048,1.0,,,,,0.3147940375060106,
Georgia,2022-12-05,2022-12-10,6673.0,9822.0,0.9132324291922673,0.1780876912222053,1,6554.115478765895,1.0,,,,,0.3206068010588475,
Georgia,2022-12-12,2022-12-17,11100.0,9891.0,1.0035135135135136,0.07616927261100077,1,11155.654229791431,1.0,,,,,0.10891891891891892,
Georgia,2022-12-19,2022-12-24,11677.0,11387.0,1.05874796608718,0.1441849954709066,1,11715.738873636185,1.0,,,,,0.024835146013530873,
Georgia,2022-12-26,2022-12-31,11467.0,10574.0,0.9795064096973926,0.07558277390623679,1,11930.769012698102,1.0,,,,,0.07787564314990843,
Georgia,2023-01-02,2023-01-07,11196.0,13798.0,1.0025008931761343,0.14459083165999626,1,11642.905009733659,1.0,,,,,0.18857805479054934,
Georgia,2023-01-09,2023-01-14,13430.0,12851.0,0.8919583023082651,0.3724744450834719,1,12929.903110223653,1.0,,,,,0.04311243484735666,
Georgia,2023-01-16,2023-01-21,12151.0,8324.0,1.1764463830137437,0.18690298513958617,1,11490.788283991269,1.0,,,,,0.3149535017694017,
Georgia,2023-01-23,2023-01-28,8848.0,7690.0,1.2249095840867992,0.21492443240800765,1,8442.884333442407,1.0,,,,,0.130877034358047,
Hawaii,2021-07-26,2021-07-31,1620.0,2027.0,1.4685185185185186,0.0807580839774706,1,1653.4685525891275,1.0,,,,,0.2007893438579181,
Hawaii,2021-08-02,2021-08-07,3357.0,3450.0,1.236222817992255,0.14192739657653494,1,3309.7076921122707,1.0,,,,,0.026956521739130435,
Hawaii,2021-08-09,2021-08-14,5517.0,4495.0,0.869131774515135,0.11373073697713684,1,5175.676019378564,1.0,,,,,0.18524560449519667,
Hawaii,2021-08-16,2021-08-21,5968.0,4851.0,0.636896782841823,0.16143478932880542,1,6092.806887627136,1.0,,,,,0.18716487935656836,
Hawaii,2021-08-23,2021-08-28,5431.0,5345.0,0.593629165899466,0.1090441240234552,2,5264.734123646412,0.5251307715660132,6467.148920493796,0.4748692284339868,,,0.015835021174737618,1.0
Hawaii,2021-08-30,2021-09-04,6779.0,6227.0,0.4308895117273934,0.09836302517830467,2,6026.9309235732135,0.49301262807949825,7061.844597612797,0.5069873719205018,,,0.08142793922407435,1.0
Hawaii,2021-09-06,2021-09-11,6657.0,4378.0,0.4124981222773021,0.11705159668440081,2,4946.286012153762,0.19936935762016939,6696.725549716903,0.8006306423798306,,,0.3423464022833108,1.0
Hawaii,2021-09-13,2021-09-18,4016.0,3850.0,0.4280378486055777,0.19517364850792293,1,3912.5716932548094,1.0,,,,,0.04133466135458167,
Hawaii,2021-09-20,2021-09-25,3188.0,2771.0,0.3099121706398996,0.12709035291011325,1,3206.950261180697,1.0,,,,,0.1308030112923463,
Hawaii,2021-09-27,2021-10-02,2431.0,2074.0,0.9576306046894282,0.1742157297821349,1,2329.823241286925,1.0,,,,,0.14685314685314685,
Hawaii,2021-10-04,2021-10-09,1649.0,1432.0,0.6397816858702243,0.1624792433531836,1,1685.3367693411797,1.0,,,,,0.13159490600363857,
Hawaii,2021-10-11,2021-10-16,1064.0,967.0,0.8439849624060151,0.18559901598862022,1,1152.498461970688,1.0,,,,,0.09116541353383459,
Hawaii,2021-10-18,2021-10-23,715.0,938.0,1.0923076923076922,0.19284568155063525,1,767.109332367383,1.0,,,,,0.23773987206823027,
Hawaii,2021-10-25,2021-10-30,736.0,955.0,1.1304347826086956,0.18644076376377872,1,728.3433660002361,1.0,,,,,0.2293193717277487,
Hawaii,2021-11-01,2021-11-06,833.0,768.0,1.0804321728691477,0.23795292054821543,1,823.3248143171415,1.0,,,,,0.07803121248499399,
Hawaii,2021-11-08,2021-11-13,749.0,798.0,1.0947930574098799,0.06981258213338848,1,753.8186673994292,1.0,,,,,0.06140350877192982,
Hawaii,2021-11-15,2021-11-20,729.0,1031.0,0.9259259259259259,0.08737408903180002,1,747.6945763578383,1.0,,,,,0.2929194956353055,
Hawaii,2021-11-22,2021-11-27,886.0,605.0,1.0496613995485327,0.11397770734835745,1,916.8576869687203,1.0,,,,,0.31715575620767494,
Hawaii,2021-11-29,2021-12-04,964.0,802.0,1.045643153526971,0.2646316825320775,1,904.6585793842711,1.0,,,,,0.16804979253112035,
Hawaii,2021-12-06,2021-12-11,669.0,867.0,1.2002989536621824,0.14126286216531342,1,700.6355201421832,1.0,,,,,0.22837370242214533,
Hawaii,2021-12-13,2021-12-18,784.0,2760.0,1.1224489795918366,0.07103492788105349,1,793.1211367179795,1.0,,,,,0.7159420289855073,
Hawaii,2021-12-20,2021-12-25,2761.0,8410.0,0.9583484244838827,0.36698455215838616,1,2854.277158660064,1.0,,,,,0.6717003567181926,
Hawaii,2021-12-27,2022-01-01,10848.0,15458.0,0.9837758112094396,0.25684559863553785,1,11116.287201898162,1.0,,,,,0.29822745503946174,
Hawaii,2022-01-03,2022-01-08,23759.0,23004.0,0.9626667789048361,0.08447316256680257,1,23983.9796553659,1.0,,,,,0.03177743171008881,
Hawaii,2022-01-10,2022-01-15,28710.0,27362.0,1.0774294670846396,0.009879325185500665,1,28716.65836874204,1.0,,,,,0.04695228143504006,
Hawaii,2022-01-17,2022-01-22,23367.0,33098.0,1.031454615483374,0.02219608996783154,1,23392.163451823784,1.0,,,,,0.29400568010151673,
Hawaii,2022-01-24,2022-01-29,28529.0,15928.0,0.9237617862525851,0.037684763302870274,1,28389.79798229425,1.0,,,,,0.4416909110028392,
Hawaii,2022-01-31,2022-02-05,19384.0,10501.0,0.7466983078827899,0.01386397529205458,1,19379.03150715575,1.0,,,,,0.45826454808089145,
Hawaii,2022-02-07,2022-02-12,9080.0,5443.0,0.6115638766519824,0.225298474535702,1,8815.919890412999,1.0,,,,,0.40055066079295154,
Hawaii,2022-02-14,2022-02-19,3232.0,3037.0,1.3654084158415842,0.3517818380328897,1,3723.392727777027,1.0,,,,,0.06033415841584158,
Hawaii,2022-02-21,2022-02-26,1779.0,1765.0,1.5165823496346262,0.4104126321722506,2,1659.2497187851532,0.8476016168099753,3464.71428571429,0.1523983831900248,,,0.007869589657110737,1.0
Hawaii,2022-02-28,2022-03-05,1169.0,1387.0,1.7416595380667237,0.31476783854806334,2,421.66254218222724,0.1129068832535248,1226.3779527559072,0.8870931167464753,,,0.15717375630857966,2.0
Hawaii,2022-03-07,2022-03-12,1017.0,505.0,1.607669616519174,0.4081593182822347,2,227.5916140944882,0.15107432320983377,1378.585305433071,0.8489256767901663,,,0.5034414945919371,1.0
Hawaii,2022-03-14,2022-03-19,631.0,1092.0,2.393026941362916,0.4340943387403324,1,571.4429660334101,1.0,,,,,0.42216117216117216,
Hawaii,2022-03-21,2022-03-26,821.0,827.0,1.928136419001218,0.5247590074843773,1,678.9790728998288,1.0,,,,,0.007255139056831923,
Hawaii,2022-03-28,2022-04-02,472.0,1187.0,2.580508474576271,3.2540137183836473,1,988.2606381480712,1.0,,,,,0.6023588879528222,
Hawaii,2022-04-04,2022-04-09,918.0,1194.0,1.9564270152505447,0.5556644205216912,1,785.5289133889916,1.0,,,,,0.23115577889447236,
Hawaii,2022-04-11,2022-04-16,1215.0,1327.0,1.0683127572016462,0.29610371606312713,1,1168.0388402008407,1.0,,,,,0.08440090429540316,
Hawaii,2022-04-18,2022-04-23,1254.0,1736.0,1.1483253588516746,0.3468175449994743,1,1275.6571332677754,1.0,,,,,0.27764976958525345,
Hawaii,2022-04-25,2022-04-30,1754.0,3370.0,1.1014823261117446,0.39826415197512216,1,1760.5388087514,1.0,,,,,0.4795252225519288,
Hawaii,2022-05-02,2022-05-07,2943.0,4249.0,1.18416581719334,0.49866858290371563,1,3019.4795058010627,1.0,,,,,0.3073664391621558,
Hawaii,2022-05-09,2022-05-14,4336.0,5768.0,0.7991236162361623,0.12513267206797965,1,4382.010555945444,1.0,,,,,0.24826629680998613,
Hawaii,2022-05-16,2022-05-21,6166.0,7149.0,0.778138177100227,0.2303515465357765,1,5569.106908844206,1.0,,,,,0.13750174849629318,
Hawaii,2022-05-23,2022-05-28,7281.0,8924.0,1.0431259442384289,0.3196725012050357,1,6505.850081670757,1.0,,,,,0.18411026445540116,
Hawaii,2022-05-30,2022-06-04,8993.0,8124.0,0.7051039697542533,0.16849661284654546,2,7708.011040629921,0.24291567018910049,9414.816277795275,0.7570843298108996,,,0.09663071277660402,1.0
Hawaii,2022-06-06,2022-06-11,8074.0,8033.0,0.6506068863017092,0.23095988506572526,2,4866.483995115852,0.16211775087792105,8132.823989882836,0.837882249122079,,,0.005078028238791181,2.0
Hawaii,2022-06-13,2022-06-18,7709.0,7199.0,0.747697496432741,0.20366151817760902,2,6981.425193139133,0.38278528078641505,7842.6772109888225,0.617214719213585,,,0.06615644052406279,1.0
Hawaii,2022-06-20,2022-06-25,7102.0,5482.0,0.8760912419036891,0.23191425843810462,1,6192.158346322772,1.0,,,,,0.22810475922275417,
Hawaii,2022-06-27,2022-07-02,5003.0,5362.0,1.0087947231661003,0.2267939264388522,1,4958.147929492448,1.0,,,,,0.066952629615815,
Hawaii,2022-07-04,2022-07-09,4856.0,4381.0,1.1544481054365734,0.19689255061856661,1,4681.794079352987,1.0,,,,,0.0978171334431631,
Hawaii,2022-07-11,2022-07-16,4142.0,4464.0,1.4227426364075326,0.19837056677803652,1,3867.3532883441408,1.0,,,,,0.0721326164874552,
Hawaii,2022-07-18,2022-07-23,4073.0,4329.0,1.0066290203780996,0.11996426077901196,1,3928.8759740591777,1.0,,,,,0.059136059136059134,
Hawaii,2022-07-25,2022-07-30,4144.0,4075.0,0.8723455598455598,0.11418376196100942,1,4001.5021100278973,1.0,,,,,0.016650579150579152,
Hawaii,2022-08-01,2022-08-06,3959.0,3689.0,0.9267491790856277,0.14157817897438824,1,3775.8011725484102,1.0,,,,,0.06819904016165698,
Hawaii,2022-08-08,2022-08-13,3523.0,3189.0,0.8427476582458132,0.11175528632445572,1,3396.292915533799,1.0,,,,,0.09480556344024979,
Hawaii,2022-08-15,2022-08-20,3134.0,2696.0,1.0867900446713465,0.2635724212734061,1,2983.2881293717046,1.0,,,,,0.13975749840459475,
Hawaii,2022-08-22,2022-08-27,2695.0,2219.0,0.9001855287569573,0.04486770450338211,1,2702.401917107319,1.0,,,,,0.17662337662337663,
Hawaii,2022-08-29,2022-09-03,2190.0,1777.0,1.0114155251141552,0.08939267933756546,1,2186.2645428529318,1.0,,,,,0.18858447488584476,
Hawaii,2022-09-05,2022-09-10,1828.0,1215.0,1.0858862144420132,0.09203432049838917,1,1815.4119287158333,1.0,,,,,0.33533916849015316,
Hawaii,2022-09-12,2022-09-17,1249.0,1343.0,1.2538030424339472,0.15192459916963588,1,1294.2763272147497,1.0,,,,,0.06999255398361877,
Hawaii,2022-09-19,2022-09-24,1131.0,1132.0,1.0380194518125552,0.14444794002797354,1,1180.3946051766468,1.0,,,,,0.0008833922261484099,
Hawaii,2022-09-26,2022-10-01,970.0,12755.0,1.1835051546391753,0.2342241988403413,1,1060.784789838557,1.0,,,,,0.9239513916111329,
Hawaii,2022-10-03,2022-10-08,1057.0,1273.0,1.2034058656575213,2.8116996196066633,1,1747.942018567611,1.0,,,,,0.16967792615868027,
Hawaii,2022-10-10,2022-10-15,1226.0,1047.0,1.4551386623164764,0.31515361852164914,1,1242.1712522431687,1.0,,,,,0.14600326264274063,
Hawaii,2022-10-17,2022-10-22,1105.0,2211.0,1.4832579185520363,0.9047259368152405,1,1458.3987828832533,1.0,,,,,0.5002261420171868,
Hawaii,2022-10-24,2022-10-29,1857.0,1327.0,1.4001077005923532,0.25015873402985617,1,1847.1145958070367,1.0,,,,,0.28540656973613354,
Hawaii,2022-10-31,2022-11-05,1516.0,1017.0,1.2447229551451187,0.32692277576378614,1,1622.3115269486962,1.0,,,,,0.329155672823219,
Hawaii,2022-11-07,2022-11-12,1017.0,1288.0,1.512291052114061,0.2033692194337038,1,1021.8846166395384,1.0,,,,,0.21040372670807453,
Hawaii,2022-11-14,2022-11-19,1208.0,1049.0,1.4312913907284768,0.10278666395177459,1,1187.310839864966,1.0,,,,,0.1316225165562914,
Hawaii,2022-11-21,2022-11-26,1100.0,1169.0,1.4227272727272726,0.07820072754574257,1,1078.7176703530135,1.0,,,,,0.05902480752780154,
Hawaii,2022-11-28,2022-12-03,1118.0,1012.0,1.3971377459749552,0.15395461719379347,1,1189.7360194966282,1.0,,,,,0.09481216457960644,
Hawaii,2022-12-05,2022-12-10,1081.0,1371.0,1.3459759481961147,0.09759228440772934,1,1031.1528911868793,1.0,,,,,0.21152443471918309,
Hawaii,2022-12-12,2022-12-17,1462.0,1191.0,1.878248974008208,0.1645511043987178,1,1436.8536618284006,1.0,,,,,0.1853625170998632,
Hawaii,2022-12-19,2022-12-24,1263.0,1189.0,1.4362628661916073,0.09018413307815636,1,1203.2451062523917,1.0,,,,,0.05859065716547902,
Hawaii,2022-12-26,2022-12-31,1183.0,1095.0,1.4404057480980559,0.061979758756470736,1,1163.2614493418068,1.0,,,,,0.07438715131022823,
Hawaii,2023-01-02,2023-01-07,1106.0,1316.0,1.3842676311030742,0.09371116584113837,1,1118.604347446885,1.0,,,,,0.1595744680851064,
Hawaii,2023-01-09,2023-01-14,1235.0,1343.0,1.417004048582996,0.17996690977416657,1,1258.5286827619418,1.0,,,,,0.08041697691734921,
Hawaii,2023-01-16,2023-01-21,1279.0,1068.0,1.4386239249413604,0.1044178445045254,1,1263.9068805179422,1.0,,,,,0.16497263487099295,
Hawaii,2023-01-23,2023-01-28,1066.0,1052.0,1.449343339587242,0.12444759063982826,1,1071.3146752412497,1.0,,,,,0.013133208255159476,
Idaho,2021-07-26,2021-07-31,2186.0,2188.0,1.925434583714547,0.15107805015853812,1,2048.3877219077676,1.0,,,,,0.0009140767824497258,
Idaho,2021-08-02,2021-08-07,3313.0,3607.0,1.8623603984304256,0.10074544408484443,1,3273.362064988382,1.0,,,,,0.08150817854172443,
Idaho,2021-08-09,2021-08-14,5705.0,3963.0,1.2892199824715163,0.16269837792388686,1,5783.981943441742,1.0,,,,,0.3053461875547765,
Idaho,2021-08-16,2021-08-21,5148.0,4885.0,0.9475524475524476,0.16001797239423785,1,5310.189475720625,1.0,,,,,0.05108780108780109,
Idaho,2021-08-23,2021-08-28,5442.0,4948.0,0.5832414553472988,0.13457972858829073,1,5819.5226214479835,1.0,,,,,0.09077545020213157,
Idaho,2021-08-30,2021-09-04,5093.0,7657.0,0.54408010995484,0.09987219365204211,1,5448.703445713302,1.0,,,,,0.3348569936006269,
Idaho,2021-09-06,2021-09-11,8894.0,8033.0,0.42792894085900607,0.15084094292144135,1,9176.79502672887,1.0,,,,,0.09680683606926017,
Idaho,2021-09-13,2021-09-18,8089.0,8444.0,0.503523303251329,0.05406225851297456,1,8090.348401622412,1.0,,,,,0.042041686404547605,
Idaho,2021-09-20,2021-09-25,8526.0,8535.0,0.4707952146375792,0.08604973083045832,1,8553.514018798245,1.0,,,,,0.001054481546572935,
Idaho,2021-09-27,2021-10-02,8447.0,9456.0,0.8779448324849058,0.18106731174818008,1,8787.569947014455,1.0,,,,,0.10670473773265651,
Idaho,2021-10-04,2021-10-09,9182.0,8442.0,0.5449793073404487,0.07760137497491462,1,9094.786009893578,1.0,,,,,0.08059246351557395,
Idaho,2021-10-11,2021-10-16,7887.0,8408.0,0.5741092937745658,0.12398289486368849,3,5276.109033513746,0.11848936702284696,7832.894687281687,0.5005956223954344,8401.069277007897,0.3809150105817186,0.06196479543292103,3.0
Idaho,2021-10-18,2021-10-23,7757.0,8141.0,0.5417042671135749,0.11398080185656442,3,5473.897588890314,0.2689134508125063,7691.8017736661395,0.297226393881702,8061.452471128778,0.4338601553057917,0.04716865249969291,3.0
Idaho,2021-10-25,2021-10-30,8009.0,6249.0,0.6030715445124235,0.10783121005163683,3,7130.533078486037,0.19062216552611783,7541.386349807227,0.20979565613563203,8193.918016023235,0.5995821783382501,0.2197527781246098,1.0
Idaho,2021-11-01,2021-11-06,6300.0,5047.0,0.7617460317460317,0.08236569103987447,1,6307.692464732037,1.0,,,,,0.1988888888888889,
Idaho,2021-11-08,2021-11-13,4713.0,3550.0,0.7284107786972205,0.06091777805348868,1,4617.865674845566,1.0,,,,,0.24676426904307236,
Idaho,2021-11-15,2021-11-20,3353.0,3447.0,0.8130032806441992,0.07096452193544607,1,3265.8528763852983,1.0,,,,,0.027270089933275312,
Idaho,2021-11-22,2021-11-27,2921.0,2466.0,0.6227319411160561,0.09869857406572285,1,3006.0508714315347,1.0,,,,,0.15576857240671002,
Idaho,2021-11-29,2021-12-04,2467.0,3107.0,0.8406972030806648,0.2786528407664622,1,2603.9761261634976,1.0,,,,,0.20598648213710974,
Idaho,2021-12-06,2021-12-11,2622.0,2823.0,0.8623188405797102,0.07959421839752542,1,2584.307067744556,1.0,,,,,0.07120085015940489,
Idaho,2021-12-13,2021-12-18,2839.0,2275.0,1.0711518140190208,0.04748585834005359,1,2782.8215897765217,1.0,,,,,0.19866150052835505,
Idaho,2021-12-20,2021-12-25,2272.0,1759.0,1.179137323943662,0.09875194038602048,1,2293.8113471503643,1.0,,,,,0.22579225352112675,
Idaho,2021-12-27,2022-01-01,2329.0,3656.0,1.120652640618291,0.08770099597472682,1,2254.802959442716,1.0,,,,,0.362964989059081,
Idaho,2022-01-03,2022-01-08,4818.0,8069.0,1.0074719800747198,0.11562593851693648,1,4782.714719323969,1.0,,,,,0.40289998760689055,
Idaho,2022-01-10,2022-01-15,10727.0,13406.0,1.1746993567633075,0.0031554221407526792,1,10727.365339192153,1.0,,,,,0.1998358943756527,
Idaho,2022-01-17,2022-01-22,16701.0,17200.0,1.0888569546733728,0.027910561597209078,1,16686.230393387432,1.0,,,,,0.029011627906976745,
Idaho,2022-01-24,2022-01-29,17205.0,19664.0,1.1602441150828247,0.1214440070257668,1,18086.110159950695,1.0,,,,,0.12505085435313262,
Idaho,2022-01-31,2022-02-05,19483.0,13346.0,0.9055073653954729,0.010285056628562468,1,19488.04481021478,1.0,,,,,0.3149925576143304,
Idaho,2022-02-07,2022-02-12,13972.0,12070.0,0.8512024048096193,0.16307794062774736,1,14197.633936147451,1.0,,,,,0.13612940166046378,
Idaho,2022-02-14,2022-02-19,9606.0,11376.0,1.1134707474495107,0.1448379177802,3,8068.661417322835,0.2947543576015549,8904.606299212599,0.25471362311006235,11461.614173228347,0.4505320192883827,0.15559071729957805,3.0
Idaho,2022-02-21,2022-02-26,8297.0,9125.0,1.3976135952754007,0.27640768181190506,3,7186.430293407157,0.2884115301141402,8977.139863583307,0.24606822619197222,11138.341068968315,0.4655202436938876,0.09073972602739726,2.0
Idaho,2022-02-28,2022-03-05,8725.0,8845.0,1.4312893982808024,0.28191849129559,3,8551.273531236773,0.5976395389814204,10408.69489761183,0.1991731628555575,11204.73262605828,0.20318729816302203,0.013566986998304126,1.0
Idaho,2022-03-07,2022-03-12,6769.0,5448.0,1.3855813266361354,0.3026750944533234,3,5582.716535433071,0.3937709476956268,6559.078740157481,0.27258204324022967,7592.8740157480315,0.3336470090641436,0.1951543802629635,1.0
Idaho,2022-03-14,2022-03-19,2763.0,4007.0,2.058993847267463,0.5215056158568261,3,2308.03937007874,0.44854431297313524,2887.4094488188975,0.2966741149322195,4358.118110236221,0.25478157209464525,0.3104567007736461,3.0
Idaho,2022-03-21,2022-03-26,1630.0,1611.0,3.104294478527607,0.8083867436645421,3,579.0422641394827,0.5248064767002535,2525.036750089991,0.27007455590944424,3480.9638659955035,0.20511896739030228,0.011656441717791411,2.0
Idaho,2022-03-28,2022-04-02,1483.0,661.0,0.9096426163182738,0.36249217160775155,2,455.019122609674,0.36743818848321924,1208.624296962881,0.6325618115167807,,,0.5542818610923803,1.0
Idaho,2022-04-04,2022-04-09,579.0,427.0,1.7996545768566494,0.5826988922720654,2,612.0631029901283,0.8883055952339353,1273.0204636720457,0.1116944047660648,,,0.26252158894645944,1.0
Idaho,2022-04-11,2022-04-16,350.0,403.0,1.937142857142857,1.087800812168646,2,295.4778758875248,0.893933035130657,1159.8230071001985,0.10606696486934301,,,0.1315136476426799,1.0
Idaho,2022-04-18,2022-04-23,401.0,505.0,2.1396508728179553,0.9034248796063927,2,449.3156804793091,0.7900455207241406,1160.5594662131596,0.2099544792758594,,,0.20594059405940593,1.0
Idaho,2022-04-25,2022-04-30,554.0,495.0,2.2093862815884475,0.5130616425097959,2,22.106919742639427,0.21318128260805225,604.255806298811,0.7868187173919479,,,0.10649819494584838,2.0
Idaho,2022-05-02,2022-05-07,416.0,816.0,1.7980769230769231,0.6249824638200032,1,414.1736457163365,1.0,,,,,0.49019607843137253,
Idaho,2022-05-09,2022-05-14,814.0,1057.0,1.371007371007371,0.20296335100990565,1,786.4538611751555,1.0,,,,,0.22989593188268684,
Idaho,2022-05-16,2022-05-21,1204.0,1352.0,1.0423588039867109,0.20355533596175068,1,1205.951594796655,1.0,,,,,0.10946745562130178,
Idaho,2022-05-23,2022-05-28,1415.0,1692.0,1.2798586572438162,0.34106329802985763,1,1343.1308466323324,1.0,,,,,0.16371158392434987,
Idaho,2022-05-30,2022-06-04,1895.0,1961.0,1.0717678100263852,0.14934065562209017,1,1988.4389830651403,1.0,,,,,0.033656297807241206,
Idaho,2022-06-06,2022-06-11,2201.0,2509.0,1.0249886415265788,0.14487891870806496,1,2140.498289782502,1.0,,,,,0.12275807094459944,
Idaho,2022-06-13,2022-06-18,2739.0,2480.0,0.8692953632712669,0.0598666393326401,1,2710.2499556301054,1.0,,,,,0.0945600584154801,
Idaho,2022-06-20,2022-06-25,2582.0,2834.0,1.198295894655306,0.06949456533856688,1,2620.340641908639,1.0,,,,,0.08892025405786874,
Idaho,2022-06-27,2022-07-02,2761.0,3353.0,0.8812024628757696,0.10517578042242476,1,2765.5079633456694,1.0,,,,,0.17655830599463168,
Idaho,2022-07-04,2022-07-09,3464.0,3676.0,1.1509815242494226,0.0548782607145003,1,3432.0722214160464,1.0,,,,,0.05767138193688792,
Idaho,2022-07-11,2022-07-16,3837.0,3853.0,1.197810789679437,0.09448561948690895,1,3845.5047722348977,1.0,,,,,0.004152608357124318,
Idaho,2022-07-18,2022-07-23,4054.0,3721.0,0.8724716329551061,0.06540979234107021,1,4084.5993594136958,1.0,,,,,0.08214109521460286,
Idaho,2022-07-25,2022-07-30,3857.0,3318.0,0.8376976925071299,0.0690693221955623,1,3788.167759511478,1.0,,,,,0.1397459165154265,
Idaho,2022-08-01,2022-08-06,3276.0,2900.0,1.362026862026862,0.22016206670873825,1,3384.252698248886,1.0,,,,,0.11477411477411477,
Idaho,2022-08-08,2022-08-13,2862.0,2446.0,1.0335429769392033,0.05663205234318551,1,2782.0753485340683,1.0,,,,,0.1453529000698812,
Idaho,2022-08-15,2022-08-20,2387.0,2092.0,1.1474654377880185,0.2079213449085957,1,2262.922651762238,1.0,,,,,0.12358609132802681,
Idaho,2022-08-22,2022-08-27,2050.0,1967.0,1.0263414634146342,0.06881897789901538,1,2059.1115185493586,1.0,,,,,0.04048780487804878,
Idaho,2022-08-29,2022-09-03,1849.0,1936.0,1.0957274202271499,0.05300426854529828,1,1836.9144506125276,1.0,,,,,0.04493801652892562,
Idaho,2022-09-05,2022-09-10,1903.0,1561.0,1.4755648975302154,0.2555106855718817,1,2068.1228812882728,1.0,,,,,0.17971623751970572,
Idaho,2022-09-12,2022-09-17,1460.0,1507.0,1.3068493150684932,0.09930582630795387,1,1427.7093497188448,1.0,,,,,0.031187790311877902,
Idaho,2022-09-19,2022-09-24,1483.0,1522.0,1.3519892110586649,0.16318043967104554,1,1361.4652121556826,1.0,,,,,0.025624178712220762,
Idaho,2022-09-26,2022-10-01,1486.0,1280.0,1.0356662180349934,0.12185551741724368,1,1433.9605820160893,1.0,,,,,0.1386271870794078,
Idaho,2022-10-03,2022-10-08,1288.0,1134.0,1.1669254658385093,0.041371214164210995,1,1277.2045166547248,1.0,,,,,0.11956521739130435,
Idaho,2022-10-10,2022-10-15,1137.0,1075.0,1.5109938434476693,0.08134250015577607,1,1151.1142031964573,1.0,,,,,0.05452946350043975,
Idaho,2022-10-17,2022-10-22,1088.0,726.0,1.193014705882353,0.07544662873860887,1,1061.6209888227834,1.0,,,,,0.3327205882352941,
Idaho,2022-10-24,2022-10-29,899.0,1041.0,1.575083426028921,0.13721032563289898,1,860.2849347333349,1.0,,,,,0.13640730067243034,
Idaho,2022-10-31,2022-11-05,1010.0,1035.0,1.2574257425742574,0.07179440485792597,1,1033.7647536486584,1.0,,,,,0.024154589371980676,
Idaho,2022-11-07,2022-11-12,1039.0,1221.0,1.2377285851780557,0.084681622779055,1,1055.2528639151126,1.0,,,,,0.14905814905814907,
Idaho,2022-11-14,2022-11-19,1211.0,1241.0,1.170933113129645,0.05838501140426558,1,1219.1478101921123,1.0,,,,,0.024174053182917002,
Idaho,2022-11-21,2022-11-26,1241.0,1424.0,1.2103142626913779,0.09550847995573708,1,1251.5658101551026,1.0,,,,,0.12851123595505617,
Idaho,2022-11-28,2022-12-03,1495.0,1462.0,1.3565217391304347,0.08647646605387771,1,1479.2420755566934,1.0,,,,,0.022073578595317726,
Idaho,2022-12-05,2022-12-10,1508.0,1638.0,1.3289124668435013,0.08570522435499218,1,1513.8998643829045,1.0,,,,,0.07936507936507936,
Idaho,2022-12-12,2022-12-17,1742.0,1329.0,1.431113662456946,0.0694584711863598,1,1741.5750315944422,1.0,,,,,0.23708381171067738,
Idaho,2022-12-19,2022-12-24,1358.0,1336.0,1.4455081001472754,0.1412919720186714,1,1356.5367027877585,1.0,,,,,0.016200294550810016,
Idaho,2022-12-26,2022-12-31,1350.0,1066.0,1.4103703703703703,0.05267768375015642,1,1330.6948082425295,1.0,,,,,0.21037037037037037,
Idaho,2023-01-02,2023-01-07,1213.0,1125.0,1.2943116240725474,0.11781646628015773,1,1133.6253058251943,1.0,,,,,0.07254740313272877,
Idaho,2023-01-09,2023-01-14,1078.0,941.0,1.4944341372912802,0.15749699495946362,1,1001.7087609171405,1.0,,,,,0.12708719851576994,
Idaho,2023-01-16,2023-01-21,882.0,659.0,1.5521541950113378,0.14767459679043937,1,840.0274315373092,1.0,,,,,0.2528344671201814,
Idaho,2023-01-23,2023-01-28,654.0,676.0,1.5137614678899083,0.20274280582781415,1,640.1546888269936,1.0,,,,,0.03254437869822485,
Illinois,2021-07-26,2021-07-31,13456.0,11679.0,0.6035225921521997,0.13693864744388928,1,12678.287018943185,1.0,,,,,0.13206004756242568,
Illinois,2021-08-02,2021-08-07,20652.0,16747.0,0.6417296145651753,0.11703507529340045,1,19784.01133074813,1.0,,,,,0.1890858028278133,
Illinois,2021-08-09,2021-08-14,24511.0,21334.0,0.8176736975235609,0.08776790672100876,1,23586.689422785646,1.0,,,,,0.129615274774591,
Illinois,2021-08-16,2021-08-21,28432.0,24684.0,0.5127321328081036,0.09877318247316191,2,24433.86678858332,0.31277852884302443,29411.74817524074,0.6872214711569755,,,0.13182329769274057,1.0
Illinois,2021-08-23,2021-08-28,27666.0,25636.0,0.3924672883683944,0.10227432093444527,2,26696.765184221098,0.5624312707584262,32051.530368442196,0.43756872924157375,,,0.07337526205450734,1.0
Illinois,2021-08-30,2021-09-04,28287.0,30321.0,0.38880050906776964,0.07956079534113561,2,25814.009339939537,0.4926431990176583,30306.9118482173,0.5073568009823417,,,0.06708222024339566,2.0
Illinois,2021-09-06,2021-09-11,31600.0,26058.0,0.41477848101265824,0.09624543347166219,2,31459.098036074392,0.7452050772052671,36551.48779745869,0.254794922794733,,,0.17537974683544305,1.0
Illinois,2021-09-13,2021-09-18,24914.0,25959.0,0.611503572288673,0.14558919955523192,2,23513.07397983545,0.8986241931689316,31777.244394692683,0.10137580683106848,,,0.04025578797334258,1.0
Illinois,2021-09-20,2021-09-25,24816.0,21785.0,0.534292392005158,0.11074576840827406,1,25303.125229162833,1.0,,,,,0.12213894261766602,
Illinois,2021-09-27,2021-10-02,21288.0,18743.0,0.9152104472003006,0.1053730248052763,1,20579.36087133262,1.0,,,,,0.11955092070650132,
Illinois,2021-10-04,2021-10-09,16238.0,19240.0,0.5688508436999631,0.06360553487324316,1,16659.20762981999,1.0,,,,,0.15602910602910602,
Illinois,2021-10-11,2021-10-16,18041.0,15668.0,0.7047835485837813,0.08966364633976308,1,17941.071432591576,1.0,,,,,0.13153372872900615,
Illinois,2021-10-18,2021-10-23,14729.0,15136.0,0.8459501663385158,0.17284237852011217,1,13631.393649686113,1.0,,,,,0.02688953488372093,
Illinois,2021-10-25,2021-10-30,14651.0,14615.0,0.7422018974814006,0.11761454300561655,1,13894.61039065214,1.0,,,,,0.002457170159033513,
Illinois,2021-11-01,2021-11-06,14461.0,17459.0,0.7587995297697254,0.16312810623839516,1,14126.484518922745,1.0,,,,,0.17171659316112034,
Illinois,2021-11-08,2021-11-13,17278.0,22600.0,0.6821970135432341,0.059972634099711486,1,17335.177658824716,1.0,,,,,0.2354867256637168,
Illinois,2021-11-15,2021-11-20,23310.0,28279.0,0.6996996996996997,0.06451982540428243,1,23721.77709292317,1.0,,,,,0.175713426924573,
Illinois,2021-11-22,2021-11-27,29985.0,21031.0,0.6575954643988661,0.07420161331529845,1,30597.91449902136,1.0,,,,,0.29861597465399364,
Illinois,2021-11-29,2021-12-04,26353.0,50176.0,0.7679960535802376,0.23891964218088096,3,17241.0,0.24776856688624072,25659.963462440945,0.24831076776792826,29955.35298409449,0.5039206653458311,0.474788743622449,3.0
Illinois,2021-12-06,2021-12-11,37855.0,49666.0,0.6994848765024435,0.24650910475361346,3,21375.0,0.27280859985323,37122.409709097185,0.5978354271161752,50931.67668476702,0.12935597303059482,0.23780856118874077,3.0
Illinois,2021-12-13,2021-12-18,52155.0,59313.0,0.5925031157127792,0.118779277184248,3,52160.45469488189,0.6898473000171128,59386.129419685036,0.10182064411149316,65201.91639330708,0.20833205587139403,0.12068180668656113,2.0
Illinois,2021-12-20,2021-12-25,62036.0,77259.0,0.6808788445418789,0.09038142073053365,1,64626.06049852594,1.0,,,,,0.19703853272757865,
Illinois,2021-12-27,2022-01-01,98705.0,128254.0,0.8385998682944127,0.13958719967686375,1,103026.13912625471,1.0,,,,,0.23039437366475898,
Illinois,2022-01-03,2022-01-08,213057.0,232906.0,0.9253392284693768,0.08570436688738929,1,209755.90915835,1.0,,,,,0.0852232231028827,
Illinois,2022-01-10,2022-01-15,292099.0,207176.0,1.1226810088360453,0.0037670805049581937,1,292109.13515408075,1.0,,,,,0.2907336211353,
Illinois,2022-01-17,2022-01-22,242532.0,183745.0,1.0691578843204195,0.023724173109465316,1,242218.49521344158,1.0,,,,,0.24238863325251925,
Illinois,2022-01-24,2022-01-29,154752.0,123791.0,0.8113239247311828,0.038447893024299865,1,159427.6525790512,1.0,,,,,0.20006849669148055,
Illinois,2022-01-31,2022-02-05,136313.0,60390.0,0.4647319037802704,0.01354358331367918,1,136271.81738929474,1.0,,,,,0.5569754902320395,
Illinois,2022-02-07,2022-02-12,57717.0,29932.0,0.4135003551813157,0.6028755594499373,3,20104.94449,0.104966349662797,25568.394183070868,0.18593569610687813,61080.81718803149,0.7090979542303248,0.48140062719822585,2.0
Illinois,2022-02-14,2022-02-19,21641.0,26204.0,1.4801072039184882,0.4066506807319961,3,12327.0,0.27300432274637215,21301.398200224987,0.5167382763781905,37104.1428571429,0.21025740087543737,0.17413372004274158,2.0
Illinois,2022-02-21,2022-02-26,15239.0,13022.0,1.5023951702867642,0.3475052334968572,3,12981.393700787401,0.5740080120611363,18970.055118110235,0.2717549923370325,24809.0,0.15423699560183118,0.14548198700702145,1.0
Illinois,2022-02-28,2022-03-05,9866.0,10465.0,1.0766267991080478,0.2879871540949745,2,2859.0,0.11191602644616476,8989.199100112477,0.8880839735538353,,,0.057238413760152894,2.0
Illinois,2022-03-07,2022-03-12,7040.0,8515.0,0.9107954545454545,0.3805785533600874,2,1368.5579302587173,0.1573983579435594,7077.613048368929,0.8426016420564406,,,0.17322372284204346,2.0
Illinois,2022-03-14,2022-03-19,7042.0,7471.0,1.7618574268673672,0.36744170541894255,2,675.127109111361,0.18797394615536783,7077.736782902138,0.8120260538446322,,,0.057422031856511846,2.0
Illinois,2022-03-21,2022-03-26,6298.0,8040.0,1.8751984757065736,0.43564734105834785,2,377.8661417322835,0.23890786823540994,6602.472440944882,0.76109213176459,,,0.21666666666666667,2.0
Illinois,2022-03-28,2022-04-02,7950.0,8428.0,0.889308176100629,0.3796821553659188,2,122.0,0.1638894076227377,8198.344762204724,0.8361105923772624,,,0.0567157095396298,2.0
Illinois,2022-04-04,2022-04-09,7516.0,10784.0,0.7244544970729111,0.4604422072503732,2,57.0,0.2267127821926562,7756.133814270768,0.7732872178073438,,,0.3030415430267062,2.0
Illinois,2022-04-11,2022-04-16,9435.0,14052.0,0.7655537890832008,0.18797400687478205,1,9519.454174119652,1.0,,,,,0.3285653287788215,
Illinois,2022-04-18,2022-04-23,14897.0,19550.0,0.8831308317110828,0.24988396482249275,1,13436.42645100961,1.0,,,,,0.23800511508951408,
Illinois,2022-04-25,2022-04-30,19935.0,24647.0,0.7989967394030599,0.31931732405713986,1,18211.28500087786,1.0,,,,,0.19117945388891142,
Illinois,2022-05-02,2022-05-07,24885.0,30635.0,0.8489853325296364,0.32007144214466543,1,22334.233443969235,1.0,,,,,0.1876938142647299,
Illinois,2022-05-09,2022-05-14,31204.0,40028.0,0.6696897833611075,0.08107006313428082,1,30970.05724304847,1.0,,,,,0.22044568801838713,
Illinois,2022-05-16,2022-05-21,40938.0,40187.0,0.595559138208999,0.16500612795955424,1,40469.946705549846,1.0,,,,,0.018344814109140652,
Illinois,2022-05-23,2022-05-28,40708.0,36839.0,0.6760341947528741,0.2542580607048852,1,38523.091819288915,1.0,,,,,0.09504274344109266,
Illinois,2022-05-30,2022-06-04,35981.0,32601.0,0.7314138017286902,0.09988705120362,1,34843.18555328089,1.0,,,,,0.09393846752452684,
Illinois,2022-06-06,2022-06-11,31746.0,34001.0,1.061897561897562,0.1356205966334767,1,31112.70728050452,1.0,,,,,0.0663215787770948,
Illinois,2022-06-13,2022-06-18,33705.0,27112.0,0.7866191959649903,0.13611451644735498,1,31631.13914353873,1.0,,,,,0.19560896009494141,
Illinois,2022-06-20,2022-06-25,27075.0,27094.0,0.7400184672206833,0.09508051048636545,2,19364.990969214676,0.11425508677325209,26872.78690536128,0.885744913226748,,,0.0007012622720897616,2.0
Illinois,2022-06-27,2022-07-02,25900.0,28216.0,0.8682625482625482,0.08049386581417114,2,20074.67716535433,0.11784055967131277,25713.149606299212,0.8821594403286873,,,0.08208108874397504,2.0
Illinois,2022-07-04,2022-07-09,28315.0,27543.0,0.7948790393784213,0.11945047827457468,2,20268.618387057086,0.17334487996647494,28522.85839074803,0.826655120033525,,,0.02726470068868091,2.0
Illinois,2022-07-11,2022-07-16,27756.0,33066.0,0.8925277417495316,0.13860377438436947,1,27067.179725524118,1.0,,,,,0.16058791507893305,
Illinois,2022-07-18,2022-07-23,32770.0,32268.0,0.792004882514495,0.09794181903194184,1,33204.31103715915,1.0,,,,,0.015318889227952395,
Illinois,2022-07-25,2022-07-30,32149.0,35371.0,0.7070826464275716,0.1005634996070395,1,31406.629041411572,1.0,,,,,0.09109157219190862,
Illinois,2022-08-01,2022-08-06,34696.0,30762.0,0.8842806087157021,0.1486553159976569,1,31014.41987208802,1.0,,,,,0.11338482822227346,
Illinois,2022-08-08,2022-08-13,30388.0,26462.0,0.7168948269053573,0.07507690537978555,1,29183.86224470323,1.0,,,,,0.12919573515861524,
Illinois,2022-08-15,2022-08-20,25397.0,25084.0,1.005788085206914,0.20433955421643313,1,23321.497221429934,1.0,,,,,0.01232429027050439,
Illinois,2022-08-22,2022-08-27,24307.0,24297.0,0.7166659809931295,0.05623617994142472,1,24072.48685365752,1.0,,,,,0.0004114041222693051,
Illinois,2022-08-29,2022-09-03,23339.0,26127.0,0.8429667080851793,0.05822352895393686,1,22821.641864609304,1.0,,,,,0.10670953419833888,
Illinois,2022-09-05,2022-09-10,26278.0,19933.0,0.744082502473552,0.07827508905393533,1,25089.42848308711,1.0,,,,,0.24145673186696096,
Illinois,2022-09-12,2022-09-17,20151.0,17584.0,0.778224405736688,0.10915983859438592,1,19617.771893505986,1.0,,,,,0.12738821894695052,
Illinois,2022-09-19,2022-09-24,16911.0,17373.0,0.8281591863284253,0.08927363098118794,1,16679.991475932227,1.0,,,,,0.026592989121049904,
Illinois,2022-09-26,2022-10-01,15847.0,10945.0,0.8626238404745378,0.10789650804554374,1,15186.490116360506,1.0,,,,,0.30933299678172527,
Illinois,2022-10-03,2022-10-08,9656.0,11447.0,1.0098384424192213,0.21424825663962177,1,10301.383003501622,1.0,,,,,0.1564602079147375,
Illinois,2022-10-10,2022-10-15,11086.0,10416.0,1.107883817427386,0.14920864091058622,1,10521.004440116596,1.0,,,,,0.060436586685910156,
Illinois,2022-10-17,2022-10-22,10092.0,11955.0,0.9876139516448672,0.11318601718441411,1,9909.234549746043,1.0,,,,,0.1558343789209536,
Illinois,2022-10-24,2022-10-29,12165.0,13640.0,0.8350184956843403,0.12220592551318944,1,12115.574651308454,1.0,,,,,0.10813782991202346,
Illinois,2022-10-31,2022-11-05,14804.0,14227.0,0.8851661713050527,0.1461223853013861,1,15447.410600659563,1.0,,,,,0.03897595244528506,
Illinois,2022-11-07,2022-11-12,15246.0,11020.0,0.9357864357864358,0.08742061638610282,1,15663.137335751284,1.0,,,,,0.27718745900564085,
Illinois,2022-11-14,2022-11-19,12143.0,15583.0,0.803755249938236,0.16504757842312978,1,11879.831844833516,1.0,,,,,0.2207533850991465,
Illinois,2022-11-21,2022-11-26,13968.0,10358.0,0.7814289805269187,0.10212345999952258,1,14149.60642852291,1.0,,,,,0.2584478808705613,
Illinois,2022-11-28,2022-12-03,12376.0,24532.0,0.7377181641887525,0.207333215373652,1,12489.853485855836,1.0,,,,,0.4955160606554704,
Illinois,2022-12-05,2022-12-10,23621.0,21403.0,0.7569958934846112,0.271593707745854,1,23691.961966332445,1.0,,,,,0.09389949621099869,
Illinois,2022-12-12,2022-12-17,24547.0,23334.0,1.0996863160467674,0.10351469308409317,1,24849.2194891453,1.0,,,,,0.04941540717806656,
Illinois,2022-12-19,2022-12-24,23966.0,23793.0,0.7401735792372528,0.10138218615576913,1,23228.823352673808,1.0,,,,,0.007218559626137027,
Illinois,2022-12-26,2022-12-31,23883.0,15904.0,0.7920696729891554,0.10371772300294281,1,23937.89947814942,1.0,,,,,0.3340870074948708,
Illinois,2023-01-02,2023-01-07,16150.0,11443.0,1.1728792569659443,0.2658370417436367,1,18023.397498343656,1.0,,,,,0.29145510835913313,
Illinois,2023-01-09,2023-01-14,12479.0,0.0,1.210994470710794,0.21350002256046577,1,12412.367955660506,1.0,,,,,1.0,
Illinois,2023-01-16,2023-01-21,8275.0,27569.0,2.6848338368580063,0.8497432508013669,1,8658.35887614752,1.0,,,,,0.6998440277122855,
Illinois,2023-01-23,2023-01-28,25838.0,10924.0,0.964161312795108,0.3523831172332789,1,20870.930182004366,1.0,,,,,0.5772118585029801,
Indiana,2021-07-26,2021-07-31,6147.0,6851.0,0.8532617537009923,0.1330318411408363,1,5959.935819035012,1.0,,,,,0.10275872135454678,
Indiana,2021-08-02,2021-08-07,11822.0,10027.0,1.2738115378108612,0.13693631745755194,1,11756.834547737322,1.0,,,,,0.1518355608188124,
Indiana,2021-08-09,2021-08-14,14332.0,15407.0,0.9827658386826682,0.08501763689482421,1,14021.91473587472,1.0,,,,,0.06977347958720062,
Indiana,2021-08-16,2021-08-21,22387.0,20416.0,0.6799035154330638,0.10203835706586288,1,22528.42544444404,1.0,,,,,0.08804216732925359,
Indiana,2021-08-23,2021-08-28,24843.0,26551.0,0.4206416294328382,0.14769880675337815,1,26611.82840590603,1.0,,,,,0.06432902715528606,
Indiana,2021-08-30,2021-09-04,31554.0,33775.0,0.376782658300057,0.10674251174242785,1,32977.58991065973,1.0,,,,,0.06575869726128794,
Indiana,2021-09-06,2021-09-11,32252.0,26685.0,0.49082227458762245,0.12865102415474794,1,32979.33435887683,1.0,,,,,0.17260945057670843,
Indiana,2021-09-13,2021-09-18,24597.0,26701.0,0.5814123673618734,0.15962863092474866,1,24296.21395421047,1.0,,,,,0.07879854687090371,
Indiana,2021-09-20,2021-09-25,25225.0,21327.0,0.6055500495540139,0.07145913746129355,1,25206.858667445784,1.0,,,,,0.15452923686818631,
Indiana,2021-09-27,2021-10-02,20011.0,17923.0,0.7901654090250362,0.1434907164075131,1,18707.137778167813,1.0,,,,,0.10434261156364,
Indiana,2021-10-04,2021-10-09,15487.0,16980.0,0.6236198101633629,0.11202704807105605,1,15510.724167088458,1.0,,,,,0.08792697290930507,
Indiana,2021-10-11,2021-10-16,14572.0,13860.0,0.631965413121054,0.13023918915204535,1,14038.07504991042,1.0,,,,,0.048860828987098544,
Indiana,2021-10-18,2021-10-23,12249.0,11242.0,0.7520613927667564,0.12946158999876795,1,12129.452849835947,1.0,,,,,0.08221079271777287,
Indiana,2021-10-25,2021-10-30,9896.0,11378.0,0.8690379951495554,0.12483983126826491,1,9871.732607571514,1.0,,,,,0.1302513622780805,
Indiana,2021-11-01,2021-11-06,10529.0,12488.0,0.8406306391870073,0.16595079691978798,1,9806.658483523073,1.0,,,,,0.15687059577194107,
Indiana,2021-11-08,2021-11-13,10879.0,16228.0,0.7050280356650428,0.10028047826779979,1,10818.085363451351,1.0,,,,,0.3296154794182894,
Indiana,2021-11-15,2021-11-20,19458.0,17163.0,0.7486894850447117,0.10786477437219173,3,17689.9557988188,0.22300276827725357,19429.219948750626,0.589947296909886,24001.0,0.18704993481286045,0.11794634597594819,1.0
Indiana,2021-11-22,2021-11-27,19158.0,15038.0,0.7597348366217768,0.0978235906914863,3,17165.03073282084,0.44010698019332195,19311.759872854374,0.3929047699901338,21395.349920533983,0.1669882498165443,0.21505376344086022,1.0
Indiana,2021-11-29,2021-12-04,17627.0,33847.0,0.8336075338968628,0.21785109967400446,3,14415.0,0.2821020601060542,16617.514400393702,0.281758055538025,22075.919653543308,0.4361398843559209,0.4792152923449641,3.0
Indiana,2021-12-06,2021-12-11,23928.0,32564.0,0.8504262788365096,0.2836400343077496,3,14579.062243586672,0.4009710124511615,25030.280803508467,0.3925744278220083,33988.46814058429,0.20645455972683024,0.26520083527822136,3.0
Indiana,2021-12-13,2021-12-18,35526.0,30655.0,0.7080166638518268,0.10372922967468141,2,33094.26457157481,0.4537941296568297,38218.824763405515,0.5462058703431703,,,0.13711084839272644,1.0
Indiana,2021-12-20,2021-12-25,31296.0,19372.0,0.8777160020449898,0.0798802167801464,2,31314.190936867046,0.7617010821260612,35745.340004148595,0.23829891787393873,,,0.38100715746421265,1.0
Indiana,2021-12-27,2022-01-01,25468.0,45928.0,0.7721847023716035,0.13727423864685565,2,22747.05354909165,0.4938372683317231,27496.418493001125,0.5061627316682769,,,0.4454798815537363,2.0
Indiana,2022-01-03,2022-01-08,53598.0,82569.0,0.9938803686704728,0.07887740974344289,2,40886.52445895662,0.1204686965819684,53369.43292828082,0.8795313034180317,,,0.3508701813029103,2.0
Indiana,2022-01-10,2022-01-15,110227.0,96454.0,1.126067116042349,0.004429069255280982,1,110225.42904125855,1.0,,,,,0.12495123699275132,
Indiana,2022-01-17,2022-01-22,119799.0,98650.0,1.0635147204901543,0.028265046534868325,1,119556.1749483979,1.0,,,,,0.17653736675598294,
Indiana,2022-01-24,2022-01-29,94034.0,79545.0,0.8025714103409405,0.028201623328007786,1,93244.178727373,1.0,,,,,0.15408256588042624,
Indiana,2022-01-31,2022-02-05,77840.0,42865.0,0.7101490236382323,0.00667355932222844,1,77827.65735995152,1.0,,,,,0.4493191161356629,
Indiana,2022-02-07,2022-02-12,47637.0,17416.0,0.4950983479228331,0.18642051527007517,1,42715.00137075378,1.0,,,,,0.6344018305098977,
Indiana,2022-02-14,2022-02-19,9881.0,9916.0,1.2141483655500456,0.5188283722066468,1,10168.81899471179,1.0,,,,,0.0035296490520371118,
Indiana,2022-02-21,2022-02-26,7793.0,6062.0,1.4797895547286026,0.3896800810462892,1,6204.906964231985,1.0,,,,,0.22212241755421533,
Indiana,2022-02-28,2022-03-05,3845.0,3408.0,1.2892067620286085,0.30190365492428095,1,3934.5419615465644,1.0,,,,,0.11365409622886866,
Indiana,2022-03-07,2022-03-12,2102.0,2932.0,1.3886774500475738,0.35125385356641853,1,2241.25498166902,1.0,,,,,0.2830832196452933,
Indiana,2022-03-14,2022-03-19,1910.0,2099.0,2.8424083769633506,0.4249760858305181,1,1758.9952939115356,1.0,,,,,0.09004287756074321,
Indiana,2022-03-21,2022-03-26,1722.0,1374.0,1.5011614401858304,0.3557925722370247,1,1402.8905211375736,1.0,,,,,0.20209059233449478,
Indiana,2022-03-28,2022-04-02,1579.0,1326.0,2.2552248258391385,0.8493190758261684,1,1469.060926881163,1.0,,,,,0.16022799240025332,
Indiana,2022-04-04,2022-04-09,1401.0,1230.0,1.2983583154889364,0.685789363518265,1,1217.221274927219,1.0,,,,,0.12205567451820129,
Indiana,2022-04-11,2022-04-16,1152.0,865.0,2.037326388888889,1.326981816501798,1,2124.1924136380176,1.0,,,,,0.24913194444444445,
Indiana,2022-04-18,2022-04-23,998.0,3194.0,1.906813627254509,1.1403288303666659,1,1336.6645429549142,1.0,,,,,0.6875391358797746,
Indiana,2022-04-25,2022-04-30,3257.0,5533.0,1.3217684986183604,0.5329021383961839,1,3264.1261811659824,1.0,,,,,0.4113500813302006,
Indiana,2022-05-02,2022-05-07,5880.0,4793.0,1.146768707482993,0.34230258369885175,1,5410.828176889782,1.0,,,,,0.1848639455782313,
Indiana,2022-05-09,2022-05-14,5240.0,6749.0,0.9624045801526717,0.11689171899576803,1,5057.504993128207,1.0,,,,,0.22358867980441546,
Indiana,2022-05-16,2022-05-21,7168.0,8143.0,0.9817243303571429,0.20521687570743216,1,7535.19565960039,1.0,,,,,0.11973474149576323,
Indiana,2022-05-23,2022-05-28,8635.0,8784.0,1.029183555298205,0.20485956132333993,1,8456.981403162017,1.0,,,,,0.016962659380692167,
Indiana,2022-05-30,2022-06-04,9451.0,8082.0,0.8927097661623109,0.05213927825740365,1,9442.20098950369,1.0,,,,,0.14485239657179136,
Indiana,2022-06-06,2022-06-11,8124.0,8643.0,1.1158296405711472,0.11457063511421656,1,8054.063860823548,1.0,,,,,0.06004859423811177,
Indiana,2022-06-13,2022-06-18,8849.0,8473.0,1.0369533280596677,0.06624693755147694,1,9038.860415554984,1.0,,,,,0.0424906769126455,
Indiana,2022-06-20,2022-06-25,8532.0,8917.0,0.9105719643694328,0.06082163191977484,1,8464.706172094564,1.0,,,,,0.043175956039026575,
Indiana,2022-06-27,2022-07-02,8901.0,11010.0,1.025053364790473,0.09480336482805045,1,9220.693924310712,1.0,,,,,0.19155313351498637,
Indiana,2022-07-04,2022-07-09,11040.0,11173.0,0.8320652173913043,0.059948732980284906,1,10933.273925696465,1.0,,,,,0.011903696410990781,
Indiana,2022-07-11,2022-07-16,11507.0,11371.0,1.0604849222212567,0.1494305840439295,1,11141.227425245615,1.0,,,,,0.011818892847831755,
Indiana,2022-07-18,2022-07-23,12081.0,14728.0,0.8342024666832216,0.14103910694074429,1,11433.932448557123,1.0,,,,,0.17972569255839219,
Indiana,2022-07-25,2022-07-30,14702.0,15576.0,0.7811862331655557,0.072814518234525,1,14495.696905956653,1.0,,,,,0.05611196712891628,
Indiana,2022-08-01,2022-08-06,15401.0,14888.0,0.899097461203818,0.11446113250563293,1,14728.780742122268,1.0,,,,,0.033309525355496396,
Indiana,2022-08-08,2022-08-13,15036.0,15574.0,0.7597100292631019,0.0627519140897062,1,14805.023626128519,1.0,,,,,0.03454475407730834,
Indiana,2022-08-15,2022-08-20,15576.0,14200.0,0.9468412942989214,0.19943538003279374,1,14435.5114159189,1.0,,,,,0.08834103749357987,
Indiana,2022-08-22,2022-08-27,14078.0,13962.0,0.7532319931808495,0.04292408061034833,1,14038.363399234842,1.0,,,,,0.00823980679073732,
Indiana,2022-08-29,2022-09-03,13795.0,12195.0,0.8350851757883291,0.04877720358544762,1,13521.251365813569,1.0,,,,,0.11598405219282348,
Indiana,2022-09-05,2022-09-10,11933.0,8772.0,0.9310315930612587,0.06618469120796626,1,11984.299394173646,1.0,,,,,0.26489566747674514,
Indiana,2022-09-12,2022-09-17,8403.0,6026.0,1.0750922289658456,0.13487124091776606,1,7994.250245846119,1.0,,,,,0.2828751636320362,
Indiana,2022-09-19,2022-09-24,5410.0,4977.0,1.2957486136783734,0.17312855272187358,1,5655.989360404353,1.0,,,,,0.08003696857670979,
Indiana,2022-09-26,2022-10-01,4192.0,2665.0,1.150763358778626,0.17614928320452172,1,4142.716490829526,1.0,,,,,0.3642652671755725,
Indiana,2022-10-03,2022-10-08,2608.0,3652.0,1.1349693251533743,0.255950952021377,1,2484.804135293026,1.0,,,,,0.2858707557502738,
Indiana,2022-10-10,2022-10-15,3030.0,4377.0,1.233003300330033,0.23638061729957796,1,3291.8689627415565,1.0,,,,,0.30774503084304317,
Indiana,2022-10-17,2022-10-22,4065.0,3080.0,1.0162361623616236,0.1784965340792409,1,4474.47040358606,1.0,,,,,0.24231242312423124,
Indiana,2022-10-24,2022-10-29,3534.0,4463.0,1.2863610639501981,0.14566279322715403,1,3594.165460448332,1.0,,,,,0.20815594891328704,
Indiana,2022-10-31,2022-11-05,4591.0,5143.0,1.3034197342626879,0.12561799090782316,1,4661.210741370327,1.0,,,,,0.10733035193466849,
Indiana,2022-11-07,2022-11-12,5657.0,5311.0,1.0268693653880148,0.08906264364723832,1,5545.315191226125,1.0,,,,,0.061163160685875906,
Indiana,2022-11-14,2022-11-19,5380.0,5478.0,0.9278810408921933,0.07482264788622839,1,5516.362108609117,1.0,,,,,0.017889740781307048,
Indiana,2022-11-21,2022-11-26,5492.0,5924.0,1.1376547705753823,0.1155134002657847,1,5475.637341201349,1.0,,,,,0.07292370020256583,
Indiana,2022-11-28,2022-12-03,5854.0,6336.0,0.9584899214212504,0.08331984723379954,1,5917.092105456064,1.0,,,,,0.07607323232323232,
Indiana,2022-12-05,2022-12-10,6301.0,11535.0,1.0318996984605617,0.07748656946113774,1,6422.410594811626,1.0,,,,,0.45374945817078455,
Indiana,2022-12-12,2022-12-17,12766.0,9725.0,1.0654864483785054,0.19855991796488362,1,12700.820189825947,1.0,,,,,0.23821087263042456,
Indiana,2022-12-19,2022-12-24,9948.0,9236.0,1.0166867712102936,0.10658601280503956,1,9869.721444979661,1.0,,,,,0.07157217531162043,
Indiana,2022-12-26,2022-12-31,4680.0,6507.0,1.7767094017094016,0.8400089040218914,1,4768.929994779296,1.0,,,,,0.28077455048409405,
Indiana,2023-01-02,2023-01-07,499.0,9151.0,8.775551102204409,8.073040908643947,1,2742.3692585837116,1.0,,,,,0.9454704403890285,
Indiana,2023-01-09,2023-01-14,0.0,6067.0,7473.0,3617.555135767108,1,2493.621664010598,1.0,,,,,1.0,
Indiana,2023-01-16,2023-01-21,5510.0,2960.0,1.621415607985481,0.2845731827543828,1,5716.197705620733,1.0,,,,,0.4627949183303085,
Indiana,2023-01-23,2023-01-28,3194.0,4031.0,1.5842204132748905,0.39406240992794395,1,3351.609387493055,1.0,,,,,0.20764078392458446,
Iowa,2021-07-26,2021-07-31,1703.0,2158.0,2.8302994715208456,0.1432633669701046,1,1679.5797820893076,1.0,,,,,0.21084337349397592,
Iowa,2021-08-02,2021-08-07,2876.0,3570.0,3.417941585535466,0.15290058372931475,1,2816.252992630423,1.0,,,,,0.19439775910364146,
Iowa,2021-08-09,2021-08-14,5882.0,6822.0,1.2279836790207412,0.19632229230055775,1,5872.236462253759,1.0,,,,,0.13778950454412195,
Iowa,2021-08-16,2021-08-21,6372.0,5944.0,0.636691776522285,0.16755896354626645,1,6663.170330554922,1.0,,,,,0.06716886377903326,
Iowa,2021-08-23,2021-08-28,6657.0,7558.0,0.5224575634670272,0.14355416104934732,1,6880.529327247153,1.0,,,,,0.11921143159566022,
Iowa,2021-08-30,2021-09-04,8306.0,8852.0,0.4916927522273056,0.07600707771017037,1,8362.109368720561,1.0,,,,,0.06168097605061003,
Iowa,2021-09-06,2021-09-11,8976.0,9591.0,0.5797682709447415,0.1086087459538596,1,9099.301334231708,1.0,,,,,0.06412261495151705,
Iowa,2021-09-13,2021-09-18,8823.0,13071.0,0.6574861158336167,0.08302480624337749,2,8815.897852546752,0.7954240538519743,9943.770313579602,0.2045759461480256,,,0.3249942621069543,2.0
Iowa,2021-09-20,2021-09-25,13727.0,11429.0,0.9471843811466453,0.08415554605384046,2,10567.678510491767,0.14867480105973976,13915.815761449965,0.8513251989402603,,,0.1674072994827712,1.0
Iowa,2021-09-27,2021-10-02,11852.0,9911.0,1.0083530205872426,0.1586043888042172,2,11454.007443300268,0.6796750905633063,14619.679072167113,0.3203249094366938,,,0.16376982787715152,1.0
Iowa,2021-10-04,2021-10-09,9447.0,5773.0,0.6232666454959246,0.10404789870917745,2,8959.52555929975,0.587203556042123,10575.326224373119,0.41279644395787707,,,0.38890653117391766,1.0
Iowa,2021-10-11,2021-10-16,6523.0,8167.0,1.1721600490571822,0.27714597156945237,1,6184.909746981026,1.0,,,,,0.20129790620790988,
Iowa,2021-10-18,2021-10-23,7868.0,6907.0,1.0,0.13186630914968905,1,7201.501390457953,1.0,,,,,0.12214031520081342,
Iowa,2021-10-25,2021-10-30,6665.0,9706.0,0.9075768942235559,0.11329985460324583,1,6703.599611979458,1.0,,,,,0.3133113538017721,
Iowa,2021-11-01,2021-11-06,6984.0,8275.0,1.1086769759450172,0.2485932141628793,1,7559.890836070502,1.0,,,,,0.15601208459214502,
Iowa,2021-11-08,2021-11-13,8557.0,9157.0,0.9491644267850883,0.0623459420309209,1,8421.523477638022,1.0,,,,,0.06552364311455718,
Iowa,2021-11-15,2021-11-20,8595.0,10073.0,0.8381617219313554,0.08019465710616736,1,8680.338409955697,1.0,,,,,0.1467288791819716,
Iowa,2021-11-22,2021-11-27,9567.0,5222.0,0.7651301348385073,0.04756224228858523,1,9586.458022192037,1.0,,,,,0.4541653600919829,
Iowa,2021-11-29,2021-12-04,9999.0,15764.0,0.9807980798079808,0.16585825552651695,2,6744.588592440945,0.24831076776792826,10170.412925433071,0.7516892322320718,,,0.3657066734331388,2.0
Iowa,2021-12-06,2021-12-11,10207.0,11664.0,1.0386989321054179,0.2811487403376084,2,9494.28571428571,0.7345809935531529,16520.0,0.2654190064468471,,,0.12491426611796982,1.0
Iowa,2021-12-13,2021-12-18,14291.0,10742.0,0.9080540200125954,0.10756437182033825,2,11680.357659150019,0.35977687774899786,14656.705992073228,0.6402231222510022,,,0.24833811489748792,1.0
Iowa,2021-12-20,2021-12-25,10688.0,6926.0,1.074569610778443,0.09612629384397645,1,10767.286138568203,1.0,,,,,0.35198353293413176,
Iowa,2021-12-27,2022-01-01,9393.0,11546.0,1.2450761205152774,0.0808257950794662,1,9347.178252600046,1.0,,,,,0.18647150528321496,
Iowa,2022-01-03,2022-01-08,13165.0,32499.0,0.9660463349791113,0.04536182754743449,1,13162.038255033196,1.0,,,,,0.594910612634235,
Iowa,2022-01-10,2022-01-15,32615.0,37410.0,1.1724666564464203,0.0032089545998602296,1,32614.0403625409,1.0,,,,,0.12817428495054797,
Iowa,2022-01-17,2022-01-22,46991.0,36953.0,1.0870379434359771,0.03404032620519567,1,46861.60996822605,1.0,,,,,0.2136153731565619,
Iowa,2022-01-24,2022-01-29,37974.0,29925.0,0.9080686785695475,0.04508309743213115,1,37336.53481071307,1.0,,,,,0.2119608152946753,
Iowa,2022-01-31,2022-02-05,33714.0,17412.0,0.8764311561962389,0.0024213117871421173,1,33713.505825704,1.0,,,,,0.4835379960847126,
Iowa,2022-02-07,2022-02-12,22856.0,9866.0,0.9527476373818691,0.19816024088726267,1,21123.88323075614,1.0,,,,,0.5683409170458523,
Iowa,2022-02-14,2022-02-19,6988.0,5964.0,1.2125071551230682,0.5224791646924968,1,7679.771041703808,1.0,,,,,0.14653692043503147,
Iowa,2022-02-21,2022-02-26,5100.0,3319.0,1.4429411764705882,0.37842839218935526,1,4740.269718397987,1.0,,,,,0.34921568627450983,
Iowa,2022-02-28,2022-03-05,2386.0,6698.0,1.6693210393964795,0.4531739341487448,1,2408.4627950179647,1.0,,,,,0.6437742609734249,
Iowa,2022-03-07,2022-03-12,4901.0,1231.0,1.4325647826974086,0.47046246107423545,1,4095.2295165956784,1.0,,,,,0.7488267700469292,
Iowa,2022-03-14,2022-03-19,1708.0,773.0,2.3266978922716626,0.45117529642032844,1,1301.168472346154,1.0,,,,,0.547423887587822,
Iowa,2022-03-21,2022-03-26,873.0,743.0,1.7548682703321878,0.4525816701384892,1,694.5953830486276,1.0,,,,,0.14891179839633448,
Iowa,2022-03-28,2022-04-02,736.0,754.0,2.4809782608695654,0.4076124329564516,1,603.9789982001874,1.0,,,,,0.023872679045092837,
Iowa,2022-04-04,2022-04-09,784.0,673.0,1.7997448979591837,0.5759126656907861,1,665.8764331403395,1.0,,,,,0.14158163265306123,
Iowa,2022-04-11,2022-04-16,840.0,1060.0,1.8178571428571428,1.8036337814004864,1,1770.462563035877,1.0,,,,,0.20754716981132076,
Iowa,2022-04-18,2022-04-23,980.0,1255.0,1.6408163265306122,0.44557215538879213,1,917.4213464292586,1.0,,,,,0.21912350597609562,
Iowa,2022-04-25,2022-04-30,1264.0,1746.0,1.3931962025316456,0.33853079341562176,1,1202.2336691743515,1.0,,,,,0.27605956471935855,
Iowa,2022-05-02,2022-05-07,1766.0,2811.0,1.2548131370328426,0.3188901418495457,1,1691.890360218225,1.0,,,,,0.3717538242618285,
Iowa,2022-05-09,2022-05-14,2713.0,3535.0,1.0416513085145596,0.10924546937785957,1,2754.2687716117784,1.0,,,,,0.23253182461103253,
Iowa,2022-05-16,2022-05-21,4103.0,2077.0,0.7830855471606142,0.12035294982474921,1,3866.027794505752,1.0,,,,,0.4937850353399951,
Iowa,2022-05-23,2022-05-28,2945.0,3960.0,2.00679117147708,0.4135362104655644,1,2971.9273208478285,1.0,,,,,0.2563131313131313,
Iowa,2022-05-30,2022-06-04,3872.0,3854.0,1.459452479338843,0.07817999555067745,1,3729.1382830471316,1.0,,,,,0.0046487603305785125,
Iowa,2022-06-06,2022-06-11,3999.0,4283.0,1.587896974243561,0.10602719802510653,1,3983.537004027799,1.0,,,,,0.0663086621526967,
Iowa,2022-06-13,2022-06-18,4281.0,3987.0,1.3772483064704508,0.04678380485743278,1,4215.785435875858,1.0,,,,,0.06867554309740714,
Iowa,2022-06-20,2022-06-25,4149.0,3919.0,1.314774644492649,0.03439699121092266,1,4129.4006614166665,1.0,,,,,0.055435044589057604,
Iowa,2022-06-27,2022-07-02,3943.0,4403.0,1.5120466649759066,0.03298592724393145,1,3998.7453908684183,1.0,,,,,0.10447422212128095,
Iowa,2022-07-04,2022-07-09,4058.0,4037.0,1.4674716609167078,0.1626046253419581,1,4098.708455498741,1.0,,,,,0.005174963035978314,
Iowa,2022-07-11,2022-07-16,4041.0,5188.0,1.4362781489730265,0.24912077345620182,1,3703.3466092560116,1.0,,,,,0.22108712413261372,
Iowa,2022-07-18,2022-07-23,4921.0,5391.0,1.1442796179638286,0.10595529033190235,1,4994.2152061506395,1.0,,,,,0.08718234093860137,
Iowa,2022-07-25,2022-07-30,5367.0,5932.0,1.2709148500093161,0.1784156631022852,1,5283.729012689056,1.0,,,,,0.09524612272420768,
Iowa,2022-08-01,2022-08-06,5615.0,5637.0,1.6603739982190562,0.10551236030010559,1,5386.33941341856,1.0,,,,,0.003902785169416356,
Iowa,2022-08-08,2022-08-13,5653.0,5648.0,1.4167698567132496,0.26957452012467753,1,5366.5709941175755,1.0,,,,,0.0008844861135680169,
Iowa,2022-08-15,2022-08-20,5675.0,4743.0,1.435418502202643,0.18927342230531952,1,5373.20764592078,1.0,,,,,0.16422907488986785,
Iowa,2022-08-22,2022-08-27,4732.0,4938.0,1.3653846153846154,0.09235686927200719,1,4898.355075317408,1.0,,,,,0.04171729445119481,
Iowa,2022-08-29,2022-09-03,4895.0,4909.0,1.42635342185904,0.057937196221984094,1,4692.627513573972,1.0,,,,,0.002851904664901202,
Iowa,2022-09-05,2022-09-10,4827.0,4201.0,1.6308266003729024,0.06701624723092708,1,4696.459340344868,1.0,,,,,0.12968717629997928,
Iowa,2022-09-12,2022-09-17,4180.0,3998.0,1.6131578947368421,0.18587086535879058,1,3978.215116996491,1.0,,,,,0.04354066985645933,
Iowa,2022-09-19,2022-09-24,3728.0,2821.0,1.4750536480686696,0.10077766681840825,1,3658.1250252451164,1.0,,,,,0.243293991416309,
Iowa,2022-09-26,2022-10-01,2839.0,2042.0,1.7499119408242338,0.13955066602928654,1,2778.517077793017,1.0,,,,,0.2807326523423741,
Iowa,2022-10-03,2022-10-08,2120.0,1848.0,1.6867924528301887,0.10868370492708078,1,2140.8439655895277,1.0,,,,,0.12830188679245283,
Iowa,2022-10-10,2022-10-15,1800.0,1688.0,2.0594444444444444,0.17122691095788023,1,1866.765343964036,1.0,,,,,0.06222222222222222,
Iowa,2022-10-17,2022-10-22,1686.0,1378.0,1.5415183867141162,0.08389857817311003,1,1680.039151378489,1.0,,,,,0.1826809015421115,
Iowa,2022-10-24,2022-10-29,1341.0,1915.0,1.4287844891871737,0.12007207425919397,1,1350.9020791426574,1.0,,,,,0.29973890339425585,
Iowa,2022-10-31,2022-11-05,1876.0,1827.0,1.5676972281449892,0.11694216596676997,1,1832.85603665345,1.0,,,,,0.026119402985074626,
Iowa,2022-11-07,2022-11-12,1895.0,1863.0,1.3519788918205804,0.07128519561939321,1,1874.2396672853083,1.0,,,,,0.016886543535620052,
Iowa,2022-11-14,2022-11-19,1811.0,1980.0,1.5416896742131418,0.0827460389480482,1,1869.1787008612691,1.0,,,,,0.08535353535353535,
Iowa,2022-11-21,2022-11-26,1872.0,2302.0,1.4332264957264957,0.02923375863598925,1,1910.3045701562492,1.0,,,,,0.18679409209383144,
Iowa,2022-11-28,2022-12-03,2311.0,2700.0,1.5162267416702726,0.09437589281676807,1,2287.692644942772,1.0,,,,,0.14407407407407408,
Iowa,2022-12-05,2022-12-10,2593.0,3471.0,1.5086772078673352,0.12290438396686959,1,2657.302510465037,1.0,,,,,0.2529530394698934,
Iowa,2022-12-12,2022-12-17,3449.0,3702.0,1.558132792113656,0.13077366787707562,1,3507.1167947634603,1.0,,,,,0.06834143706104809,
Iowa,2022-12-19,2022-12-24,3715.0,3493.0,1.2745625841184387,0.12430907150782416,1,3859.4948360810235,1.0,,,,,0.05975773889636608,
Iowa,2022-12-26,2022-12-31,3483.0,2148.0,1.416307780648866,0.10683925523993923,1,3364.3336020610604,1.0,,,,,0.3832902670111972,
Iowa,2023-01-02,2023-01-07,2468.0,2256.0,1.9752836304700163,0.3179538164001282,1,2608.065443601648,1.0,,,,,0.08589951377633712,
Iowa,2023-01-09,2023-01-14,2251.0,2204.0,1.6219458018658375,0.40829945213952834,1,2394.0257568671473,1.0,,,,,0.02087960906263883,
Iowa,2023-01-16,2023-01-21,2013.0,1687.0,1.645305514157973,0.15445628941228282,1,1965.2252707014188,1.0,,,,,0.16194734227521113,
Iowa,2023-01-23,2023-01-28,1728.0,1568.0,1.8344907407407407,0.11291216399800108,1,1730.5294652287369,1.0,,,,,0.09259259259259259,
Kansas,2021-07-26,2021-07-31,6474.0,5725.0,1.3631448872412728,0.1650953441625112,1,6101.307330806382,1.0,,,,,0.11569354340438678,
Kansas,2021-08-02,2021-08-07,7322.0,6626.0,1.7803878721660749,0.06688012986311373,1,7209.867719372201,1.0,,,,,0.0950559956296094,
Kansas,2021-08-09,2021-08-14,8831.0,8375.0,1.219114483071,0.1529311435452081,1,8612.851929990651,1.0,,,,,0.05163628128184804,
Kansas,2021-08-16,2021-08-21,12237.0,8221.0,0.9789981204543597,0.2017571917001129,1,12338.383543211614,1.0,,,,,0.32818501266650324,
Kansas,2021-08-23,2021-08-28,8204.0,9687.0,0.7129449049244271,0.20548209213048305,1,8139.114927454721,1.0,,,,,0.15309177247857955,
Kansas,2021-08-30,2021-09-04,9640.0,11353.0,0.5453319502074688,0.21147084840460983,1,10046.466814945492,1.0,,,,,0.1508852285739452,
Kansas,2021-09-06,2021-09-11,11828.0,9956.0,0.5448934731146432,0.24073689827808262,2,11689.19489106191,0.7452050772052671,17651.628304800823,0.2547949227947329,,,0.15826851538721678,1.0
Kansas,2021-09-13,2021-09-18,9141.0,9815.0,0.44885679903730447,0.20092215308660036,2,8960.948652283878,0.8986241931689315,14309.38578122556,0.10137580683106845,,,0.06867040244523688,1.0
Kansas,2021-09-20,2021-09-25,9488.0,7516.0,0.28467537942664417,0.10804565157535007,2,9069.2895787192,0.895103294935552,11650.69538600079,0.10489670506444802,,,0.2078414839797639,1.0
Kansas,2021-09-27,2021-10-02,7499.0,6843.0,1.2161621549539938,0.18315966092006752,2,4657.404100629921,0.20852829315942362,7519.386433070866,0.7914717068405764,,,0.08747833044405921,2.0
Kansas,2021-10-04,2021-10-09,5857.0,6233.0,0.724432303226908,0.10102739541710642,1,5950.156878688864,1.0,,,,,0.060324081501684584,
Kansas,2021-10-11,2021-10-16,5591.0,5687.0,1.0132355571454124,0.06729965420721684,1,5692.266590858157,1.0,,,,,0.01688060488834183,
Kansas,2021-10-18,2021-10-23,5357.0,5597.0,0.8764233712899011,0.0837323475178812,1,5171.3882746003255,1.0,,,,,0.042880114346971594,
Kansas,2021-10-25,2021-10-30,5245.0,5837.0,0.8632983794089609,0.0720914799337201,1,5073.694782182764,1.0,,,,,0.10142196333733082,
Kansas,2021-11-01,2021-11-06,5604.0,5622.0,0.8854389721627409,0.15306267375956145,1,5269.451927733389,1.0,,,,,0.0032017075773745998,
Kansas,2021-11-08,2021-11-13,5459.0,7524.0,0.8499725224400073,0.06506819553603488,1,5367.177253217322,1.0,,,,,0.274455077086656,
Kansas,2021-11-15,2021-11-20,7521.0,8020.0,0.7633293445020609,0.04578907156174233,1,7438.682228901482,1.0,,,,,0.062219451371571075,
Kansas,2021-11-22,2021-11-27,8208.0,5378.0,0.8774366471734892,0.04796335169060124,1,8319.78775560143,1.0,,,,,0.3447855750487329,
Kansas,2021-11-29,2021-12-04,6197.0,13158.0,1.084072938518638,0.12746951161420816,1,6453.662020825184,1.0,,,,,0.529031767745858,
Kansas,2021-12-06,2021-12-11,8849.0,11704.0,0.9563792518928692,0.2380782523743867,1,9733.595198001392,1.0,,,,,0.2439336978810663,
Kansas,2021-12-13,2021-12-18,12722.0,11698.0,0.8526175129696588,0.10715231462978705,2,12876.384877304223,0.7789541092787553,15511.97141408331,0.2210458907212446,,,0.08049048891683698,1.0
Kansas,2021-12-20,2021-12-25,12109.0,7788.0,1.1672309852176068,0.13786395889322106,2,12015.925399970904,0.6423260005729476,15657.71348988872,0.35767399942705236,,,0.35684201833347096,1.0
Kansas,2021-12-27,2022-01-01,10307.0,14043.0,1.3236635296400505,0.10199854327004365,2,9581.483990115747,0.7309013923078896,11471.514872995382,0.2690986076921104,,,0.26604001993875953,2.0
Kansas,2022-01-03,2022-01-08,16905.0,45901.0,1.0168589174800355,0.08203220565988296,2,13567.876385333495,0.13839571979320345,17437.86560921271,0.8616042802067966,,,0.6317073702097994,2.0
Kansas,2022-01-10,2022-01-15,58830.0,54495.0,1.140404555498895,0.002541005124439365,1,58828.534579245956,1.0,,,,,0.07368689444161142,
Kansas,2022-01-17,2022-01-22,56290.0,60201.0,1.0769408420678628,0.032952204448095775,1,56249.953988367146,1.0,,,,,0.0649656982442152,
Kansas,2022-01-24,2022-01-29,66538.0,41990.0,1.0075896480206799,0.15389238841010297,1,65961.11397215772,1.0,,,,,0.36893203883495146,
Kansas,2022-01-31,2022-02-05,47889.0,21853.0,0.7113324563052058,0.0027121480773540985,1,47885.507947436374,1.0,,,,,0.5436739125895299,
Kansas,2022-02-07,2022-02-12,22777.0,4448.0,0.6522369056504368,0.2350255912495999,3,10055.393700787401,0.16531950839669554,17277.976377952757,0.13359490502796476,24719.425196850392,0.7010855865753397,0.8047152829608816,1.0
Kansas,2022-02-14,2022-02-19,2904.0,13394.0,1.9707300275482094,1.1198168440394318,3,715.6163481255063,0.3649481126349964,2770.1501691532276,0.42242091543651916,9413.14285714286,0.21263097192848454,0.7831865014185456,3.0
Kansas,2022-02-21,2022-02-26,8393.0,3324.0,1.6719885618968189,0.6643468855188879,3,8435.779999231476,0.5107420574810346,9711.118665761514,0.3168995235412223,21508.001331164385,0.17235841897774312,0.6039556773501727,1.0
Kansas,2022-02-28,2022-03-05,3450.0,2059.0,1.6188405797101448,0.4858927429847097,3,1477.608548931383,0.33437879211718513,3479.529808773902,0.46819596400767693,4957.138357705285,0.19742524387513788,0.40318840579710147,1.0
Kansas,2022-03-07,2022-03-12,1743.0,1176.0,1.4388984509466438,0.4461229639497544,1,1521.454600059081,1.0,,,,,0.3253012048192771,
Kansas,2022-03-14,2022-03-19,714.0,521.0,3.7450980392156863,0.9488603851232367,1,821.7586754438764,1.0,,,,,0.2703081232492997,
Kansas,2022-03-21,2022-03-26,257.0,466.0,8.490272373540856,2.124223010790173,1,506.52527168101994,1.0,,,,,0.44849785407725323,
Kansas,2022-03-28,2022-04-02,598.0,541.0,2.05685618729097,0.3882866170789028,1,380.299236612807,1.0,,,,,0.09531772575250837,
Kansas,2022-04-04,2022-04-09,584.0,682.0,1.9434931506849316,0.5058316122638745,1,415.73835342481715,1.0,,,,,0.1436950146627566,
Kansas,2022-04-11,2022-04-16,634.0,1302.0,2.0757097791798107,2.8199891162830997,1,1695.7452355841376,1.0,,,,,0.5130568356374808,
Kansas,2022-04-18,2022-04-23,178.0,1574.0,4.657303370786517,2.658038304396537,1,358.01011111053106,1.0,,,,,0.8869123252858958,
Kansas,2022-04-25,2022-04-30,97.0,2016.0,10.061855670103093,2.999586373623344,1,237.00777519314155,1.0,,,,,0.9518849206349206,
Kansas,2022-05-02,2022-05-07,2265.0,2229.0,1.3509933774834437,0.3907905561108274,2,836.5415584251967,0.2903728326546489,2300.489285669291,0.7096271673453511,,,0.015894039735099338,2.0
Kansas,2022-05-09,2022-05-14,2102.0,2849.0,1.2535680304471932,0.3318898788833997,2,351.0,0.15126683017445033,2125.4096273228342,0.8487331698255497,,,0.2621972621972622,2.0
Kansas,2022-05-16,2022-05-21,2769.0,1909.0,1.037919826652221,0.4812135422101492,2,311.0,0.10816471954878903,2655.1728346456694,0.8918352804512109,,,0.3105814373420007,2.0
Kansas,2022-05-23,2022-05-28,2980.0,3107.0,1.919463087248322,0.5746937371077083,1,3149.980561288827,1.0,,,,,0.040875442549082715,
Kansas,2022-05-30,2022-06-04,3147.0,3202.0,1.3053701938353988,0.26218305355037125,1,3095.165548288448,1.0,,,,,0.017176764522173642,
Kansas,2022-06-06,2022-06-11,3493.0,4686.0,1.3721729172630976,0.29008595224401434,1,3782.3658172801747,1.0,,,,,0.254588134869825,
Kansas,2022-06-13,2022-06-18,4677.0,3955.0,1.160786829163994,0.2003119876478765,1,4645.918306647185,1.0,,,,,0.15437246097926022,
Kansas,2022-06-20,2022-06-25,4379.0,4138.0,1.3637816853162823,0.19035095315547668,1,4478.93399193208,1.0,,,,,0.05503539620918018,
Kansas,2022-06-27,2022-07-02,4300.0,5017.0,1.303720930232558,0.1873003226866162,1,4348.954906051436,1.0,,,,,0.14291409208690453,
Kansas,2022-07-04,2022-07-09,4998.0,5408.0,1.1600640256102441,0.22795565731565448,1,4949.675808157801,1.0,,,,,0.07581360946745562,
Kansas,2022-07-11,2022-07-16,5493.0,7336.0,1.4527580557072637,0.3381660647383796,1,5140.0255185803535,1.0,,,,,0.251226826608506,
Kansas,2022-07-18,2022-07-23,7272.0,7651.0,1.0423542354235424,0.16342151525926749,1,7193.814630502631,1.0,,,,,0.04953600836491962,
Kansas,2022-07-25,2022-07-30,7653.0,7507.0,1.0535737619234287,0.2479903066219789,1,7104.614195576982,1.0,,,,,0.01907748595322096,
Kansas,2022-08-01,2022-08-06,7547.0,6751.0,1.5098714721081223,0.32968063453657714,1,6511.09764568483,1.0,,,,,0.10547237312839539,
Kansas,2022-08-08,2022-08-13,6767.0,6611.0,1.2707255800206887,0.3073147245197555,1,6119.924214373987,1.0,,,,,0.0230530515738141,
Kansas,2022-08-15,2022-08-20,6308.0,5390.0,1.3419467343056437,0.26724453005822224,1,5840.41445209917,1.0,,,,,0.14552948636651872,
Kansas,2022-08-22,2022-08-27,5525.0,5073.0,0.8988235294117647,0.12944953954785168,1,5357.908913075913,1.0,,,,,0.08180995475113122,
Kansas,2022-08-29,2022-09-03,5070.0,5747.0,1.2031558185404339,0.2124360118968818,1,4882.393354680407,1.0,,,,,0.11780059161301548,
Kansas,2022-09-05,2022-09-10,5385.0,4562.0,1.1441039925719592,0.18268496738547463,1,5124.176551474796,1.0,,,,,0.15283194057567318,
Kansas,2022-09-12,2022-09-17,4463.0,4169.0,1.1879901411606544,0.25704967769626036,1,4321.109760473459,1.0,,,,,0.06587497199193368,
Kansas,2022-09-19,2022-09-24,3968.0,2780.0,1.1554939516129032,0.25997448758460406,1,3790.30350887679,1.0,,,,,0.29939516129032256,
Kansas,2022-09-26,2022-10-01,2856.0,2628.0,1.1200980392156863,0.32460061131984685,1,2619.556909497551,1.0,,,,,0.07983193277310924,
Kansas,2022-10-03,2022-10-08,2576.0,1690.0,1.2437888198757765,0.13560744896254429,1,2614.600293924435,1.0,,,,,0.343944099378882,
Kansas,2022-10-10,2022-10-15,1699.0,2878.0,1.8216597998822837,0.37781350356418075,1,1868.8410528694087,1.0,,,,,0.40965948575399586,
Kansas,2022-10-17,2022-10-22,2633.0,1905.0,1.438283327003418,0.30045263926023097,1,2573.1429969645624,1.0,,,,,0.27649069502468665,
Kansas,2022-10-24,2022-10-29,2640.0,2099.0,1.1257575757575757,0.15713513519112873,1,2654.1499569072967,1.0,,,,,0.20492424242424243,
Kansas,2022-10-31,2022-11-05,2031.0,2392.0,1.2712949286065978,0.16646030188390062,1,2047.0228169673392,1.0,,,,,0.15091973244147158,
Kansas,2022-11-07,2022-11-12,2190.0,2707.0,1.2168949771689497,0.1292753046817409,1,2231.386921177035,1.0,,,,,0.19098633173254526,
Kansas,2022-11-14,2022-11-19,2709.0,2590.0,1.2355112587670727,0.40588231507322015,1,2999.756352340036,1.0,,,,,0.04392764857881137,
Kansas,2022-11-21,2022-11-26,2547.0,3049.0,1.087553985080487,0.19379209227058222,1,2520.3198980483,1.0,,,,,0.16464414562151525,
Kansas,2022-11-28,2022-12-03,2913.0,3604.0,1.25437693099897,0.40067180171418654,1,3444.928441249419,1.0,,,,,0.19173140954495005,
Kansas,2022-12-05,2022-12-10,3314.0,4273.0,1.3062764031382015,0.37220859690361796,1,3808.2929465343996,1.0,,,,,0.2244324830329979,
Kansas,2022-12-12,2022-12-17,4555.0,4168.0,1.6489571899012074,0.12761173333265394,1,4539.888133912304,1.0,,,,,0.0849615806805708,
Kansas,2022-12-19,2022-12-24,4329.0,4207.0,1.3421113421113422,0.04581815295386144,1,4336.590435264916,1.0,,,,,0.028182028182028182,
Kansas,2022-12-26,2022-12-31,4301.0,2721.0,1.5231341548477098,0.06703116053119061,1,4310.3786008632005,1.0,,,,,0.3673564287375029,
Kansas,2023-01-02,2023-01-07,3463.0,2838.0,1.3626913081143517,0.19655925487462683,1,3425.8874678674056,1.0,,,,,0.18047935316199826,
Kansas,2023-01-09,2023-01-14,2764.0,2346.0,1.5101302460202606,0.25755123135752545,1,2642.991298491439,1.0,,,,,0.1512301013024602,
Kansas,2023-01-16,2023-01-21,2381.0,1944.0,1.6304073918521629,0.2072765444965481,1,2348.3873899465207,1.0,,,,,0.18353632927341454,
Kansas,2023-01-23,2023-01-28,1995.0,2146.0,1.3598997493734335,0.12446393508188598,1,1945.3402895896004,1.0,,,,,0.07036346691519105,
Kentucky,2021-07-26,2021-07-31,8499.0,8786.0,0.9362277915048829,0.14830557293553906,1,8065.686279704754,1.0,,,,,0.032665604370589574,
Kentucky,2021-08-02,2021-08-07,14393.0,13364.0,0.49996526089071075,0.1421516901540811,2,10457.94094488189,0.18217854727941002,15288.5,0.81782145272059,,,0.07149308691725144,2.0
Kentucky,2021-08-09,2021-08-14,21614.0,17097.0,1.1758119737207366,0.23825098872217768,2,16799.96850393701,0.4255838219413723,26428.0,0.5744161780586277,,,0.2089849171833071,1.0
Kentucky,2021-08-16,2021-08-21,20813.0,23196.0,0.7909960121078172,0.1731003937125506,2,19688.251968503937,0.4587626960684562,26178.88188976378,0.5412373039315438,,,0.10273322986721849,2.0
Kentucky,2021-08-23,2021-08-28,25022.0,28850.0,0.3868195987530973,0.13478507812876558,2,24892.913356723155,0.6267980369499017,31613.86355236001,0.37320196305009834,,,0.13268630849220103,2.0
Kentucky,2021-08-30,2021-09-04,31510.0,30544.0,0.3655030149158997,0.10472020158374817,2,30845.01231543795,0.5698357821098411,37145.02245756332,0.43016421789015896,,,0.030656934306569343,1.0
Kentucky,2021-09-06,2021-09-11,29865.0,27566.0,0.32355600200904067,0.14273511262197072,1,31419.274215483303,1.0,,,,,0.07697974217311233,
Kentucky,2021-09-13,2021-09-18,25687.0,28715.0,0.3805037567641219,0.13589251712310507,1,25758.975462334427,1.0,,,,,0.10545011318126415,
Kentucky,2021-09-20,2021-09-25,27147.0,23682.0,0.395439643422846,0.07900214537345011,1,27178.38310748306,1.0,,,,,0.1276384130843187,
Kentucky,2021-09-27,2021-10-02,23520.0,20796.0,0.7912414965986394,0.14157025350806607,1,22016.45516554961,1.0,,,,,0.11581632653061225,
Kentucky,2021-10-04,2021-10-09,18230.0,14787.0,0.5639056500274273,0.09757621947879881,1,18847.531443815027,1.0,,,,,0.18886450905101482,
Kentucky,2021-10-11,2021-10-16,12768.0,12873.0,0.7901785714285714,0.13522476322129606,1,12487.347524106019,1.0,,,,,0.008156606851549755,
Kentucky,2021-10-18,2021-10-23,11084.0,9772.0,0.8099963911945146,0.11913620471719821,1,11263.593218470962,1.0,,,,,0.11836881992060629,
Kentucky,2021-10-25,2021-10-30,8559.0,8692.0,0.9367916812711765,0.13188963690481478,1,8818.576882399466,1.0,,,,,0.015301426599171651,
Kentucky,2021-11-01,2021-11-06,8308.0,8047.0,0.9951853635050554,0.16762294506879002,1,8096.412652443077,1.0,,,,,0.031415503129513724,
Kentucky,2021-11-08,2021-11-13,7224.0,9346.0,0.8972868217054264,0.10578216267969807,1,7188.421146920148,1.0,,,,,0.22704900492189173,
Kentucky,2021-11-15,2021-11-20,8255.0,10285.0,0.9076923076923077,0.06295714135530264,1,8320.826590887662,1.0,,,,,0.1973748176956733,
Kentucky,2021-11-22,2021-11-27,10257.0,9661.0,0.8058886614019694,0.05232115970459758,1,9888.050303622174,1.0,,,,,0.05810665886711514,
Kentucky,2021-11-29,2021-12-04,8698.0,15724.0,0.9745918601977466,0.17759475903845212,1,9126.411798750136,1.0,,,,,0.44683286695497326,
Kentucky,2021-12-06,2021-12-11,13836.0,16057.0,0.9330008673026886,0.20149807060294744,1,14875.61302268359,1.0,,,,,0.1383197359407112,
Kentucky,2021-12-13,2021-12-18,16347.0,15046.0,0.9052425521502416,0.09618446529470777,1,17018.566728478847,1.0,,,,,0.0795864684651618,
Kentucky,2021-12-20,2021-12-25,15466.0,8181.0,1.0548946075261865,0.10274375782378331,1,15972.955540695084,1.0,,,,,0.4710332341911289,
Kentucky,2021-12-27,2022-01-01,14316.0,19704.0,1.0284995808885165,0.1996272915260981,1,13385.267132916042,1.0,,,,,0.27344701583434833,
Kentucky,2022-01-03,2022-01-08,26944.0,59736.0,0.9738346199524941,0.10356138117852647,1,26790.636419491257,1.0,,,,,0.54894870764698,
Kentucky,2022-01-10,2022-01-15,79126.0,59465.0,1.1011045673988322,0.003297635525203013,1,79124.39371109055,1.0,,,,,0.24847711245355508,
Kentucky,2022-01-17,2022-01-22,74025.0,80938.0,1.0627490712597096,0.03178350163488571,1,73896.56869286629,1.0,,,,,0.08541105537571969,
Kentucky,2022-01-24,2022-01-29,81462.0,84603.0,0.8238565220593651,0.07559041403772658,1,77347.50258380087,1.0,,,,,0.03712634303748094,
Kentucky,2022-01-31,2022-02-05,80247.0,52896.0,0.698306478746869,0.004520672483205158,1,80244.61271752437,1.0,,,,,0.34083517140827696,
Kentucky,2022-02-07,2022-02-12,52311.0,38514.0,0.690638680201105,0.17053381070510196,1,49314.06043708898,1.0,,,,,0.2637494981934966,
Kentucky,2022-02-14,2022-02-19,25157.0,26150.0,0.84076002703025,0.1850320242776928,1,24855.607273436697,1.0,,,,,0.03797323135755258,
Kentucky,2022-02-21,2022-02-26,18236.0,16234.0,1.2711669225707392,0.4858962258164272,1,17787.823319122803,1.0,,,,,0.10978284711559552,
Kentucky,2022-02-28,2022-03-05,9417.0,12016.0,1.6675161941170225,0.5209630716086142,1,9806.087231163405,1.0,,,,,0.21629494007989347,
Kentucky,2022-03-07,2022-03-12,8467.0,2009.0,1.4593126254871855,0.3588622933355175,1,7457.743642704691,1.0,,,,,0.762725876933979,
Kentucky,2022-03-14,2022-03-19,2015.0,9532.0,2.7806451612903227,0.6656139888490807,1,1794.0960997787104,1.0,,,,,0.7886067981535879,
Kentucky,2022-03-21,2022-03-26,2765.0,8639.0,4.913562386980108,1.7027018219981875,3,2438.118098022836,0.6066819088967332,7982.0368093567295,0.1232435351938226,12022.519937956007,0.27007455590944424,0.6799398078481306,2.0
Kentucky,2022-03-28,2022-04-02,7039.0,8796.0,2.1098167353317234,0.7381663711416624,3,37.0,0.16388940762273768,7139.16488369863,0.6325618115167807,16740.239633883815,0.20354878086048162,0.19974988631195997,2.0
Kentucky,2022-04-04,2022-04-09,3491.0,3277.0,2.4947006588370093,0.7354012736060302,3,80.53543307086615,0.2267127821926562,3340.7716535433074,0.546078559347255,7399.433070866143,0.22720865846008872,0.06130048696648525,2.0
Kentucky,2022-04-11,2022-04-16,3080.0,3174.0,1.2837662337662337,0.4915032713899078,1,3283.8383287706315,1.0,,,,,0.029615626969124134,
Kentucky,2022-04-18,2022-04-23,2896.0,2940.0,1.6757596685082874,0.6324192890483494,1,3443.522929378936,1.0,,,,,0.014965986394557823,
Kentucky,2022-04-25,2022-04-30,3324.0,3047.0,1.7743682310469313,0.3495214168240483,1,2938.007518790921,1.0,,,,,0.08333333333333333,
Kentucky,2022-05-02,2022-05-07,3121.0,4054.0,1.4668375520666452,0.31609882645215165,1,3110.4099748867347,1.0,,,,,0.23014306857424766,
Kentucky,2022-05-09,2022-05-14,4182.0,5408.0,1.3206599713055953,0.08651460436847944,1,4194.241781488036,1.0,,,,,0.22670118343195267,
Kentucky,2022-05-16,2022-05-21,5583.0,8525.0,1.1783987103707685,0.18201310478906071,1,5708.053983000428,1.0,,,,,0.3451026392961877,
Kentucky,2022-05-23,2022-05-28,9373.0,6016.0,1.2635228848821083,0.2266308456722606,1,8524.474816029047,1.0,,,,,0.358156406700096,
Kentucky,2022-05-30,2022-06-04,7908.0,9630.0,1.1084977238239757,0.12075210003324686,1,7316.081893840373,1.0,,,,,0.17881619937694704,
Kentucky,2022-06-06,2022-06-11,8998.0,13675.0,1.395643476328073,0.17528074024332718,1,9340.897267767605,1.0,,,,,0.3420109689213894,
Kentucky,2022-06-13,2022-06-18,13717.0,8919.0,1.2313917037253044,0.22153849898762115,1,13112.542129506517,1.0,,,,,0.3497849383976088,
Kentucky,2022-06-20,2022-06-25,11646.0,12938.0,0.9394641937145801,0.1568471005673309,1,10700.17156753617,1.0,,,,,0.09986087494203122,
Kentucky,2022-06-27,2022-07-02,12202.0,7786.0,1.0817898705130307,0.11580865391283189,1,12587.057847278502,1.0,,,,,0.36190788395345025,
Kentucky,2022-07-04,2022-07-09,10091.0,9704.0,1.2525022297096422,0.12371939016662299,1,9287.100700587273,1.0,,,,,0.03835100584679417,
Kentucky,2022-07-11,2022-07-16,9633.0,11950.0,1.4139935637911347,0.0668998741658314,1,9603.10229231439,1.0,,,,,0.19389121338912133,
Kentucky,2022-07-18,2022-07-23,11299.0,17727.0,1.139392866625365,0.10428534207524705,1,11833.167301084588,1.0,,,,,0.36261070683138713,
Kentucky,2022-07-25,2022-07-30,16063.0,20674.0,1.0130112681317314,0.19840458608892259,1,16256.165218122269,1.0,,,,,0.22303376221340815,
Kentucky,2022-08-01,2022-08-06,19739.0,18178.0,1.0199098231926642,0.20970378511700516,1,18317.652090372052,1.0,,,,,0.07908202036577335,
Kentucky,2022-08-08,2022-08-13,18189.0,17669.0,0.8838858650832921,0.10680803734254424,1,17923.788548462166,1.0,,,,,0.028588707460553083,
Kentucky,2022-08-15,2022-08-20,17757.0,15020.0,1.1393816523061329,0.2046339323815835,1,16815.72192109844,1.0,,,,,0.1541363969138931,
Kentucky,2022-08-22,2022-08-27,15502.0,14742.0,0.991420461875887,0.10412958503598334,1,15683.335929353592,1.0,,,,,0.04902593213778867,
Kentucky,2022-08-29,2022-09-03,14498.0,13876.0,1.0175196578838461,0.08618538502020796,1,14096.852765606849,1.0,,,,,0.04290246930611119,
Kentucky,2022-09-05,2022-09-10,13667.0,10326.0,1.0797541523377479,0.07795981401056257,1,13433.517969635943,1.0,,,,,0.244457452257262,
Kentucky,2022-09-12,2022-09-17,10379.0,9163.0,1.2818190577126891,0.1755957475864251,1,10388.883530085024,1.0,,,,,0.1171596492918393,
Kentucky,2022-09-19,2022-09-24,8476.0,7950.0,1.2326569136385088,0.17421643853867946,1,8207.026453849514,1.0,,,,,0.06205757432751298,
Kentucky,2022-09-26,2022-10-01,7216.0,9980.0,1.3033536585365855,0.1484259233924929,1,7091.43905070245,1.0,,,,,0.2769539078156313,
Kentucky,2022-10-03,2022-10-08,7833.0,9337.0,1.2382229031022596,0.2543052936294315,1,7456.518688598907,1.0,,,,,0.16107957588090394,
Kentucky,2022-10-10,2022-10-15,8928.0,8585.0,1.2659050179211468,0.18100301268268282,1,8116.7053893131415,1.0,,,,,0.038418458781362005,
Kentucky,2022-10-17,2022-10-22,7669.0,2693.0,1.1852914330421176,0.14579539669905903,1,7526.82402552043,1.0,,,,,0.6488460033902725,
Kentucky,2022-10-24,2022-10-29,5405.0,7117.0,1.8103607770582795,0.4811051726579239,1,5254.776135460448,1.0,,,,,0.24055079387382325,
Kentucky,2022-10-31,2022-11-05,5710.0,5842.0,0.9842381786339754,0.2742392429185639,1,6036.662847796484,1.0,,,,,0.022595001711742554,
Kentucky,2022-11-07,2022-11-12,5903.0,4834.0,1.206335761477215,0.24278598240025795,1,5988.399491673193,1.0,,,,,0.18109435880060987,
Kentucky,2022-11-14,2022-11-19,5024.0,5213.0,1.8431528662420382,0.23835772710518952,1,5023.145617945194,1.0,,,,,0.036255515058507576,
Kentucky,2022-11-21,2022-11-26,4535.0,5502.0,1.343329658213892,0.26751661825379125,1,4731.639290476748,1.0,,,,,0.17575427117411851,
Kentucky,2022-11-28,2022-12-03,5477.0,4139.0,1.3784918751141135,0.4843001894512165,1,6561.56658965766,1.0,,,,,0.24429432170896476,
Kentucky,2022-12-05,2022-12-10,4131.0,5478.0,1.5676591624304042,0.4012328179727737,1,4255.271176374841,1.0,,,,,0.24589266155531217,
Kentucky,2022-12-12,2022-12-17,6000.0,5510.0,1.9736666666666667,0.5592988431227333,1,7589.9859254542225,1.0,,,,,0.08166666666666667,
Kentucky,2022-12-19,2022-12-24,5602.0,8912.0,1.1724384148518385,0.19538946646079414,1,5266.779147801285,1.0,,,,,0.3714093357271095,
Kentucky,2022-12-26,2022-12-31,7591.0,7398.0,1.4727967329732579,0.18919877792212153,1,7426.55525710726,1.0,,,,,0.025424845211434594,
Kentucky,2023-01-02,2023-01-07,8045.0,3532.0,1.2793039154754506,0.1869143874334118,1,8302.933378184129,1.0,,,,,0.560969546302051,
Kentucky,2023-01-09,2023-01-14,4063.0,9250.0,2.115185823283288,0.49914617410353346,1,4261.97264627766,1.0,,,,,0.5607567567567567,
Kentucky,2023-01-16,2023-01-21,6839.0,5238.0,1.5123556075449627,0.5033077555518916,1,7797.2332207460095,1.0,,,,,0.23409855241994443,
Kentucky,2023-01-23,2023-01-28,5565.0,5078.0,1.6097035040431267,0.30070085819184544,1,5921.53456159571,1.0,,,,,0.08751123090745733,
Louisiana,2021-07-26,2021-07-31,38366.0,28836.0,0.7819162800396184,0.20811589413483667,1,36253.39302091556,1.0,,,,,0.24839701819319188,
Louisiana,2021-08-02,2021-08-07,62296.0,32224.0,1.65718505200976,0.18260926503223227,1,57630.89731798072,1.0,,,,,0.48272762296134586,
Louisiana,2021-08-09,2021-08-14,43071.0,40873.0,1.042302245130134,0.15176990272136925,3,32527.59574035569,0.2619533250021153,37523.55430154818,0.1296669881961737,44517.89628721768,0.608379686801711,0.05103201690232407,2.0
Louisiana,2021-08-16,2021-08-21,43001.0,35139.0,0.6926350549987209,0.10772043210615923,3,39781.61403414079,0.17441244615827967,42255.883341801265,0.5117165303409876,51772.30375588004,0.3138710235007327,0.18283295737308436,1.0
Louisiana,2021-08-23,2021-08-28,33835.0,29881.0,0.6064430323629378,0.15036194937532618,3,29902.195061999755,0.21988240030990042,33620.65084033168,0.4388774772493617,42757.42789566154,0.3412401224407378,0.11686123836264223,1.0
Louisiana,2021-08-30,2021-09-04,26670.0,17104.0,0.4651668541432321,0.0808175286138406,1,27645.442537563,1.0,,,,,0.3586801649793776,
Louisiana,2021-09-06,2021-09-11,13395.0,15674.0,0.6309070548712206,0.2250702773081178,1,14183.125492448835,1.0,,,,,0.1454000255199694,
Louisiana,2021-09-13,2021-09-18,13101.0,13063.0,0.5420196931531944,0.18243193629737944,1,13248.480556759478,1.0,,,,,0.002900541943363102,
Louisiana,2021-09-20,2021-09-25,11395.0,8887.0,0.4188679245283019,0.09367476187691735,1,11599.739552174113,1.0,,,,,0.2200965335673541,
Louisiana,2021-09-27,2021-10-02,7739.0,7382.0,1.5215144075461946,0.17850443963982984,1,8128.889019232283,1.0,,,,,0.046129990954903735,
Louisiana,2021-10-04,2021-10-09,5757.0,5423.0,0.6635400382143477,0.1696602413103477,1,5812.845167232446,1.0,,,,,0.058016327948584336,
Louisiana,2021-10-11,2021-10-16,4317.0,4545.0,0.7963863794301599,0.15498396923868918,1,4313.92248582182,1.0,,,,,0.050165016501650166,
Louisiana,2021-10-18,2021-10-23,4051.0,3757.0,0.7388299185386324,0.1758155481329751,1,3784.56441996196,1.0,,,,,0.0725746729202666,
Louisiana,2021-10-25,2021-10-30,3134.0,2840.0,1.0529674537332483,0.1406578097723855,1,3091.247800156195,1.0,,,,,0.09380982769623485,
Louisiana,2021-11-01,2021-11-06,2758.0,3378.0,1.1254532269760695,0.1647840546904102,1,2788.2077285241417,1.0,,,,,0.18354055654233273,
Louisiana,2021-11-08,2021-11-13,3082.0,2505.0,0.764114211550941,0.19194373572516013,1,2953.892961925579,1.0,,,,,0.1872160934458144,
Louisiana,2021-11-15,2021-11-20,2601.0,2976.0,1.2129950019223377,0.09228471642247678,1,2535.982904352565,1.0,,,,,0.12600806451612903,
Louisiana,2021-11-22,2021-11-27,2903.0,1721.0,0.9514295556321047,0.0975290236133732,1,2976.9303406223466,1.0,,,,,0.4071650017223562,
Louisiana,2021-11-29,2021-12-04,2064.0,3738.0,1.9597868217054264,0.2507111170140493,1,2329.7553783288167,1.0,,,,,0.4478330658105939,
Louisiana,2021-12-06,2021-12-11,3166.0,3146.0,1.0641187618445989,0.21174119605419436,1,3266.6611401796954,1.0,,,,,0.006317119393556538,
Louisiana,2021-12-13,2021-12-18,3299.0,4733.0,1.313125189451349,0.05572983354653639,1,3333.9323891323693,1.0,,,,,0.3029790830340165,
Louisiana,2021-12-20,2021-12-25,5069.0,9705.0,1.3487867429473268,0.3330037036032224,1,5501.119814847796,1.0,,,,,0.47769191138588357,
Louisiana,2021-12-27,2022-01-01,14020.0,38322.0,0.9179029957203995,0.2609029872118449,1,16424.42266482835,1.0,,,,,0.6341527060174312,
Louisiana,2022-01-03,2022-01-08,77018.0,79733.0,0.9415850840063362,0.053732722970031066,1,76616.69973654693,1.0,,,,,0.034051145698769644,
Louisiana,2022-01-10,2022-01-15,125871.0,88195.0,1.060673228940741,0.007328884217863488,1,125884.19835284245,1.0,,,,,0.29932232205988674,
Louisiana,2022-01-17,2022-01-22,72506.0,63399.0,1.0554023115328386,0.041418120970613266,1,72648.84974148413,1.0,,,,,0.12560339833944778,
Louisiana,2022-01-24,2022-01-29,67369.0,100108.0,0.9519660377918627,0.03609419714808149,1,67226.85799082118,1.0,,,,,0.3270368002557238,
Louisiana,2022-01-31,2022-02-05,46842.0,32245.0,0.4947056060800137,0.01295311415014671,1,46826.22955217309,1.0,,,,,0.3116220485888732,
Louisiana,2022-02-07,2022-02-12,27244.0,18023.0,0.4663779180737043,0.19666843951745322,1,26202.530498504977,1.0,,,,,0.33845984436940246,
Louisiana,2022-02-14,2022-02-19,10712.0,9066.0,1.2472927557879014,0.42961159693567896,1,11280.435701705823,1.0,,,,,0.15365944734876774,
Louisiana,2022-02-21,2022-02-26,5816.0,6173.0,1.6368638239339752,0.3752866797718436,1,4956.816489774333,1.0,,,,,0.05783249635509477,
Louisiana,2022-02-28,2022-03-05,3884.0,2408.0,1.643923789907312,0.35771769127916,1,3661.474051864823,1.0,,,,,0.3800205973223481,
Louisiana,2022-03-07,2022-03-12,1441.0,1608.0,1.9070090215128384,0.4541678581700578,1,1340.251939477783,1.0,,,,,0.10385572139303482,
Louisiana,2022-03-14,2022-03-19,798.0,1345.0,3.9849624060150375,0.8246429597771533,1,877.8867946678082,1.0,,,,,0.4066914498141264,
Louisiana,2022-03-21,2022-03-26,1001.0,848.0,2.6103896103896105,0.5918494481586212,1,856.0329972502229,1.0,,,,,0.15284715284715283,
Louisiana,2022-03-28,2022-04-02,935.0,667.0,3.2,0.8189464183713703,1,846.1643626348757,1.0,,,,,0.28663101604278074,
Louisiana,2022-04-04,2022-04-09,603.0,966.0,1.6882255389718077,0.6306646354749544,1,504.98063159277353,1.0,,,,,0.37577639751552794,
Louisiana,2022-04-11,2022-04-16,796.0,1171.0,1.7160804020100502,2.3744847322411213,1,2147.887787129529,1.0,,,,,0.32023911187019644,
Louisiana,2022-04-18,2022-04-23,1043.0,1461.0,1.7612655800575263,0.7956347046028638,1,1067.0609059452868,1.0,,,,,0.2861054072553046,
Louisiana,2022-04-25,2022-04-30,1417.0,1900.0,1.4382498235709245,0.6249502581805607,1,1517.0878903777402,1.0,,,,,0.2542105263157895,
Louisiana,2022-05-02,2022-05-07,1628.0,2527.0,1.3581081081081081,0.44662409540955583,1,1601.0961271953986,1.0,,,,,0.3557578155916106,
Louisiana,2022-05-09,2022-05-14,2268.0,3885.0,1.3051146384479717,0.1457609997267159,1,2205.1003428366867,1.0,,,,,0.41621621621621624,
Louisiana,2022-05-16,2022-05-21,3606.0,6006.0,1.1600110926234055,0.32151022051701006,1,3968.272076903954,1.0,,,,,0.3996003996003996,
Louisiana,2022-05-23,2022-05-28,5763.0,6719.0,1.3079993059170572,0.2346592430788388,1,5822.386555647803,1.0,,,,,0.14228307783896413,
Louisiana,2022-05-30,2022-06-04,6642.0,8077.0,1.0531466425775369,0.09239590850272254,1,6527.057116591287,1.0,,,,,0.17766497461928935,
Louisiana,2022-06-06,2022-06-11,7060.0,9573.0,1.2988668555240792,0.12445216926026607,1,7304.607820046101,1.0,,,,,0.26250914029040007,
Louisiana,2022-06-13,2022-06-18,8443.0,8170.0,1.074025820206088,0.04003941833627825,1,8419.84553296,1.0,,,,,0.032334478266019186,
Louisiana,2022-06-20,2022-06-25,7554.0,13893.0,1.0962404024357957,0.07846596447656869,1,7439.6714513543975,1.0,,,,,0.4562729432088102,
Louisiana,2022-06-27,2022-07-02,10951.0,13968.0,1.0577116245091773,0.10865144664087711,1,10960.384908083255,1.0,,,,,0.21599369988545247,
Louisiana,2022-07-04,2022-07-09,14306.0,15535.0,1.072766671326716,0.1277113077954265,1,13909.651826884829,1.0,,,,,0.07911168329578372,
Louisiana,2022-07-11,2022-07-16,15646.0,18949.0,1.1957688866163876,0.09220991442411049,1,15570.436014411789,1.0,,,,,0.17430998997308564,
Louisiana,2022-07-18,2022-07-23,18977.0,18230.0,0.9553143278705801,0.11352278218825151,1,19180.61619838795,1.0,,,,,0.03936343995362808,
Louisiana,2022-07-25,2022-07-30,18156.0,14123.0,0.849801718440185,0.12516479217676815,1,17498.014609473583,1.0,,,,,0.2221304252037894,
Louisiana,2022-08-01,2022-08-06,14081.0,11798.0,1.164690007811945,0.11941480197112077,1,13390.733120839994,1.0,,,,,0.16213337120943114,
Louisiana,2022-08-08,2022-08-13,11777.0,10801.0,0.9378449520251337,0.08193998154020794,1,11303.979172140595,1.0,,,,,0.08287339729982168,
Louisiana,2022-08-15,2022-08-20,10416.0,10552.0,1.2022849462365592,0.2047739037953823,1,9534.38389023924,1.0,,,,,0.01288855193328279,
Louisiana,2022-08-22,2022-08-27,10404.0,11634.0,0.989042675893887,0.0876076259874383,1,10203.226025911013,1.0,,,,,0.10572460030943785,
Louisiana,2022-08-29,2022-09-03,11225.0,11074.0,0.920445434298441,0.07657890585343659,1,10728.760616629706,1.0,,,,,0.013452115812917595,
Louisiana,2022-09-05,2022-09-10,10202.0,9360.0,0.9953930601842776,0.12047008617786031,1,10525.525779069894,1.0,,,,,0.08253283669868654,
Louisiana,2022-09-12,2022-09-17,8517.0,5618.0,1.0759657156275684,0.12861489408583002,1,8127.097674133671,1.0,,,,,0.3403780673946225,
Louisiana,2022-09-19,2022-09-24,5589.0,3992.0,1.2435140454464126,0.15833676995097998,1,5318.986314160095,1.0,,,,,0.28573984612631953,
Louisiana,2022-09-26,2022-10-01,3842.0,2795.0,1.2087454450806872,0.1796520593265131,1,3672.3993228925015,1.0,,,,,0.27251431546069754,
Louisiana,2022-10-03,2022-10-08,2470.0,2059.0,1.3817813765182185,0.22525543379444868,1,2539.802069540773,1.0,,,,,0.16639676113360324,
Louisiana,2022-10-10,2022-10-15,1866.0,1959.0,1.4362272240085745,0.5253933105709617,1,1902.6209979072394,1.0,,,,,0.04747320061255743,
Louisiana,2022-10-17,2022-10-22,1753.0,558.0,1.4044495151169425,0.19411929274265388,1,1657.5481048743889,1.0,,,,,0.6816885339418141,
Louisiana,2022-10-24,2022-10-29,829.0,1567.0,2.658624849215923,0.6020003683691956,1,1059.7780468866983,1.0,,,,,0.4709636247606892,
Louisiana,2022-10-31,2022-11-05,1502.0,1946.0,1.3541944074567243,0.2959880516122286,1,1376.402978528692,1.0,,,,,0.22816032887975335,
Louisiana,2022-11-07,2022-11-12,2547.0,2321.0,1.2359638790734198,0.281834912873578,1,2215.171737186262,1.0,,,,,0.08873184138201806,
Louisiana,2022-11-14,2022-11-19,2372.0,1873.0,1.4363406408094435,0.22528078758294232,1,2415.6118912851957,1.0,,,,,0.21037099494097808,
Louisiana,2022-11-21,2022-11-26,1928.0,2868.0,1.6141078838174274,0.2633400512683926,1,2059.743179682231,1.0,,,,,0.3277545327754533,
Louisiana,2022-11-28,2022-12-03,2807.0,2651.0,1.4802280014250089,0.22540346243032103,1,3048.6848156330316,1.0,,,,,0.055575347345920914,
Louisiana,2022-12-05,2022-12-10,2965.0,4453.0,1.3871838111298482,0.1343079148652446,1,2965.582893506075,1.0,,,,,0.3341567482596003,
Louisiana,2022-12-12,2022-12-17,5112.0,4724.0,1.670774647887324,0.14686793486748004,1,5174.479331333063,1.0,,,,,0.07589984350547731,
Louisiana,2022-12-19,2022-12-24,5085.0,25438.0,1.3010816125860374,0.059164560226940555,1,5008.6081031964195,1.0,,,,,0.8001022092931834,
Louisiana,2022-12-26,2022-12-31,22495.0,6406.0,0.8985107801733718,0.6987193043972025,3,5026.82048,0.2505391385677581,18990.695312125987,0.4502709155491899,33775.97454614173,0.2991899458830519,0.7152256056901534,1.0
Louisiana,2023-01-02,2023-01-07,7627.0,7090.0,1.6869017962501638,0.7585792273177545,3,497.3555900824723,0.1095007081896843,7681.467562490947,0.6321709817368911,18745.0,0.2583283100734246,0.07040776189851843,2.0
Louisiana,2023-01-09,2023-01-14,7056.0,6849.0,1.848781179138322,0.33580465490608136,3,4633.63779527559,0.22347218869753033,6950.456692913385,0.43376220509695296,8449.574803149606,0.34276560620551677,0.029336734693877552,2.0
Louisiana,2023-01-16,2023-01-21,6776.0,5205.0,1.7170897284533648,0.25805510213762634,1,6129.629758311061,1.0,,,,,0.23184769775678868,
Louisiana,2023-01-23,2023-01-28,5327.0,5019.0,1.6724235029097052,0.21755026790437157,1,5345.773666421693,1.0,,,,,0.05781865965834428,
Maine,2021-07-26,2021-07-31,604.0,558.0,1.096026490066225,0.14186419166438052,1,582.6648448092769,1.0,,,,,0.076158940397351,
Maine,2021-08-02,2021-08-07,876.0,843.0,0.8242009132420092,0.15215214515535266,1,860.096826903497,1.0,,,,,0.03767123287671233,
Maine,2021-08-09,2021-08-14,1384.0,1216.0,0.8439306358381503,0.17103151376321388,1,1281.8265969794859,1.0,,,,,0.12138728323699421,
Maine,2021-08-16,2021-08-21,1817.0,1138.0,0.9449642267473858,0.18785279022508589,2,1553.2749120351968,0.4587626960684562,2165.1085378393786,0.5412373039315438,,,0.37369290038525044,1.0
Maine,2021-08-23,2021-08-28,1410.0,1721.0,0.7687943262411348,0.19996241356933672,2,1238.5866643671395,0.6669422362879089,1815.2186595381324,0.33305776371209117,,,0.18070889018012784,2.0
Maine,2021-08-30,2021-09-04,1951.0,2688.0,0.4920553562275756,0.12070695130086098,2,1605.8054208938236,0.4903522435767323,2026.6085005213456,0.5096477564232678,,,0.2741815476190476,2.0
Maine,2021-09-06,2021-09-11,3234.0,2444.0,0.7779839208410637,0.12017283146909928,1,3197.885843121623,1.0,,,,,0.24427952999381572,
Maine,2021-09-13,2021-09-18,2414.0,3396.0,0.624275062137531,0.2182041018211321,1,2684.8294452806504,1.0,,,,,0.28916372202591284,
Maine,2021-09-20,2021-09-25,3622.0,3283.0,0.44119271120927667,0.06807209161949083,1,3627.5014081653194,1.0,,,,,0.0935946990612921,
Maine,2021-09-27,2021-10-02,3401.0,4276.0,1.089385474860335,0.09139847014198454,1,3486.4354127532665,1.0,,,,,0.20463049579045836,
Maine,2021-10-04,2021-10-09,4467.0,3480.0,0.6834564584732483,0.1466689482733729,1,4775.74620903892,1.0,,,,,0.22095366017461385,
Maine,2021-10-11,2021-10-16,3416.0,2777.0,0.5035128805620609,0.1677671123797046,1,3632.5989744203343,1.0,,,,,0.1870608899297424,
Maine,2021-10-18,2021-10-23,2518.0,3242.0,0.7601270849880858,0.2237433308061316,1,2559.947028848238,1.0,,,,,0.22331893892658852,
Maine,2021-10-25,2021-10-30,3195.0,3292.0,0.7724569640062597,0.08841615937910476,1,3097.4540555571784,1.0,,,,,0.029465370595382748,
Maine,2021-11-01,2021-11-06,3299.0,3513.0,0.9642315853288875,0.1945758294639609,1,3548.4779815733464,1.0,,,,,0.06091659550241958,
Maine,2021-11-08,2021-11-13,3439.0,3373.0,0.6798487932538528,0.06603551786235949,1,3418.2561540984234,1.0,,,,,0.01919162547252108,
Maine,2021-11-15,2021-11-20,3398.0,4718.0,0.6100647439670395,0.09942752250932112,1,3382.7735115900955,1.0,,,,,0.2797795676133955,
Maine,2021-11-22,2021-11-27,4188.0,2626.0,0.8624641833810889,0.11684266679279699,1,4493.992347394798,1.0,,,,,0.3729703915950334,
Maine,2021-11-29,2021-12-04,3598.0,4629.0,0.9605336297943302,0.32590761534743495,1,4111.46223475176,1.0,,,,,0.22272629077554548,
Maine,2021-12-06,2021-12-11,3497.0,6879.0,0.8704603946239634,0.10088155506699235,1,3504.58179484436,1.0,,,,,0.4916412269225178,
Maine,2021-12-13,2021-12-18,5963.0,6403.0,0.8940130806640952,0.1404040989185755,3,5889.414464647033,0.5617946067617953,6427.502427845554,0.22477681430564475,7422.965159762816,0.2134285789325599,0.06871778853662346,2.0
Maine,2021-12-20,2021-12-25,7064.0,5380.0,1.0635617214043036,0.15789401835750616,3,6855.545081209339,0.5468031931880308,8028.937067229898,0.1996440227101604,8993.72603351347,0.25355278410180876,0.23839184597961494,1.0
Maine,2021-12-27,2022-01-01,6631.0,4956.0,1.0140250339315338,0.08766097814932945,3,5166.510973018426,0.1300494589004078,6607.334348691358,0.6375841577902636,7167.654550341943,0.23236638330932868,0.2526014175840748,1.0
Maine,2022-01-03,2022-01-08,4304.0,6640.0,0.9265799256505576,0.12905464707765604,1,4442.168193797603,1.0,,,,,0.35180722891566263,
Maine,2022-01-10,2022-01-15,5380.0,7481.0,1.1494423791821562,0.0022170677577845713,1,5379.645533465903,1.0,,,,,0.2808448068440048,
Maine,2022-01-17,2022-01-22,8174.0,6041.0,1.1052116466846098,0.007041653181692291,1,8172.915347488472,1.0,,,,,0.26094935160264254,
Maine,2022-01-24,2022-01-29,6042.0,7327.0,0.9503475670307845,0.08360126125346236,1,5755.772092152489,1.0,,,,,0.17537873618124744,
Maine,2022-01-31,2022-02-05,6783.0,6785.0,0.8412206988058382,0.00197024406568592,1,6782.935475949113,1.0,,,,,0.0002947678703021371,
Maine,2022-02-07,2022-02-12,6956.0,6687.0,0.8090856814261069,0.09888004609070099,1,6845.227229536327,1.0,,,,,0.03867165037377803,
Maine,2022-02-14,2022-02-19,5593.0,26073.0,1.0107276953334525,0.11790257296306811,3,4500.952755905511,0.13289180289649166,5085.165354330708,0.3770149681008275,6192.094488188976,0.4900932290026809,0.7854869021593219,3.0
Maine,2022-02-21,2022-02-26,13486.0,12350.0,1.6568293044638884,0.6215334728249055,3,16801.655818234445,0.3651195891349322,25818.229659189583,0.21127688648707868,29866.4873020674,0.4236035243779891,0.08423550348509566,1.0
Maine,2022-02-28,2022-03-05,8392.0,4600.0,1.7852716873212584,0.5482272358455947,3,2882.51175,0.2408442356586888,8011.84264588541,0.41904401421965565,12325.143626516323,0.3401117501216556,0.451858913250715,1.0
Maine,2022-03-07,2022-03-12,3304.0,1573.0,1.8356537530266344,0.7822702025726711,3,3054.2337552231465,0.579343566799783,4062.697548136888,0.22695935837545478,9294.103473876925,0.1936970748247621,0.523910411622276,1.0
Maine,2022-03-14,2022-03-19,1112.0,1403.0,3.035971223021583,1.1854636923282136,3,253.39199339880727,0.2966741149322195,666.9448068417657,0.28508526798012845,1866.2479658263453,0.41824061708765203,0.2074126870990734,3.0
Maine,2022-03-21,2022-03-26,862.0,1143.0,2.2610208816705337,0.5436541373668177,1,902.2875135156607,1.0,,,,,0.2458442694663167,
Maine,2022-03-28,2022-04-02,685.0,1419.0,1.4043795620437955,0.3618083138099681,1,777.1523443428407,1.0,,,,,0.5172656800563777,
Maine,2022-04-04,2022-04-09,1127.0,1459.0,1.4090505767524402,0.4909126612011274,1,993.1396795615617,1.0,,,,,0.227553118574366,
Maine,2022-04-11,2022-04-16,1411.0,2369.0,0.9241672572643516,0.21575861718348244,1,1347.8310536443512,1.0,,,,,0.4043900379907134,
Maine,2022-04-18,2022-04-23,1790.0,1947.0,1.4318435754189944,0.481822790550171,1,1652.9240808588206,1.0,,,,,0.08063687724704674,
Maine,2022-04-25,2022-04-30,1936.0,3047.0,1.3512396694214877,0.4432784727135961,1,1655.8451863322025,1.0,,,,,0.36462093862815886,
Maine,2022-05-02,2022-05-07,2180.0,5609.0,1.5555045871559634,0.580235432871128,1,2195.71849769014,1.0,,,,,0.6113389195935104,
Maine,2022-05-09,2022-05-14,5882.0,4166.0,1.1509690581434886,0.19976756666140866,1,5880.189248417422,1.0,,,,,0.291737504250255,
Maine,2022-05-16,2022-05-21,4342.0,4203.0,0.9670658682634731,0.34026896299513865,1,4115.300155262751,1.0,,,,,0.03201289728235836,
Maine,2022-05-23,2022-05-28,3967.0,3514.0,0.9919334509705067,0.3574748244056419,1,3726.267253936901,1.0,,,,,0.11419208469876481,
Maine,2022-05-30,2022-06-04,3568.0,1794.0,0.9941143497757847,0.1398200478573511,1,3591.567516914523,1.0,,,,,0.4971973094170404,
Maine,2022-06-06,2022-06-11,1691.0,1739.0,1.6623299822590183,0.28372113725244763,1,1694.2106229135572,1.0,,,,,0.027602070155261643,
Maine,2022-06-13,2022-06-18,1753.0,1602.0,1.3394181403308614,0.2168677316600156,1,1534.0601866348125,1.0,,,,,0.08613804905875641,
Maine,2022-06-20,2022-06-25,1651.0,1135.0,1.2828588734100546,0.1245731442251084,1,1658.069417636864,1.0,,,,,0.3125378558449425,
Maine,2022-06-27,2022-07-02,1150.0,1489.0,1.731304347826087,0.14602311171483165,1,1246.257175141894,1.0,,,,,0.22766957689724648,
Maine,2022-07-04,2022-07-09,1497.0,1265.0,1.1362725450901803,0.06806029248455317,1,1517.4821196164312,1.0,,,,,0.15497661990647962,
Maine,2022-07-11,2022-07-16,1336.0,1527.0,1.4199101796407185,0.1698604567534856,1,1342.784695744838,1.0,,,,,0.12508185985592665,
Maine,2022-07-18,2022-07-23,1528.0,1378.0,1.2643979057591623,0.06040541459841713,1,1540.1543390194195,1.0,,,,,0.09816753926701571,
Maine,2022-07-25,2022-07-30,1416.0,1496.0,1.405367231638418,0.0787345206592425,1,1423.315719511209,1.0,,,,,0.053475935828877004,
Maine,2022-08-01,2022-08-06,1471.0,1462.0,1.5424881033310673,0.12269095058010315,1,1442.276539818391,1.0,,,,,0.006118286879673691,
Maine,2022-08-08,2022-08-13,1461.0,1462.0,1.2566735112936345,0.07625011964662987,1,1488.4152894986823,1.0,,,,,0.0006839945280437756,
Maine,2022-08-15,2022-08-20,1441.0,1482.0,1.1117279666897988,0.13780801711561388,1,1371.1055543955467,1.0,,,,,0.02766531713900135,
Maine,2022-08-22,2022-08-27,1480.0,1703.0,1.1087837837837837,0.035439277459307555,1,1493.8983722930022,1.0,,,,,0.13094539048737522,
Maine,2022-08-29,2022-09-03,1687.0,1505.0,1.3716656787196206,0.07671697147533699,1,1645.9000655616715,1.0,,,,,0.1078838174273859,
Maine,2022-09-05,2022-09-10,1637.0,1270.0,1.4257788637751985,0.057546663542851456,1,1576.3669637560943,1.0,,,,,0.2241905925473427,
Maine,2022-09-12,2022-09-17,1257.0,1686.0,1.6348448687350836,0.11468170065452028,1,1259.2314432876833,1.0,,,,,0.25444839857651247,
Maine,2022-09-19,2022-09-24,1644.0,1676.0,1.3467153284671534,0.16999890680896795,1,1450.2014378627346,1.0,,,,,0.01909307875894988,
Maine,2022-09-26,2022-10-01,1656.0,1810.0,1.1986714975845412,0.12962641130643826,1,1531.2558117086191,1.0,,,,,0.08508287292817679,
Maine,2022-10-03,2022-10-08,1792.0,1931.0,1.40625,0.13033931626641262,1,1671.4364881433155,1.0,,,,,0.07198342827550493,
Maine,2022-10-10,2022-10-15,1881.0,1859.0,1.1504518872939926,0.1214960595088286,1,1742.2613685747856,1.0,,,,,0.011695906432748537,
Maine,2022-10-17,2022-10-22,1859.0,1923.0,1.3905325443786982,0.10298786544216013,1,1954.8180997504967,1.0,,,,,0.033281331253250133,
Maine,2022-10-24,2022-10-29,2098.0,1480.0,1.2507149666348905,0.0750830355971629,1,2014.1577290830785,1.0,,,,,0.2945662535748332,
Maine,2022-10-31,2022-11-05,1506.0,1325.0,1.446879150066401,0.1919528986969519,1,1520.8270339584194,1.0,,,,,0.1201859229747676,
Maine,2022-11-07,2022-11-12,1317.0,930.0,1.164768413059985,0.1335775224876899,1,1288.6676265093972,1.0,,,,,0.2938496583143508,
Maine,2022-11-14,2022-11-19,1185.0,854.0,1.3417721518987342,0.1446207691743371,1,1115.2980403484328,1.0,,,,,0.27932489451476794,
Maine,2022-11-21,2022-11-26,837.0,492.0,1.4623655913978495,0.26357783107994076,1,825.2651112920083,1.0,,,,,0.4121863799283154,
Maine,2022-11-28,2022-12-03,537.0,1218.0,1.5325884543761639,0.5881549387992068,1,609.2077347738833,1.0,,,,,0.5591133004926109,
Maine,2022-12-05,2022-12-10,912.0,1207.0,1.481359649122807,0.3276423338249386,1,1039.0081459213084,1.0,,,,,0.2444076222038111,
Maine,2022-12-12,2022-12-17,1191.0,1219.0,1.691855583543241,0.15451408979734008,1,1226.8897733694334,1.0,,,,,0.022969647251845776,
Maine,2022-12-19,2022-12-24,1216.0,1109.0,1.1389802631578947,0.07891621215855245,1,1214.2209258779546,1.0,,,,,0.08799342105263158,
Maine,2022-12-26,2022-12-31,1172.0,1047.0,1.2747440273037542,0.07898337576363708,1,1139.4366492332165,1.0,,,,,0.10665529010238908,
Maine,2023-01-02,2023-01-07,1056.0,1290.0,1.7206439393939394,0.10690784576368978,1,1108.726463101383,1.0,,,,,0.1813953488372093,
Maine,2023-01-09,2023-01-14,1249.0,1296.0,1.4203362690152121,0.3413992527958923,1,1170.4397591428503,1.0,,,,,0.036265432098765434,
Maine,2023-01-16,2023-01-21,1287.0,1176.0,1.4366744366744366,0.24370714082763265,1,1163.7122158841812,1.0,,,,,0.08624708624708624,
Maine,2023-01-23,2023-01-28,1185.0,1084.0,1.4860759493670885,0.13340404592972002,1,1189.2966367409638,1.0,,,,,0.08523206751054853,
Maryland,2021-07-26,2021-07-31,2540.0,2905.0,0.8074803149606299,0.06883249654401276,1,2511.2504286684393,1.0,,,,,0.12564543889845095,
Maryland,2021-08-02,2021-08-07,5172.0,4568.0,0.8290796597061099,0.09336285412393062,1,5069.779037766391,1.0,,,,,0.11678267594740913,
Maryland,2021-08-09,2021-08-14,7670.0,5967.0,0.9713168187744459,0.11745907413557066,1,7298.564867273809,1.0,,,,,0.22203389830508474,
Maryland,2021-08-16,2021-08-21,8092.0,6895.0,0.7111962432031637,0.07585213666975829,1,8168.0480953508695,1.0,,,,,0.14792387543252594,
Maryland,2021-08-23,2021-08-28,8105.0,7937.0,0.4452806909315237,0.09550574713343107,1,8102.828133615654,1.0,,,,,0.020727945712523135,
Maryland,2021-08-30,2021-09-04,8716.0,8314.0,0.4341441027994493,0.0471481730065148,1,8815.52415192393,1.0,,,,,0.04612207434603029,
Maryland,2021-09-06,2021-09-11,8722.0,7164.0,0.5778491171749599,0.056464295912683156,1,8747.050425166999,1.0,,,,,0.1786287548727356,
Maryland,2021-09-13,2021-09-18,7109.0,8668.0,0.6092277394851596,0.11330622657150254,1,6939.47995856251,1.0,,,,,0.17985694508537148,
Maryland,2021-09-20,2021-09-25,8682.0,8629.0,0.8192812715964064,0.07413889313937695,1,8499.038439887932,1.0,,,,,0.006104584197189587,
Maryland,2021-09-27,2021-10-02,8635.0,8467.0,0.7917776491024898,0.14759532170692966,1,8423.907246875815,1.0,,,,,0.019455703532136652,
Maryland,2021-10-04,2021-10-09,8319.0,7729.0,0.7212405337179949,0.08783877977663955,1,8337.543535275458,1.0,,,,,0.07092198581560284,
Maryland,2021-10-11,2021-10-16,7374.0,6793.0,0.630187144019528,0.12219549596516623,1,7589.212900638633,1.0,,,,,0.07879034445348522,
Maryland,2021-10-18,2021-10-23,6677.0,5687.0,0.6835405122060806,0.10297178659517277,1,6660.313543613865,1.0,,,,,0.14827018121911037,
Maryland,2021-10-25,2021-10-30,5174.0,5268.0,0.7574410514109007,0.06972560041731062,1,5200.7191081117535,1.0,,,,,0.017843583902809414,
Maryland,2021-11-01,2021-11-06,4818.0,4721.0,0.8428808634288086,0.0688329045485174,1,4861.4057446709885,1.0,,,,,0.02013283520132835,
Maryland,2021-11-08,2021-11-13,4542.0,5451.0,0.821664464993395,0.08926141064690356,1,4540.033287545704,1.0,,,,,0.16675839295542103,
Maryland,2021-11-15,2021-11-20,5344.0,6207.0,0.8895958083832335,0.08635309366536044,1,5444.926032314915,1.0,,,,,0.13903657161269534,
Maryland,2021-11-22,2021-11-27,6473.0,6286.0,0.7634790668932488,0.08353102593513573,1,6501.163393441382,1.0,,,,,0.02888923219527267,
Maryland,2021-11-29,2021-12-04,6671.0,9380.0,0.7417178833758057,0.05489272592032199,1,6693.057228777039,1.0,,,,,0.28880597014925374,
Maryland,2021-12-06,2021-12-11,8750.0,8877.0,0.7870857142857143,0.15458401825954884,3,6529.13590053376,0.16276093467126634,8471.563094782388,0.5990289875488386,10857.0,0.2382100777798951,0.014306635124478991,2.0
Maryland,2021-12-13,2021-12-18,3678.0,16747.0,0.9151712887438825,1.8371126033994811,3,3578.837348873504,0.6418009648728079,10557.526059985646,0.23316490369542797,22725.496120386302,0.12503413143176406,0.780378575267212,3.0
Maryland,2021-12-20,2021-12-25,9221.0,42790.0,1.2038824422513827,1.7477364575127148,3,0.0,0.41390549077937056,14161.045263716016,0.400233809382059,44961.31871229835,0.1858606998385705,0.7845057256368311,3.0
Maryland,2021-12-27,2022-01-01,39747.0,74630.0,1.2532769768787582,0.2329534082755101,3,35872.79804379921,0.4342717693455012,46123.680364173226,0.2690986076921104,54712.25744340551,0.2966296229623884,0.4674125686721158,3.0
Maryland,2022-01-03,2022-01-08,116722.0,92933.0,0.9340055859221055,0.059510734508134475,1,116192.77336489139,1.0,,,,,0.20380905056458937,
Maryland,2022-01-10,2022-01-15,135031.0,82097.0,1.0828920766342545,0.003406570748056828,1,135028.51517010064,1.0,,,,,0.3920136857462361,
Maryland,2022-01-17,2022-01-22,74010.0,42099.0,1.0420889069044723,0.017875115158517942,1,74072.70168574089,1.0,,,,,0.43117146331576817,
Maryland,2022-01-24,2022-01-29,31580.0,21388.0,0.695281823939202,0.2810282000443392,1,34680.483695729476,1.0,,,,,0.3227359088030399,
Maryland,2022-01-31,2022-02-05,23118.0,11742.0,0.3530582230296738,0.01924109077452092,1,23107.567728509057,1.0,,,,,0.4920840903192318,
Maryland,2022-02-07,2022-02-12,11434.0,6528.0,0.44874934406157074,0.25721220003402434,3,5385.9460278242095,0.10658668467279664,7065.676166945258,0.13359490502796476,12440.812612132613,0.7598184102992385,0.4290711911841875,2.0
Maryland,2022-02-14,2022-02-19,4558.0,4537.0,1.3580517770952172,0.4103640147278599,3,3025.844736571314,0.3673216836880435,4901.763619696174,0.42242091543651916,7971.44906480958,0.21025740087543737,0.004607283896445809,2.0
Maryland,2022-02-21,2022-02-26,5230.0,4462.0,1.3292543021032506,1.7222391655554294,3,5050.671948423831,0.4880239848703644,9798.474993632059,0.1828857708442826,21564.76949697419,0.32909024428535305,0.1468451242829828,1.0
Maryland,2022-02-28,2022-03-05,3953.0,2781.0,1.3900834809005818,0.32529751872347923,3,494.0,0.1252983674208408,3924.7030948031497,0.5657802576503423,4825.695826771654,0.3089213749288168,0.29648368327852265,2.0
Maryland,2022-03-07,2022-03-12,2280.0,2142.0,1.168859649122807,0.36964410747900944,1,2047.0598113726664,1.0,,,,,0.060526315789473685,
Maryland,2022-03-14,2022-03-19,1932.0,2104.0,1.7841614906832297,0.28526322147187555,1,2062.3060560505764,1.0,,,,,0.0817490494296578,
Maryland,2022-03-21,2022-03-26,1943.0,1961.0,2.0499227997941327,0.2965641479777392,1,2153.4063952619904,1.0,,,,,0.009178990311065782,
Maryland,2022-03-28,2022-04-02,1997.0,1860.0,1.1121682523785679,0.24926182635359723,1,1872.5495909751462,1.0,,,,,0.06860290435653481,
Maryland,2022-04-04,2022-04-09,1993.0,3001.0,1.1093828399397894,0.42343649680317685,1,1841.2001727165589,1.0,,,,,0.33588803732089306,
Maryland,2022-04-11,2022-04-16,2943.0,4129.0,0.8834522595990486,0.21520211437299125,1,2813.35048476354,1.0,,,,,0.2872366190360862,
Maryland,2022-04-18,2022-04-23,4068.0,5433.0,1.047197640117994,0.22260460180691938,1,3838.0395271185057,1.0,,,,,0.25124240750966315,
Maryland,2022-04-25,2022-04-30,5798.0,6613.0,0.9780958951362538,0.09939305032175107,1,5724.273884270841,1.0,,,,,0.12324209889611372,
Maryland,2022-05-02,2022-05-07,6935.0,8243.0,0.9095890410958904,0.20696144170480368,1,6741.033238939761,1.0,,,,,0.15868009219944196,
Maryland,2022-05-09,2022-05-14,8638.0,12162.0,0.716832600138921,0.05836375351249768,1,8562.358216952347,1.0,,,,,0.28975497451077126,
Maryland,2022-05-16,2022-05-21,13026.0,16083.0,0.689236910793797,0.15973544523602126,1,12497.176757698599,1.0,,,,,0.19007647826897967,
Maryland,2022-05-23,2022-05-28,16921.0,15403.0,0.8914366763193665,0.18938181492421508,1,16575.920915336592,1.0,,,,,0.08971100998758938,
Maryland,2022-05-30,2022-06-04,15715.0,12479.0,0.7192491250397709,0.10943792791894058,1,15325.443069289788,1.0,,,,,0.20591791282214444,
Maryland,2022-06-06,2022-06-11,12223.0,11488.0,0.8225476560582509,0.20952100757750142,1,11404.161217224038,1.0,,,,,0.060132537020371434,
Maryland,2022-06-13,2022-06-18,11351.0,10006.0,0.9224737908554312,0.20494826436353802,1,10849.252427501568,1.0,,,,,0.11849176284027839,
Maryland,2022-06-20,2022-06-25,9344.0,8691.0,0.776541095890411,0.15263499817658294,2,5651.751183842722,0.15801170152626942,9907.926665949994,0.8419882984737306,,,0.06988441780821918,2.0
Maryland,2022-06-27,2022-07-02,8305.0,10229.0,0.7937387116195064,0.11094313973237,2,5679.591381344893,0.11784055967131274,8564.628512364126,0.8821594403286872,,,0.18809267768110274,2.0
Maryland,2022-07-04,2022-07-09,10345.0,9127.0,0.8927017883035283,0.15335459991237876,2,5386.9,0.11567923290626526,10436.225984251969,0.8843207670937346,,,0.11773803769937168,2.0
Maryland,2022-07-11,2022-07-16,9331.0,11317.0,1.0834851570035366,0.1151399227634159,2,7160.386917360321,0.15766010297078556,9301.276298757894,0.8423398970292145,,,0.1754882035875232,2.0
Maryland,2022-07-18,2022-07-23,11428.0,11161.0,0.7472873643682184,0.07503982105147446,2,10151.809735546725,0.1599994405903024,11441.997279667854,0.8400005594096975,,,0.02336366818340917,2.0
Maryland,2022-07-25,2022-07-30,11313.0,11483.0,0.7817555025192257,0.125200535427642,1,10897.330623369235,1.0,,,,,0.014804493599233649,
Maryland,2022-08-01,2022-08-06,11355.0,11005.0,0.9271686481726111,0.15848002849334658,1,10807.796788294849,1.0,,,,,0.030823425803610745,
Maryland,2022-08-08,2022-08-13,11005.0,10930.0,0.7380281690140845,0.04383249880816215,1,10816.027140455608,1.0,,,,,0.0068150840527033164,
Maryland,2022-08-15,2022-08-20,10753.0,8977.0,0.8776155491490747,0.16711573945454372,1,10101.26076618319,1.0,,,,,0.16516321026690226,
Maryland,2022-08-22,2022-08-27,9175.0,7998.0,0.7190190735694822,0.06957762131147908,1,9020.446051125075,1.0,,,,,0.128283378746594,
Maryland,2022-08-29,2022-09-03,7122.0,7221.0,0.7438921651221567,0.13170379895712842,1,7181.553869642508,1.0,,,,,0.013710012463647694,
Maryland,2022-09-05,2022-09-10,6957.0,6287.0,0.7924392698002012,0.07002773181751994,1,6836.585246912478,1.0,,,,,0.09630587897082075,
Maryland,2022-09-12,2022-09-17,5874.0,6912.0,0.7676200204290092,0.1319022087075712,1,5646.660931622931,1.0,,,,,0.1501736111111111,
Maryland,2022-09-19,2022-09-24,6249.0,6012.0,0.913106096975516,0.13571472160481873,1,6054.992113577735,1.0,,,,,0.037926068170907344,
Maryland,2022-09-26,2022-10-01,5635.0,5285.0,0.8239574090505768,0.03787478417319145,1,5665.0422559001645,1.0,,,,,0.062111801242236024,
Maryland,2022-10-03,2022-10-08,4998.0,4633.0,0.8201280512204882,0.032783864276935026,1,5028.105122194959,1.0,,,,,0.07302921168467387,
Maryland,2022-10-10,2022-10-15,4392.0,4148.0,0.8897996357012751,0.07078457597962583,1,4423.109317876739,1.0,,,,,0.05555555555555555,
Maryland,2022-10-17,2022-10-22,4063.0,4466.0,0.9084420379030274,0.0500869941127153,1,4003.8741156593733,1.0,,,,,0.09023734885803851,
Maryland,2022-10-24,2022-10-29,4432.0,4461.0,0.7481949458483754,0.09025946640400873,1,4431.744363449908,1.0,,,,,0.006500784577449003,
Maryland,2022-10-31,2022-11-05,4466.0,4835.0,0.8374384236453202,0.05646128827375754,1,4379.612006424113,1.0,,,,,0.07631851085832471,
Maryland,2022-11-07,2022-11-12,4997.0,3983.0,0.7656593956373824,0.07115345419109428,1,4901.051264373559,1.0,,,,,0.2029217530518311,
Maryland,2022-11-14,2022-11-19,4198.0,4800.0,0.9147212958551691,0.12241667249508932,1,4267.167244634388,1.0,,,,,0.12541666666666668,
Maryland,2022-11-21,2022-11-26,4418.0,2818.0,0.8662290629244002,0.07950919249769917,1,4554.240337427801,1.0,,,,,0.362154821186057,
Maryland,2022-11-28,2022-12-03,3831.0,6682.0,0.7906551814147742,0.2813636996152616,1,3878.7598009593585,1.0,,,,,0.42666866207722237,
Maryland,2022-12-05,2022-12-10,5331.0,6234.0,0.7195648096042019,0.7522325180641849,1,6903.742697815847,1.0,,,,,0.14485081809432146,
Maryland,2022-12-12,2022-12-17,7183.0,6737.0,0.9548934985382153,0.1556471285008703,1,7337.149637088531,1.0,,,,,0.062091048308506196,
Maryland,2022-12-19,2022-12-24,7310.0,7569.0,0.8811217510259918,0.08502711711150096,1,7138.09849063799,1.0,,,,,0.03421852292244682,
Maryland,2022-12-26,2022-12-31,7389.0,6836.0,1.007308160779537,0.0779020755843246,1,7429.937553960788,1.0,,,,,0.0748409798348897,
Maryland,2023-01-02,2023-01-07,7002.0,7465.0,1.0695515566980862,0.1263697493124182,1,7570.824939398784,1.0,,,,,0.06202277294038848,
Maryland,2023-01-09,2023-01-14,7171.0,7396.0,0.9352949379444987,0.2619861074226553,1,6571.087512259943,1.0,,,,,0.030421849648458628,
Maryland,2023-01-16,2023-01-21,7023.0,4880.0,0.9216858892211306,0.16993958601333453,1,6557.249020527899,1.0,,,,,0.3051402534529403,
Maryland,2023-01-23,2023-01-28,4730.0,5931.0,1.0348837209302326,0.1848762249772952,1,4884.369547966164,1.0,,,,,0.20249536334513574,
Massachusetts,2021-07-26,2021-07-31,5844.0,4600.0,0.7866187542778919,0.17322371060252897,1,5623.565283347391,1.0,,,,,0.21286789869952089,
Massachusetts,2021-08-02,2021-08-07,10436.0,6615.0,0.9211383671904945,0.18050788610629862,1,10008.347488699217,1.0,,,,,0.3661364507474128,
Massachusetts,2021-08-09,2021-08-14,11716.0,8091.0,0.7300273130761352,0.18030335645185183,1,11234.13394266267,1.0,,,,,0.3094059405940594,
Massachusetts,2021-08-16,2021-08-21,11224.0,9249.0,0.5698503207412687,0.08705447783750384,1,10760.614064393345,1.0,,,,,0.17596222380612972,
Massachusetts,2021-08-23,2021-08-28,10385.0,10060.0,0.3843042850264805,0.10756726122347542,1,10955.065328390923,1.0,,,,,0.031295137217140105,
Massachusetts,2021-08-30,2021-09-04,11243.0,11789.0,0.3748999377390376,0.06010442249682443,1,11350.02545544106,1.0,,,,,0.04631436084485537,
Massachusetts,2021-09-06,2021-09-11,12911.0,11438.0,0.40237007203160097,0.09514066053033222,1,12935.354544923226,1.0,,,,,0.11408876152118348,
Massachusetts,2021-09-13,2021-09-18,11468.0,13931.0,0.5209277990931287,0.2216585786435489,1,11896.621292309894,1.0,,,,,0.17679994257411527,
Massachusetts,2021-09-20,2021-09-25,14524.0,11876.0,0.4556595979069127,0.16012356851809542,1,15206.041206658858,1.0,,,,,0.1823189204076012,
Massachusetts,2021-09-27,2021-10-02,11682.0,10770.0,0.9041260058209211,0.09010512203447484,1,11846.882672792632,1.0,,,,,0.0780688238315357,
Massachusetts,2021-10-04,2021-10-09,10258.0,9886.0,0.6166894131409631,0.03260961730136731,1,10239.724553633192,1.0,,,,,0.03626437902125171,
Massachusetts,2021-10-11,2021-10-16,9148.0,9826.0,0.609969392216878,0.1341328815429958,1,9602.319093363905,1.0,,,,,0.06900061062487278,
Massachusetts,2021-10-18,2021-10-23,9311.0,9341.0,0.6834926431102997,0.2172440156067731,1,9388.47736059566,1.0,,,,,0.003211647575206081,
Massachusetts,2021-10-25,2021-10-30,8941.0,9270.0,0.6764344033105917,0.15440534037116563,1,9166.215161815153,1.0,,,,,0.035490830636461704,
Massachusetts,2021-11-01,2021-11-06,8505.0,9558.0,0.6970017636684304,0.07140468708144108,1,8708.63964322337,1.0,,,,,0.11016949152542373,
Massachusetts,2021-11-08,2021-11-13,9304.0,11801.0,0.6665950128976784,0.07015592405715959,1,9312.63753211441,1.0,,,,,0.2115922379459368,
Massachusetts,2021-11-15,2021-11-20,11890.0,17452.0,0.5361648444070648,0.07121183709012516,1,12131.697573712929,1.0,,,,,0.318702727481091,
Massachusetts,2021-11-22,2021-11-27,16755.0,18972.0,0.6607579826917338,0.13506756816041807,2,16587.58812907337,0.6045165274074477,20564.95267526552,0.39548347259255245,,,0.11685641998734977,2.0
Massachusetts,2021-11-29,2021-12-04,19978.0,26139.0,0.45354890379417356,0.1779509207415276,2,16241.0,0.31532124436098885,20215.503541900067,0.6846787556390111,,,0.2357014422892995,2.0
Massachusetts,2021-12-06,2021-12-11,24228.0,33745.0,0.6079329701172197,0.1591135834568821,2,20746.8095238095,0.5207368404199397,28821.440171944676,0.4792631595800602,,,0.28202696695806784,2.0
Massachusetts,2021-12-13,2021-12-18,33286.0,35881.0,0.6963888721985219,0.1366531470892902,3,32208.72789215685,0.5228771141288775,37812.607896026784,0.357897639261371,44817.4579008642,0.11922524660975141,0.07232239904127533,2.0
Massachusetts,2021-12-20,2021-12-25,36697.0,50049.0,0.5848434476932719,0.13198264083836525,3,32128.2857142857,0.2462210874127992,36808.73457638992,0.4506273034827325,41366.013731596664,0.30315160910446837,0.26677855701412617,3.0
Massachusetts,2021-12-27,2022-01-01,56050.0,85095.0,0.8532560214094559,0.22002107128528078,3,44664.0,0.49853500899856096,62022.70470076532,0.2690986076921104,76614.07966662601,0.23236638330932868,0.34132440213878606,3.0
Massachusetts,2022-01-03,2022-01-08,111949.0,139314.0,0.9559174266853656,0.06880845282069255,1,109893.41173730696,1.0,,,,,0.1964267769211996,
Massachusetts,2022-01-10,2022-01-15,228727.0,146355.0,1.0857660005158989,0.004602395812092004,1,228721.18229959774,1.0,,,,,0.36013238489553046,
Massachusetts,2022-01-17,2022-01-22,186473.0,109703.0,1.05186809886686,0.03973503402342049,1,185935.8343405881,1.0,,,,,0.4116949906957039,
Massachusetts,2022-01-24,2022-01-29,86687.0,62465.0,0.7267641053445153,0.0809936507219598,1,83173.03444468079,1.0,,,,,0.2794190593745314,
Massachusetts,2022-01-31,2022-02-05,60675.0,32011.0,0.39108364235681914,0.017393155501254517,1,60654.58728649762,1.0,,,,,0.47241862381540994,
Massachusetts,2022-02-07,2022-02-12,30559.0,18194.0,0.32864295297620993,0.23524506837729325,1,28663.028370324977,1.0,,,,,0.4046271147616087,
Massachusetts,2022-02-14,2022-02-19,12384.0,12550.0,1.1335594315245479,0.3461240955305156,3,7032.1968503937105,0.3872172583092953,12613.06974128236,0.4031394880339108,17813.4285714286,0.20964325365679373,0.013227091633466135,2.0
Massachusetts,2022-02-21,2022-02-26,8814.0,8388.0,1.3875652371227591,0.31496287189576433,3,5212.136107986496,0.2763661312519715,8351.149606299203,0.4388192701321959,11183.917885264329,0.2848145986158326,0.04833219877467665,2.0
Massachusetts,2022-02-28,2022-03-05,6106.0,6173.0,1.050769734687193,0.39284833870600244,3,0.0,0.1129068832535248,5964.7681949335,0.6879199538909176,8739.078983274663,0.1991731628555575,0.010853717803337113,2.0
Massachusetts,2022-03-07,2022-03-12,4652.0,4906.0,0.9501289767841788,0.37635228684477134,2,202.99272294815256,0.15107432320983374,4710.0773436760755,0.8489256767901662,,,0.05177333876885446,2.0
Massachusetts,2022-03-14,2022-03-19,3928.0,5264.0,1.6484215885947047,0.45248694796022154,2,74.0,0.19437512057750322,4490.7275311619005,0.8056248794224968,,,0.25379939209726443,2.0
Massachusetts,2022-03-21,2022-03-26,4205.0,6240.0,1.3579072532699168,0.5006192569679168,2,72.36993382239942,0.26748118809179555,4553.733249884741,0.7325188119082044,,,0.3261217948717949,2.0
Massachusetts,2022-03-28,2022-04-02,6520.0,8184.0,0.8705521472392638,0.36788084446977337,1,4651.2087882810465,1.0,,,,,0.20332355816226785,
Massachusetts,2022-04-04,2022-04-09,5492.0,9539.0,1.1061544064093227,0.6227813662699697,1,5142.489252896594,1.0,,,,,0.424258307998742,
Massachusetts,2022-04-11,2022-04-16,9740.0,14469.0,0.9793634496919917,0.7457533609120093,1,9987.787648320682,1.0,,,,,0.32683668532725135,
Massachusetts,2022-04-18,2022-04-23,13405.0,13862.0,1.1096605744125327,0.566719271149308,1,14679.538022005192,1.0,,,,,0.032967825710575674,
Massachusetts,2022-04-25,2022-04-30,14152.0,18872.0,0.8448982475975128,0.5196410527444119,1,14408.729839755539,1.0,,,,,0.25010597710894444,
Massachusetts,2022-05-02,2022-05-07,17376.0,22726.0,0.9549378453038674,0.4823821633081521,3,7408.089153066252,0.17954343209841678,16645.391486806842,0.5079164791732347,20879.155056437947,0.3125400887283485,0.23541318313825574,3.0
Massachusetts,2022-05-09,2022-05-14,23758.0,29480.0,0.7133176193282262,0.09224850755038265,3,20029.560546875,0.16216775762577562,23096.176773080708,0.45573729902598176,26055.192429945866,0.38209494334824257,0.19409769335142468,3.0
Massachusetts,2022-05-16,2022-05-21,32255.0,30983.0,0.6400248023562238,0.2648464199405739,3,25976.518838355725,0.2670532158683757,32299.953257533583,0.33663399477468514,34296.827284642386,0.3963127893569391,0.03943574639590761,2.0
Massachusetts,2022-05-23,2022-05-28,30362.0,22785.0,0.9141690270733154,0.41944370234040573,3,27839.271159153195,0.47239908179703094,31199.18319560272,0.2204886994834413,40798.93187117279,0.30711221871952776,0.24955536525920557,1.0
Massachusetts,2022-05-30,2022-06-04,20332.0,16440.0,0.7946586661420421,0.13498010614111458,1,20584.134915733746,1.0,,,,,0.19142238835333464,
Massachusetts,2022-06-06,2022-06-11,13369.0,14652.0,0.6570424115491061,0.203492106759427,1,14165.659093821056,1.0,,,,,0.08756483756483756,
Massachusetts,2022-06-13,2022-06-18,13260.0,11550.0,0.71289592760181,0.13511140477318473,1,13426.400503650028,1.0,,,,,0.12895927601809956,
Massachusetts,2022-06-20,2022-06-25,10901.0,10045.0,0.6995688468947803,0.09364067152058134,1,10668.625060843182,1.0,,,,,0.07852490597192918,
Massachusetts,2022-06-27,2022-07-02,8604.0,10779.0,0.8656438865643886,0.10363667098686612,1,9073.728857314807,1.0,,,,,0.2017812413025327,
Massachusetts,2022-07-04,2022-07-09,10533.0,9904.0,0.8223677964492547,0.08528433305767544,1,10236.28592024236,1.0,,,,,0.05971707965441944,
Massachusetts,2022-07-11,2022-07-16,10429.0,7872.0,1.1505417585578674,0.12805795706259548,1,10377.815531297343,1.0,,,,,0.24518170486144406,
Massachusetts,2022-07-18,2022-07-23,7670.0,11525.0,1.165580182529335,0.26651006549701184,1,8796.392628713917,1.0,,,,,0.3344902386117137,
Massachusetts,2022-07-25,2022-07-30,11460.0,11075.0,0.9385689354275741,0.08153171767622645,1,11402.096359597952,1.0,,,,,0.033595113438045374,
Massachusetts,2022-08-01,2022-08-06,11154.0,10584.0,1.0710059171597632,0.0911474301310875,1,11534.798561057012,1.0,,,,,0.05110274341043572,
Massachusetts,2022-08-08,2022-08-13,10495.0,9882.0,0.9217722725107194,0.1587059019977261,1,11255.544687459338,1.0,,,,,0.05840876607908528,
Massachusetts,2022-08-15,2022-08-20,9351.0,9069.0,0.9795743770719709,0.19743643999519384,1,9297.039561369706,1.0,,,,,0.0301572024382419,
Massachusetts,2022-08-22,2022-08-27,8812.0,8796.0,0.7412619155696777,0.06700251215346653,1,8992.182632007041,1.0,,,,,0.0018157058556513845,
Massachusetts,2022-08-29,2022-09-03,8160.0,8742.0,0.7520833333333333,0.07094977545351903,1,8565.29770389554,1.0,,,,,0.06657515442690459,
Massachusetts,2022-09-05,2022-09-10,8483.0,7339.0,0.9060473888954379,0.06597056107189052,1,8567.677320730934,1.0,,,,,0.13485795119651067,
Massachusetts,2022-09-12,2022-09-17,6972.0,9004.0,0.998995983935743,0.10673517663234806,1,7339.991994977335,1.0,,,,,0.22567747667703242,
Massachusetts,2022-09-19,2022-09-24,9140.0,10267.0,0.8431072210065645,0.09274871969563006,1,9173.233233843765,1.0,,,,,0.10976916333885263,
Massachusetts,2022-09-26,2022-10-01,10648.0,10340.0,0.8200601051840721,0.10120315996950617,1,10972.872246211029,1.0,,,,,0.028925619834710745,
Massachusetts,2022-10-03,2022-10-08,11053.0,9942.0,0.815796616303266,0.08060381752560414,1,11257.551505720441,1.0,,,,,0.1005156970958111,
Massachusetts,2022-10-10,2022-10-15,9935.0,8964.0,0.9172622043281329,0.0832512542569745,1,10249.985400589325,1.0,,,,,0.09773527931555108,
Massachusetts,2022-10-17,2022-10-22,8070.0,8377.0,1.0969021065675342,0.11538153403088129,1,8729.59068705942,1.0,,,,,0.03664796466515459,
Massachusetts,2022-10-24,2022-10-29,8056.0,8413.0,1.0367428003972194,0.1355209827504888,1,8378.659232855229,1.0,,,,,0.042434327825983595,
Massachusetts,2022-10-31,2022-11-05,8413.0,6200.0,0.945917033162962,0.12533661256529574,1,8386.35078330486,1.0,,,,,0.26304528705574703,
Massachusetts,2022-11-07,2022-11-12,5734.0,6400.0,1.0695849319846529,0.14109714579751842,1,5892.61430987629,1.0,,,,,0.1040625,
Massachusetts,2022-11-14,2022-11-19,6303.0,5215.0,0.9122640012692369,0.06790704673087382,1,6205.114562782331,1.0,,,,,0.17261621450103126,
Massachusetts,2022-11-21,2022-11-26,5329.0,5266.0,1.0167010696190655,0.15871795918626014,1,5338.128194573825,1.0,,,,,0.011822105460686808,
Massachusetts,2022-11-28,2022-12-03,5344.0,5830.0,1.0218937125748504,0.19412326909563876,1,5555.182273319428,1.0,,,,,0.08336192109777016,
Massachusetts,2022-12-05,2022-12-10,6292.0,8694.0,0.9243483788938335,0.16560881175046258,1,5973.639715776886,1.0,,,,,0.27628249367379804,
Massachusetts,2022-12-12,2022-12-17,9878.0,9857.0,1.1955861510427213,0.1268264814063899,1,9884.682652288844,1.0,,,,,0.0021259364243774045,
Massachusetts,2022-12-19,2022-12-24,11032.0,10867.0,0.9371827411167513,0.12764554610638,1,10272.618060464843,1.0,,,,,0.014956490210297317,
Massachusetts,2022-12-26,2022-12-31,11271.0,9919.0,1.011534025374856,0.13043940306308538,1,11004.978777973887,1.0,,,,,0.11995386389850057,
Massachusetts,2023-01-02,2023-01-07,9920.0,11949.0,0.9222782258064516,0.1342699845882245,1,10260.577350221682,1.0,,,,,0.16980500460289563,
Massachusetts,2023-01-09,2023-01-14,11388.0,11192.0,1.2982964524060414,0.3370735591584201,1,10444.146171797147,1.0,,,,,0.017211099402880226,
Massachusetts,2023-01-16,2023-01-21,9747.0,8399.0,1.2163742690058479,0.27995031671125764,1,8659.340686883828,1.0,,,,,0.13829896378372833,
Massachusetts,2023-01-23,2023-01-28,8385.0,7156.0,0.8379248658318426,0.18462957099246158,1,7890.670461765237,1.0,,,,,0.14657125819916517,
Michigan,2021-07-26,2021-07-31,4370.0,4746.0,0.9482837528604119,0.1688570804141148,1,4155.852838591243,1.0,,,,,0.07922461019806153,
Michigan,2021-08-02,2021-08-07,7474.0,7495.0,0.7997056462402997,0.0839425351416367,1,7278.395095944266,1.0,,,,,0.002801867911941294,
Michigan,2021-08-09,2021-08-14,11946.0,10029.0,0.8735978570232714,0.1503271638285713,1,11291.062458482002,1.0,,,,,0.16047212456052234,
Michigan,2021-08-16,2021-08-21,15258.0,12043.0,0.7118233058067899,0.11142697665182774,1,14463.933481454867,1.0,,,,,0.2107091361908507,
Michigan,2021-08-23,2021-08-28,13863.0,14036.0,0.535742624251605,0.1356939995746966,1,14839.37325198712,1.0,,,,,0.012325448845825022,
Michigan,2021-08-30,2021-09-04,16144.0,16254.0,0.40206888007928643,0.07292958420971317,1,16251.009621061921,1.0,,,,,0.0067675649070997905,
Michigan,2021-09-06,2021-09-11,17372.0,17238.0,0.47144830762145984,0.1760587014013195,1,18491.962875453337,1.0,,,,,0.007713562053879806,
Michigan,2021-09-13,2021-09-18,17265.0,21442.0,0.5549377353026353,0.16919867675594427,1,17544.73993975825,1.0,,,,,0.19480458912414886,
Michigan,2021-09-20,2021-09-25,22600.0,23008.0,0.6388938053097345,0.07878364460910489,1,22908.793994011947,1.0,,,,,0.01773296244784423,
Michigan,2021-09-27,2021-10-02,23876.0,26768.0,0.8640894622214776,0.10125686860557569,1,24253.57724856629,1.0,,,,,0.10803945008965929,
Michigan,2021-10-04,2021-10-09,28032.0,29611.0,0.6273187785388128,0.07025367594833037,1,27660.14132415426,1.0,,,,,0.05332477795413867,
Michigan,2021-10-11,2021-10-16,30498.0,30685.0,0.6519443897960522,0.06967115324277257,1,30139.575903601737,1.0,,,,,0.006094182825484765,
Michigan,2021-10-18,2021-10-23,30462.0,27308.0,0.6762852077998818,0.0484340992278475,1,30240.184883517388,1.0,,,,,0.10353883527017267,
Michigan,2021-10-25,2021-10-30,25985.0,28080.0,0.6421781797190687,0.05565624207259063,1,26042.131668031943,1.0,,,,,0.0746082621082621,
Michigan,2021-11-01,2021-11-06,27268.0,34552.0,0.7464793897608919,0.07449243654044992,1,27901.251848442458,1.0,,,,,0.2108126881222505,
Michigan,2021-11-08,2021-11-13,34308.0,37213.0,0.6041156581555323,0.07938394794417347,1,33486.43698312738,1.0,,,,,0.07806411737833553,
Michigan,2021-11-15,2021-11-20,36980.0,61551.0,0.5918604651162791,0.16227008815698774,1,38698.375726588085,1.0,,,,,0.3991974135269939,
Michigan,2021-11-22,2021-11-27,63826.0,38811.0,0.6709491429824836,0.1539462905301455,3,53119.68806141732,0.3973859755029448,63639.174582677166,0.3929047699901338,79823.0,0.20970925450692146,0.3919249208786388,1.0
Michigan,2021-11-29,2021-12-04,42707.0,70095.0,0.7707401596927904,0.27115856267087657,3,36792.370498597746,0.4568422656436007,50179.30533838426,0.1010998140894975,59996.39088756105,0.4420579202669017,0.3907268706755118,3.0
Michigan,2021-12-06,2021-12-11,49573.0,50253.0,0.7059891473180966,0.14167650638179707,3,44055.90163653543,0.27280859985323,49086.182002204725,0.5207368404199397,59738.54042362205,0.20645455972683024,0.01353153045589318,2.0
Michigan,2021-12-13,2021-12-18,54629.0,46563.0,0.638708378333852,0.11479725324556936,3,54459.33464566929,0.6246977582403708,58588.76968503937,0.20833205587139403,66651.0,0.1669701858882352,0.14765051529407458,1.0
Michigan,2021-12-20,2021-12-25,44783.0,31437.0,0.8643905053256816,0.13263855854204076,3,31055.0,0.1193750815531136,37592.288919401675,0.1033348194533771,46172.480626116376,0.7772900989935093,0.2980148717147132,1.0
Michigan,2021-12-27,2022-01-01,39433.0,64747.0,0.7630411077016712,0.176743266066266,3,35879.665556238426,0.4985350089985609,43286.31318001768,0.23236638330932868,47861.007300587225,0.2690986076921104,0.39096792129365066,3.0
Michigan,2022-01-03,2022-01-08,82952.0,145333.0,1.0158766515575273,0.10653100062889401,1,82955.58642533234,1.0,,,,,0.42922804868818504,
Michigan,2022-01-10,2022-01-15,171071.0,128398.0,1.1433206095714645,0.0026785998719659255,1,171067.58603407728,1.0,,,,,0.24944613639950663,
Michigan,2022-01-17,2022-01-22,153311.0,140169.0,1.0955573964033891,0.024035017841697252,1,152945.80880530737,1.0,,,,,0.08572118112855569,
Michigan,2022-01-24,2022-01-29,126260.0,110955.0,0.7175669253920481,0.058172061377396486,1,129355.76646737465,1.0,,,,,0.1212181213369238,
Michigan,2022-01-31,2022-02-05,120026.0,59870.0,0.5737840134637495,0.007928589690125793,1,120006.4711749513,1.0,,,,,0.5011914085281522,
Michigan,2022-02-07,2022-02-12,58364.0,29804.0,0.6388013158796518,0.21978573900570816,1,57241.96259328577,1.0,,,,,0.4893427455280652,
Michigan,2022-02-14,2022-02-19,14357.0,18308.0,1.2670474333077941,0.5784289464527491,1,16632.088787113433,1.0,,,,,0.21580729735634696,
Michigan,2022-02-21,2022-02-26,15860.0,14793.0,1.4309583858764188,0.2235729179911185,1,12355.729917219085,1.0,,,,,0.06727616645649433,
Michigan,2022-02-28,2022-03-05,12396.0,7872.0,1.9229590190383994,0.3865246913263897,1,13249.917720598885,1.0,,,,,0.3649564375605034,
Michigan,2022-03-07,2022-03-12,7138.0,5961.0,1.813813393107313,0.395905489361351,1,6812.586371930766,1.0,,,,,0.16489212664611935,
Michigan,2022-03-14,2022-03-19,4357.0,6651.0,2.1076428735368373,0.6178024598063078,1,4252.164186031927,1.0,,,,,0.34491053976845587,
Michigan,2022-03-21,2022-03-26,7436.0,5649.0,1.8080957504034427,0.45634201868323554,2,685.8430583575102,0.23890786823540996,7911.327968310696,0.76109213176459,,,0.24031737493275954,2.0
Michigan,2022-03-28,2022-04-02,6551.0,5418.0,1.0053426957716378,0.38535796599098615,2,276.0,0.1638894076227377,6136.9006183172305,0.8361105923772624,,,0.1729506945504503,2.0
Michigan,2022-04-04,2022-04-09,5438.0,3759.0,1.1255976461934534,0.6229479495977523,2,128.0,0.2267127821926562,5466.914382950007,0.7732872178073438,,,0.3087532180948878,2.0
Michigan,2022-04-11,2022-04-16,4978.0,7725.0,1.4413419043792688,0.4912796447300976,1,5439.820162646312,1.0,,,,,0.3555987055016181,
Michigan,2022-04-18,2022-04-23,6573.0,10474.0,1.4448501445306556,0.28634750264976283,1,6518.520170753155,1.0,,,,,0.37244605690280697,
Michigan,2022-04-25,2022-04-30,11261.0,14482.0,1.1466122014030726,0.320127157893174,1,10371.794260605526,1.0,,,,,0.22241403121115869,
Michigan,2022-05-02,2022-05-07,15113.0,18945.0,0.9557334744921591,0.3195969159823619,1,13996.860796549632,1.0,,,,,0.2022697281604645,
Michigan,2022-05-09,2022-05-14,19541.0,27705.0,0.863261859679648,0.08724975600599827,1,20352.024069411727,1.0,,,,,0.29467605125428625,
Michigan,2022-05-16,2022-05-21,28882.0,29267.0,0.9095976732913233,0.31385147140385267,1,26077.156236152136,1.0,,,,,0.013154747668022004,
Michigan,2022-05-23,2022-05-28,30274.0,25968.0,0.9146131994450684,0.2406557751406745,1,29011.879526279292,1.0,,,,,0.1422342604214838,
Michigan,2022-05-30,2022-06-04,27955.0,19535.0,0.8887497764263995,0.08096542763848759,1,27056.454802726636,1.0,,,,,0.30119835449830085,
Michigan,2022-06-06,2022-06-11,19459.0,18453.0,1.1147027082583894,0.1837362860470462,1,19189.55868950064,1.0,,,,,0.05169844287990133,
Michigan,2022-06-13,2022-06-18,17435.0,15578.0,1.2118726699168338,0.1370382224215979,1,17617.318591625142,1.0,,,,,0.10650989389159736,
Michigan,2022-06-20,2022-06-25,15900.0,10681.0,0.7905660377358491,0.07758115603505542,1,16046.21563398221,1.0,,,,,0.3282389937106918,
Michigan,2022-06-27,2022-07-02,10692.0,14353.0,1.4323793490460157,0.2271760590428998,1,11641.91394332763,1.0,,,,,0.2550686267679231,
Michigan,2022-07-04,2022-07-09,13665.0,13102.0,0.9540431759970728,0.11544977914336327,1,13410.955217287094,1.0,,,,,0.04120014635931211,
Michigan,2022-07-11,2022-07-16,13482.0,16681.0,0.9774514167037531,0.1731225350848319,1,13483.204416427168,1.0,,,,,0.1917750734368443,
Michigan,2022-07-18,2022-07-23,16681.0,16445.0,0.9381332054433188,0.06929571450640562,1,16248.149630412663,1.0,,,,,0.014147832863737187,
Michigan,2022-07-25,2022-07-30,16560.0,19653.0,0.8565821256038647,0.06604861113437502,1,16479.35508834917,1.0,,,,,0.15738055258739123,
Michigan,2022-08-01,2022-08-06,17932.0,20173.0,1.1756636181128708,0.11922876170496227,1,17544.61205733276,1.0,,,,,0.1110890794626481,
Michigan,2022-08-08,2022-08-13,19643.0,16137.0,0.9799419640584432,0.10982544925128934,2,19692.748415969487,0.8805280928961594,23943.525390625,0.11947190710384056,,,0.1784859746474571,1.0
Michigan,2022-08-15,2022-08-20,16275.0,23165.0,1.0924116743471581,0.2409905445376568,2,6941.012939453125,0.1234806344984888,16392.52924789997,0.8765193655015112,,,0.29743146988992014,2.0
Michigan,2022-08-22,2022-08-27,20001.0,19414.0,1.023448827558622,0.11002165614042514,2,19425.60066054441,0.6511286692255741,23724.021585306582,0.348871330774426,,,0.029348532573371333,1.0
Michigan,2022-08-29,2022-09-03,20044.0,19158.0,0.8866992616244262,0.08736692746251325,1,19301.124149439278,1.0,,,,,0.044202753941329075,
Michigan,2022-09-05,2022-09-10,18797.0,15854.0,0.9528648188540725,0.07008701104798355,1,18220.25652739054,1.0,,,,,0.15656753737298504,
Michigan,2022-09-12,2022-09-17,15661.0,18375.0,1.0520400996104975,0.08966518018464348,1,15503.658021990348,1.0,,,,,0.14770068027210884,
Michigan,2022-09-19,2022-09-24,17186.0,16901.0,0.9023042010939136,0.09165409756781348,1,16593.31255585387,1.0,,,,,0.01658326544862097,
Michigan,2022-09-26,2022-10-01,17137.0,14678.0,0.9445643928342183,0.11678863058941501,1,16335.811627768555,1.0,,,,,0.14349069265332323,
Michigan,2022-10-03,2022-10-08,14391.0,12880.0,0.9288444166492947,0.09396740685569163,1,13751.160411033698,1.0,,,,,0.10499617816690987,
Michigan,2022-10-10,2022-10-15,12405.0,12548.0,1.1600967351874245,0.12250125162979646,1,12305.629191856362,1.0,,,,,0.011396238444373605,
Michigan,2022-10-17,2022-10-22,12007.0,12414.0,1.334887982010494,0.0818496499624723,1,11607.268358476504,1.0,,,,,0.032785564685033027,
Michigan,2022-10-24,2022-10-29,12056.0,12167.0,0.9209522229595223,0.1206287776716963,1,11500.132887988688,1.0,,,,,0.009123037724993836,
Michigan,2022-10-31,2022-11-05,12009.0,11651.0,1.0375551669581147,0.062163004611025016,1,11803.859407217335,1.0,,,,,0.029810975102006827,
Michigan,2022-11-07,2022-11-12,11162.0,9992.0,1.0403153556710267,0.0923101886590473,1,10970.299882268702,1.0,,,,,0.10481992474466942,
Michigan,2022-11-14,2022-11-19,9641.0,12860.0,0.9060263458147495,0.13248885681333739,1,9195.863096124966,1.0,,,,,0.2503110419906687,
Michigan,2022-11-21,2022-11-26,10895.0,8933.0,0.8840752638825149,0.28741133822315856,1,12070.683885257593,1.0,,,,,0.18008260670032125,
Michigan,2022-11-28,2022-12-03,9172.0,8831.0,1.016027038813781,0.1577582961958791,1,9323.456559934813,1.0,,,,,0.037178368948975145,
Michigan,2022-12-05,2022-12-10,8546.0,11918.0,0.9199625555815586,0.1372504298796599,1,8488.527187128138,1.0,,,,,0.28293337808357105,
Michigan,2022-12-12,2022-12-17,11843.0,13043.0,1.2912268850797939,0.13868417535828284,1,12491.83528809779,1.0,,,,,0.09200337345702676,
Michigan,2022-12-19,2022-12-24,13051.0,14323.0,0.9023063366791817,0.15698171505307462,1,13327.851970706166,1.0,,,,,0.08880821057041123,
Michigan,2022-12-26,2022-12-31,14206.0,10927.0,0.9290440658876531,0.07733357214776002,1,14576.680433891579,1.0,,,,,0.23081796424046178,
Michigan,2023-01-02,2023-01-07,12087.0,9793.0,0.9643418548854141,0.14100798238452195,1,11545.561565002525,1.0,,,,,0.18979068420617193,
Michigan,2023-01-09,2023-01-14,9140.0,9870.0,1.037746170678337,0.19284072524846366,1,8539.118996121864,1.0,,,,,0.07396149949341439,
Michigan,2023-01-16,2023-01-21,8238.0,9631.0,1.0795095897062394,0.17260762174897132,1,8135.404829733647,1.0,,,,,0.14463710933444088,
Michigan,2023-01-23,2023-01-28,9640.0,6530.0,1.3639004149377594,0.24236395692774645,1,9112.990257149313,1.0,,,,,0.32261410788381745,
Minnesota,2021-07-26,2021-07-31,2973.0,3314.0,0.8674739320551631,0.13933761346480728,1,2864.2240191067767,1.0,,,,,0.10289680144840073,
Minnesota,2021-08-02,2021-08-07,5522.0,5087.0,0.7499094530967041,0.11038251565598087,1,5331.89475773012,1.0,,,,,0.07877580586743933,
Minnesota,2021-08-09,2021-08-14,8538.0,7063.0,0.9858280627781681,0.16909201293820328,2,6378.577329133858,0.32455862831248605,9227.644966929134,0.675441371687514,,,0.17275708596861092,1.0
Minnesota,2021-08-16,2021-08-21,11599.0,8705.0,0.9376670402620916,0.13133678226335013,2,8733.82982958245,0.13902069280961402,12725.256644696081,0.8609793071903861,,,0.24950426760927666,1.0
Minnesota,2021-08-23,2021-08-28,10693.0,10634.0,0.7111194239221921,0.1732594203538481,2,9901.406253543308,0.5624312707584262,13424.595596850395,0.43756872924157375,,,0.0055176283549985975,1.0
Minnesota,2021-08-30,2021-09-04,12294.0,11228.0,0.7232796486090776,0.06852539719778059,1,12618.63129378516,1.0,,,,,0.08670896372214087,
Minnesota,2021-09-06,2021-09-11,11647.0,11078.0,0.8428779943333047,0.16118062357215884,1,12343.29782767227,1.0,,,,,0.048853782089808534,
Minnesota,2021-09-13,2021-09-18,10603.0,15117.0,0.7634631708007168,0.15513244157200184,1,10877.888801726924,1.0,,,,,0.29860422041410334,
Minnesota,2021-09-20,2021-09-25,16074.0,15569.0,0.7573721537887271,0.05312234444135091,1,16052.143152361426,1.0,,,,,0.031417195470946874,
Minnesota,2021-09-27,2021-10-02,16251.0,17608.0,1.0107070334133283,0.14854161724160553,1,17156.638375140912,1.0,,,,,0.07706724216265334,
Minnesota,2021-10-04,2021-10-09,18156.0,20856.0,0.6656201806565323,0.06482026266149195,1,18080.255458389587,1.0,,,,,0.12945914844649023,
Minnesota,2021-10-11,2021-10-16,22217.0,19755.0,0.6644011342665527,0.09789872873308553,1,21678.524022365928,1.0,,,,,0.11081604176981591,
Minnesota,2021-10-18,2021-10-23,19557.0,14845.0,0.6920284297182594,0.08122160299207815,1,19373.984190651645,1.0,,,,,0.2409367489901314,
Minnesota,2021-10-25,2021-10-30,14346.0,17304.0,0.8276174543426739,0.09972237694817462,1,13590.440105103771,1.0,,,,,0.17094313453536755,
Minnesota,2021-11-01,2021-11-06,16062.0,27458.0,0.7599302702029636,0.08716995144868495,1,15703.53681966414,1.0,,,,,0.41503386991040864,
Minnesota,2021-11-08,2021-11-13,26259.0,26617.0,0.6444266727598157,0.2161087648603324,1,25117.891616148572,1.0,,,,,0.013450050719465003,
Minnesota,2021-11-15,2021-11-20,26653.0,29578.0,0.6801485761452745,0.12399973394627092,1,27907.285974701528,1.0,,,,,0.09889106768544188,
Minnesota,2021-11-22,2021-11-27,29478.0,24026.0,0.5841983852364475,0.058001681515180065,1,29133.401431281996,1.0,,,,,0.18495148924621752,
Minnesota,2021-11-29,2021-12-04,24880.0,31702.0,0.7563102893890675,0.15419816761983826,1,24885.542378745078,1.0,,,,,0.21519147056968016,
Minnesota,2021-12-06,2021-12-11,27924.0,29848.0,0.5898152127202406,0.11806882133300257,1,28671.64827719342,1.0,,,,,0.06445993031358885,
Minnesota,2021-12-13,2021-12-18,29327.0,22504.0,0.646605517100283,0.09722230480402698,1,29463.220552542785,1.0,,,,,0.23265250451802094,
Minnesota,2021-12-20,2021-12-25,22200.0,16941.0,0.8732882882882883,0.09896007104721816,1,21703.827896547617,1.0,,,,,0.2368918918918919,
Minnesota,2021-12-27,2022-01-01,20109.0,25988.0,1.0210850862797751,0.09582375682368956,1,19806.36119813661,1.0,,,,,0.226219793750962,
Minnesota,2022-01-03,2022-01-08,34402.0,41853.0,0.9599151212138829,0.10917252584321593,1,33652.15175881736,1.0,,,,,0.17802785941270638,
Minnesota,2022-01-10,2022-01-15,63935.0,74181.0,1.1795417220614688,0.009076760067641593,1,63923.55193463032,1.0,,,,,0.13812162143945214,
Minnesota,2022-01-17,2022-01-22,106619.0,78488.0,1.1191063506504468,0.041641138128729056,1,106255.57215552247,1.0,,,,,0.26384603119519034,
Minnesota,2022-01-24,2022-01-29,80884.0,92931.0,0.724049255724247,0.149957456391989,1,81517.35202788492,1.0,,,,,0.1296338143353671,
Minnesota,2022-01-31,2022-02-05,84468.0,49393.0,0.7046218686366434,0.003647749841250777,1,84470.5375748205,1.0,,,,,0.4152460103234361,
Minnesota,2022-02-07,2022-02-12,57896.0,29343.0,0.8018861406660218,0.21325845364897777,3,24921.712035995486,0.16647987336639397,53327.844769403775,0.13521524003796442,60803.1428571428,0.6983048865956417,0.49317742158352906,1.0
Minnesota,2022-02-14,2022-02-19,18002.0,16261.0,0.792411954227308,0.4367950880876687,3,12891.925270226198,0.3842963279825317,18187.378751579367,0.4007728500165353,28778.2857142857,0.21493082200093308,0.09671147650261082,2.0
Minnesota,2022-02-21,2022-02-26,16857.0,7835.0,0.8337782523580708,0.3367830982086091,3,5680.367829021368,0.4347492213418081,8416.608548931374,0.2804361800423594,19361.5714285714,0.2848145986158326,0.535207925490894,2.0
Minnesota,2022-02-28,2022-03-05,4914.0,5314.0,1.1898656898656899,0.48155496225215894,1,4815.009503246412,1.0,,,,,0.07527286413248024,
Minnesota,2022-03-07,2022-03-12,3814.0,4058.0,1.2831672784478239,1.2473228025817655,1,5812.920783412201,1.0,,,,,0.06012814194184327,
Minnesota,2022-03-14,2022-03-19,2128.0,2744.0,2.8613721804511276,0.5560069680568561,1,2142.9206494332993,1.0,,,,,0.22448979591836735,
Minnesota,2022-03-21,2022-03-26,2524.0,2657.0,1.8763866877971473,0.5803423411309226,1,2299.3944941391846,1.0,,,,,0.05005645464809936,
Minnesota,2022-03-28,2022-04-02,2701.0,2819.0,1.1902998889300258,0.3730733543680061,1,2037.8475339954696,1.0,,,,,0.0418588151826889,
Minnesota,2022-04-04,2022-04-09,2907.0,3136.0,1.3801169590643274,0.4631666102055364,1,2212.9476226635784,1.0,,,,,0.07302295918367346,
Minnesota,2022-04-11,2022-04-16,3148.0,4413.0,1.2013977128335451,0.2751503981808887,1,3118.9305748486863,1.0,,,,,0.2866530704736007,
Minnesota,2022-04-18,2022-04-23,4714.0,6221.0,0.9798472634705133,0.2669816577377376,1,4181.408491687611,1.0,,,,,0.24224401221668543,
Minnesota,2022-04-25,2022-04-30,6682.0,8688.0,0.9126010176593834,0.32283739730956623,1,6194.687190962554,1.0,,,,,0.23089318600368325,
Minnesota,2022-05-02,2022-05-07,9078.0,11408.0,1.0135492399206874,0.3294771842351195,2,2734.650743937008,0.17954343209841683,9229.446260787401,0.8204565679015832,,,0.20424263674614307,2.0
Minnesota,2022-05-09,2022-05-14,11715.0,15092.0,0.9098591549295775,0.08732086044208771,2,11086.139403503938,0.4777095318366155,13020.757843838583,0.5222904681633845,,,0.22376093294460642,2.0
Minnesota,2022-05-16,2022-05-21,17126.0,13816.0,0.7050099264276538,0.12587563877900995,2,14919.463369357421,0.4336025192098603,17485.910747846436,0.5663974807901396,,,0.19327338549573747,1.0
Minnesota,2022-05-23,2022-05-28,14502.0,12119.0,1.1167425182733417,0.22642705723786877,1,14052.350238808423,1.0,,,,,0.1643221624603503,
Minnesota,2022-05-30,2022-06-04,11972.0,10742.0,0.8787170063481456,0.07821727307081182,1,11596.280687619088,1.0,,,,,0.10273972602739725,
Minnesota,2022-06-06,2022-06-11,10133.0,11421.0,1.0925688345011348,0.10303824950611132,1,10228.903341152061,1.0,,,,,0.11277471324752648,
Minnesota,2022-06-13,2022-06-18,11954.0,10169.0,0.9614355027605822,0.1093297678156909,1,11976.007710090478,1.0,,,,,0.14932240254308182,
Minnesota,2022-06-20,2022-06-25,10248.0,9384.0,0.7820062451209993,0.053917128817330975,1,10091.292071083622,1.0,,,,,0.08430913348946135,
Minnesota,2022-06-27,2022-07-02,9372.0,6142.0,0.9837814767392232,0.08505565180109231,1,9302.951434865508,1.0,,,,,0.3446436192915066,
Minnesota,2022-07-04,2022-07-09,7816.0,8647.0,1.1956243602865917,0.17630745297580402,1,7497.453248806684,1.0,,,,,0.09610269457615359,
Minnesota,2022-07-11,2022-07-16,7924.0,9521.0,1.0670116102978293,0.38939104237824745,1,8488.864466699004,1.0,,,,,0.16773448167209326,
Minnesota,2022-07-18,2022-07-23,10186.0,9500.0,0.9739838994698606,0.14787527295644964,1,10492.871405751666,1.0,,,,,0.06734733948556842,
Minnesota,2022-07-25,2022-07-30,9610.0,10056.0,1.340894901144641,0.11094633441357589,1,9807.7914894743,1.0,,,,,0.04435163086714399,
Minnesota,2022-08-01,2022-08-06,10037.0,10442.0,1.249775829431105,0.12534805689672832,1,9760.78529577028,1.0,,,,,0.03878567324267382,
Minnesota,2022-08-08,2022-08-13,10494.0,10240.0,0.9092814941871545,0.19130768726733802,1,11209.118404761492,1.0,,,,,0.024204307223175146,
Minnesota,2022-08-15,2022-08-20,10300.0,9948.0,0.8816504854368932,0.19088782793514678,1,9725.223300429197,1.0,,,,,0.0341747572815534,
Minnesota,2022-08-22,2022-08-27,10039.0,9625.0,0.85118039645383,0.0490977226324428,1,10046.767463603923,1.0,,,,,0.04123916724773384,
Minnesota,2022-08-29,2022-09-03,9539.0,8394.0,0.9389873152322047,0.04740677209501882,1,9435.698752139408,1.0,,,,,0.12003354649334312,
Minnesota,2022-09-05,2022-09-10,8610.0,6440.0,1.0262485481997676,0.0933577892736993,1,8516.398653993085,1.0,,,,,0.25203252032520324,
Minnesota,2022-09-12,2022-09-17,6634.0,6346.0,1.1049140789870364,0.07121243855598425,1,6598.9942867684,1.0,,,,,0.04341272233946337,
Minnesota,2022-09-19,2022-09-24,6119.0,6678.0,0.9071743748978591,0.08435574372286599,1,6037.9302969284945,1.0,,,,,0.08370769691524409,
Minnesota,2022-09-26,2022-10-01,6121.0,6120.0,0.954582584545009,0.11408123323827486,1,6040.560191554607,1.0,,,,,0.00016337199803953602,
Minnesota,2022-10-03,2022-10-08,6223.0,5968.0,0.9291338582677166,0.025720629748978614,1,6198.371238970998,1.0,,,,,0.040977020729551665,
Minnesota,2022-10-10,2022-10-15,6330.0,5386.0,0.9756714060031596,0.05984293207965934,1,6385.26214507741,1.0,,,,,0.14913112164297,
Minnesota,2022-10-17,2022-10-22,5346.0,4765.0,1.0390946502057614,0.10673007280991055,1,5446.529156404033,1.0,,,,,0.10867938645716424,
Minnesota,2022-10-24,2022-10-29,4734.0,5132.0,1.033375580904098,0.10161436215377351,1,4763.6813369227975,1.0,,,,,0.07755261106780982,
Minnesota,2022-10-31,2022-11-05,5331.0,5038.0,1.042956293378353,0.06740927115497325,1,5325.772923699829,1.0,,,,,0.054961545676233355,
Minnesota,2022-11-07,2022-11-12,5354.0,5200.0,1.0541651101979828,0.07575249746195882,1,5302.449670532664,1.0,,,,,0.028763541277549497,
Minnesota,2022-11-14,2022-11-19,5325.0,5115.0,1.020657276995305,0.079599110938539,1,5440.3774045318205,1.0,,,,,0.03943661971830986,
Minnesota,2022-11-21,2022-11-26,5262.0,6567.0,0.9443177499049791,0.06829407889655353,1,5110.066294487171,1.0,,,,,0.19872087711283692,
Minnesota,2022-11-28,2022-12-03,6028.0,5222.0,0.9392833443928335,0.28398171649486387,1,6818.680722293893,1.0,,,,,0.13370935633709358,
Minnesota,2022-12-05,2022-12-10,5808.0,6359.0,0.9612603305785123,0.17217733793340484,1,5294.233662079741,1.0,,,,,0.08664884415788646,
Minnesota,2022-12-12,2022-12-17,6969.0,5744.0,1.531496627923662,0.12098039894116351,1,7297.331912259711,1.0,,,,,0.17577844740995838,
Minnesota,2022-12-19,2022-12-24,6158.0,5879.0,0.9386164339071127,0.11719649221384429,1,6078.651373645531,1.0,,,,,0.045306917830464435,
Minnesota,2022-12-26,2022-12-31,5741.0,5721.0,1.1835917087615397,0.13373563145092662,1,6075.131889606863,1.0,,,,,0.003483713638738896,
Minnesota,2023-01-02,2023-01-07,5460.0,4718.0,1.2032967032967032,0.18816244929031106,1,5924.550835600514,1.0,,,,,0.1358974358974359,
Minnesota,2023-01-09,2023-01-14,4707.0,3494.0,1.154238368387508,0.31348313966875074,1,4359.962590863098,1.0,,,,,0.25770129594221375,
Minnesota,2023-01-16,2023-01-21,3198.0,2646.0,1.5150093808630394,0.24638695517539771,1,3288.5098271442557,1.0,,,,,0.1726078799249531,
Minnesota,2023-01-23,2023-01-28,2748.0,5341.0,1.3497088791848617,0.22082638717100384,1,2823.5984006909616,1.0,,,,,0.4854896086875117,
Mississippi,2021-07-26,2021-07-31,9751.0,10325.0,2.5167675110245105,0.14037620871791395,1,9350.304509799182,1.0,,,,,0.05559322033898305,
Mississippi,2021-08-02,2021-08-07,17555.0,14644.0,1.2414696667616063,0.1367635725792464,1,17402.296532818607,1.0,,,,,0.16582170321845627,
Mississippi,2021-08-09,2021-08-14,20822.0,22998.0,0.9413120737681299,0.2506215112647403,1,22941.846084521723,1.0,,,,,0.09461692321071398,
Mississippi,2021-08-16,2021-08-21,29822.0,25102.0,0.9270672657769432,0.1426821595794178,1,30601.633257565678,1.0,,,,,0.15827241633693245,
Mississippi,2021-08-23,2021-08-28,26912.0,21391.0,0.5781064209274673,0.19686440660311283,1,30499.20661053584,1.0,,,,,0.20515011890606422,
Mississippi,2021-08-30,2021-09-04,19589.0,19223.0,0.4183980805554138,0.17452251466969373,1,21955.224120046114,1.0,,,,,0.018683955281025066,
Mississippi,2021-09-06,2021-09-11,17641.0,13449.0,0.5697522816166884,0.13669355308373096,1,16961.793820632076,1.0,,,,,0.2376282523666459,
Mississippi,2021-09-13,2021-09-18,11035.0,13101.0,0.5759855006796556,0.1693173719927004,1,11261.974259170245,1.0,,,,,0.1576978856575834,
Mississippi,2021-09-20,2021-09-25,10845.0,9489.0,0.5503918856615952,0.11578290965189483,2,10165.258553421016,0.8551104889263791,13101.0,0.14488951107362086,,,0.12503457814661134,1.0
Mississippi,2021-09-27,2021-10-02,8777.0,6314.0,0.9912270707531047,0.19105136331697672,2,5339.924333868209,0.19701227705499813,9710.669166629457,0.8029877229450019,,,0.28061980175458584,1.0
Mississippi,2021-10-04,2021-10-09,4778.0,5055.0,1.0797404771871075,0.18839263886224106,2,4604.585755727902,0.641569658718611,6273.987093718548,0.35843034128138906,,,0.05479723046488625,1.0
Mississippi,2021-10-11,2021-10-16,4395.0,3519.0,1.1522184300341296,0.22312353992385922,1,4377.648757310786,1.0,,,,,0.1993174061433447,
Mississippi,2021-10-18,2021-10-23,3208.0,3307.0,0.9367206982543641,0.17873317297879993,1,2983.2230073135484,1.0,,,,,0.029936498336861204,
Mississippi,2021-10-25,2021-10-30,2859.0,3221.0,1.0335781741867787,0.16020142859672226,1,2719.3206975339413,1.0,,,,,0.11238745731139398,
Mississippi,2021-11-01,2021-11-06,3017.0,2238.0,1.0861783228372555,0.22874571385486012,1,2811.2901122681455,1.0,,,,,0.25820351342393105,
Mississippi,2021-11-08,2021-11-13,2152.0,1913.0,1.296468401486989,0.1314178558550216,1,2071.0880003139064,1.0,,,,,0.11105947955390334,
Mississippi,2021-11-15,2021-11-20,1783.0,2279.0,1.0454290521592822,0.07429727568343227,1,1809.2748141013324,1.0,,,,,0.21763931548924967,
Mississippi,2021-11-22,2021-11-27,2262.0,1884.0,1.0915119363395225,0.06787588576688579,1,2226.0725956983456,1.0,,,,,0.16710875331564987,
Mississippi,2021-11-29,2021-12-04,1958.0,2872.0,1.8360572012257406,0.14635832633023269,1,2087.6362580341865,1.0,,,,,0.31824512534818944,
Mississippi,2021-12-06,2021-12-11,2618.0,3611.0,1.2352941176470589,0.15146957466257213,1,2669.232661590721,1.0,,,,,0.27499307671005263,
Mississippi,2021-12-13,2021-12-18,3610.0,3340.0,1.3800554016620499,0.07982515358840293,1,3750.623293809182,1.0,,,,,0.07479224376731301,
Mississippi,2021-12-20,2021-12-25,3467.0,3047.0,1.4167868474185175,0.12586409681352442,1,3673.883185777632,1.0,,,,,0.12114219786558984,
Mississippi,2021-12-27,2022-01-01,4671.0,18235.0,1.1203168486405481,0.22136266072613192,1,4692.201042546452,1.0,,,,,0.7438442555525089,
Mississippi,2022-01-03,2022-01-08,31980.0,42810.0,0.9928705440900563,0.07608536529732485,1,31928.73020072275,1.0,,,,,0.2529782761037141,
Mississippi,2022-01-10,2022-01-15,75500.0,48081.0,1.0697350993377484,0.0037041208141569163,1,75497.89902193296,1.0,,,,,0.3631655629139073,
Mississippi,2022-01-17,2022-01-22,55867.0,46754.0,1.0510319150840388,0.02977581331437705,1,55755.380004614024,1.0,,,,,0.1631195517926504,
Mississippi,2022-01-24,2022-01-29,45148.0,36284.0,0.9801320102773102,0.024303577319876108,1,45413.45202092745,1.0,,,,,0.1963320634358111,
Mississippi,2022-01-31,2022-02-05,35969.0,34196.0,0.7642692318385276,0.006041746945654392,1,35963.96062491087,1.0,,,,,0.049292446273179684,
Mississippi,2022-02-07,2022-02-12,30429.0,24855.0,0.6306155312366493,0.19661746432456453,1,29579.595835436503,1.0,,,,,0.1831805185842453,
Mississippi,2022-02-14,2022-02-19,14879.0,8811.0,0.8313058673297937,0.5915840886741173,1,17850.368205634666,1.0,,,,,0.40782310639155855,
Mississippi,2022-02-21,2022-02-26,6346.0,3528.0,1.6200756381972896,0.40648010843230026,1,4724.626080835906,1.0,,,,,0.4440592499212102,
Mississippi,2022-02-28,2022-03-05,2322.0,2152.0,1.5310077519379846,0.2683126974476614,1,2311.3192875770796,1.0,,,,,0.07321274763135228,
Mississippi,2022-03-07,2022-03-12,1129.0,1352.0,1.8343666961913196,0.45707857404811736,1,1136.0638130723119,1.0,,,,,0.16494082840236687,
Mississippi,2022-03-14,2022-03-19,668.0,830.0,3.3308383233532934,0.6055447086905039,1,766.1900197805372,1.0,,,,,0.19518072289156627,
Mississippi,2022-03-21,2022-03-26,680.0,703.0,3.8191176470588237,0.8515354374932946,1,755.2494228376771,1.0,,,,,0.032716927453769556,
Mississippi,2022-03-28,2022-04-02,700.0,628.0,1.6914285714285715,0.39253399589274807,1,546.5711138992884,1.0,,,,,0.10285714285714286,
Mississippi,2022-04-04,2022-04-09,540.0,1103.0,1.9425925925925926,0.6228915229176852,1,462.56824081954767,1.0,,,,,0.5104261106074343,
Mississippi,2022-04-11,2022-04-16,885.0,524.0,1.7774011299435029,0.41097002388512294,1,869.6018710407741,1.0,,,,,0.40790960451977404,
Mississippi,2022-04-18,2022-04-23,546.0,492.0,1.7252747252747254,0.7925362979618447,1,593.0202385122641,1.0,,,,,0.0989010989010989,
Mississippi,2022-04-25,2022-04-30,485.0,735.0,2.270103092783505,0.5203644688322421,1,514.6429309056477,1.0,,,,,0.3401360544217687,
Mississippi,2022-05-02,2022-05-07,676.0,1146.0,1.3106508875739644,0.657560438671856,1,726.4761712981374,1.0,,,,,0.41012216404886565,
Mississippi,2022-05-09,2022-05-14,1108.0,2806.0,1.3862815884476534,0.1366051564275939,1,1161.262489396284,1.0,,,,,0.6051318602993585,
Mississippi,2022-05-16,2022-05-21,3146.0,2596.0,0.8604577240940877,0.2605876168068161,1,3203.227046382929,1.0,,,,,0.17482517482517482,
Mississippi,2022-05-23,2022-05-28,3218.0,2715.0,1.3921690490988192,0.24324571681576393,1,3171.621857255325,1.0,,,,,0.15630826600372902,
Mississippi,2022-05-30,2022-06-04,3022.0,3646.0,1.4626075446724023,0.15732847095107344,1,3004.2584902463996,1.0,,,,,0.17114646187602853,
Mississippi,2022-06-06,2022-06-11,3815.0,4495.0,1.5019659239842726,0.1831406628626006,1,3791.2997691556398,1.0,,,,,0.15127919911012236,
Mississippi,2022-06-13,2022-06-18,5038.0,5680.0,1.2536720921000397,0.07037104334028872,1,4975.67371108652,1.0,,,,,0.11302816901408451,
Mississippi,2022-06-20,2022-06-25,5963.0,7730.0,1.2455140030186147,0.05888322530429857,1,5835.139913805782,1.0,,,,,0.22858990944372573,
Mississippi,2022-06-27,2022-07-02,7812.0,8368.0,1.3385816692268304,0.19245329704602357,1,7636.757018564942,1.0,,,,,0.06644359464627152,
Mississippi,2022-07-04,2022-07-09,8314.0,8448.0,1.2073610777002646,0.1445966298830684,1,7748.581583047943,1.0,,,,,0.015861742424242424,
Mississippi,2022-07-11,2022-07-16,8732.0,10856.0,1.179225836005497,0.08631495570603798,1,8621.941228180827,1.0,,,,,0.1956521739130435,
Mississippi,2022-07-18,2022-07-23,10594.0,9979.0,0.9983009250519161,0.11661745187001016,1,10584.274614336895,1.0,,,,,0.058051727392863885,
Mississippi,2022-07-25,2022-07-30,9901.0,9092.0,0.9814160185839814,0.1468447006311754,1,9765.01730068445,1.0,,,,,0.0817089182910817,
Mississippi,2022-08-01,2022-08-06,8856.0,8333.0,1.1893631436314362,0.17141696514627178,1,8355.73297485015,1.0,,,,,0.059056007226738934,
Mississippi,2022-08-08,2022-08-13,7875.0,8826.0,0.9763809523809523,0.09668275746268802,1,7760.851406418231,1.0,,,,,0.10774983004758668,
Mississippi,2022-08-15,2022-08-20,8268.0,8597.0,1.1779148524431544,0.21939666844744207,1,8297.165959053316,1.0,,,,,0.03826916366174247,
Mississippi,2022-08-22,2022-08-27,8593.0,4017.0,0.8637262888397533,0.1122577609793861,1,8795.92016769038,1.0,,,,,0.5325264750378215,
Mississippi,2022-08-29,2022-09-03,5750.0,8144.0,1.369913043478261,0.3963700551694095,1,5622.14446124558,1.0,,,,,0.29395874263261296,
Mississippi,2022-09-05,2022-09-10,8082.0,5825.0,1.1088839396189063,0.13817717571462884,1,7552.1095211292495,1.0,,,,,0.27926255877258105,
Mississippi,2022-09-12,2022-09-17,5331.0,3619.0,1.4351903957981618,0.18892923470588402,1,5574.730820673372,1.0,,,,,0.3211404989682986,
Mississippi,2022-09-19,2022-09-24,3601.0,3103.0,1.5490141627325742,0.21031781329258506,1,3901.452853312848,1.0,,,,,0.13829491807831157,
Mississippi,2022-09-26,2022-10-01,3105.0,1869.0,1.1951690821256038,0.14870583657045766,1,2795.9407253138725,1.0,,,,,0.39806763285024155,
Mississippi,2022-10-03,2022-10-08,1706.0,1614.0,1.5574443141852286,0.23068997862776075,1,1785.9023014051838,1.0,,,,,0.053927315357561546,
Mississippi,2022-10-10,2022-10-15,1488.0,1359.0,1.633736559139785,0.311136107857398,1,1457.2719756126887,1.0,,,,,0.08669354838709678,
Mississippi,2022-10-17,2022-10-22,1242.0,1269.0,1.5829307568438002,0.1933264775421549,1,1167.7040799414076,1.0,,,,,0.02127659574468085,
Mississippi,2022-10-24,2022-10-29,971.0,1358.0,1.1441812564366631,0.2928788992637447,1,1003.1664588112799,1.0,,,,,0.2849779086892489,
Mississippi,2022-10-31,2022-11-05,1514.0,1336.0,2.3606340819022456,0.596203631041294,1,1727.7768225900415,1.0,,,,,0.11756935270805813,
Mississippi,2022-11-07,2022-11-12,1538.0,1369.0,1.3777633289986997,0.2192739089006071,1,1337.8116004164651,1.0,,,,,0.10988296488946683,
Mississippi,2022-11-14,2022-11-19,1265.0,1044.0,1.125691699604743,0.20073231083790957,1,1309.9351374694572,1.0,,,,,0.17470355731225296,
Mississippi,2022-11-21,2022-11-26,1045.0,0.0,1.3129186602870813,0.17429621595599212,1,1076.0741041470783,1.0,,,,,1.0,
Mississippi,2022-11-28,2022-12-03,871.0,3209.0,2.2548794489093,0.7350471626575862,1,834.1169067109114,1.0,,,,,0.7285758803365534,
Mississippi,2022-12-05,2022-12-10,2369.0,3379.0,1.4200084423807513,0.525624526339037,1,2629.6844029054805,1.0,,,,,0.2989050014797277,
Mississippi,2022-12-12,2022-12-17,3795.0,3255.0,2.4632411067193676,0.4626344347746544,1,4796.931541231703,1.0,,,,,0.1422924901185771,
Mississippi,2022-12-19,2022-12-24,3443.0,4413.0,1.5771129828637815,0.10067756860520352,1,3351.6488953495978,1.0,,,,,0.2198051212327215,
Mississippi,2022-12-26,2022-12-31,4511.0,4075.0,1.4628685435601863,0.08027313218594913,1,4373.345562898712,1.0,,,,,0.0966526269119929,
Mississippi,2023-01-02,2023-01-07,4714.0,5778.0,1.4272380144251167,0.14633726036293043,1,4719.351001981372,1.0,,,,,0.18414676358601592,
Mississippi,2023-01-09,2023-01-14,5382.0,0.0,1.4269788182831662,0.18916493954622188,1,5811.528683667009,1.0,,,,,1.0,
Mississippi,2023-01-16,2023-01-21,1955.0,9662.0,2.934526854219949,0.8026644579254939,1,1785.4893191213398,1.0,,,,,0.797660939764024,
Mississippi,2023-01-23,2023-01-28,4478.0,3902.0,1.2168378740509156,0.7605005121024759,1,4652.586527707731,1.0,,,,,0.1286288521661456,
Missouri,2021-07-26,2021-07-31,21299.0,17826.0,1.5671627775951922,0.10166301801747198,2,19212.39594488189,0.18351992474253312,21522.5,0.8164800752574669,,,0.16305929855861778,1.0
Missouri,2021-08-02,2021-08-07,24919.0,20031.0,1.1547814920341908,0.1315491339436825,2,18235.575927559054,0.1698081890057777,25356.5,0.8301918109942223,,,0.1961555439624383,1.0
Missouri,2021-08-09,2021-08-14,21863.0,19345.0,0.7051639756666515,0.0763034781337367,2,20249.90633306535,0.3637971605688782,22048.41759632108,0.6362028394311219,,,0.11517175136074646,1.0
Missouri,2021-08-16,2021-08-21,20659.0,16828.0,0.791906675056876,0.12860809836457784,1,19350.28004835831,1.0,,,,,0.1854397599109347,
Missouri,2021-08-23,2021-08-28,16555.0,16314.0,0.6322561159770462,0.10831892515605192,1,16545.79358869206,1.0,,,,,0.014557535487768046,
Missouri,2021-08-30,2021-09-04,15067.0,16191.0,0.3644388398486759,0.03411227858339337,1,14956.90359557205,1.0,,,,,0.06942128342906553,
Missouri,2021-09-06,2021-09-11,16096.0,14755.0,0.5588344930417495,0.080258047551679,1,15663.432056140038,1.0,,,,,0.08331262425447317,
Missouri,2021-09-13,2021-09-18,14142.0,15323.0,0.4628765379719983,0.10785418731601981,1,13995.363337511986,1.0,,,,,0.07707368008875547,
Missouri,2021-09-20,2021-09-25,14633.0,12741.0,0.46962345383721726,0.056262169846206356,1,14455.463938800214,1.0,,,,,0.12929679491560173,
Missouri,2021-09-27,2021-10-02,11686.0,11007.0,0.9746705459524218,0.12758704168443039,1,11341.008719165477,1.0,,,,,0.05810371384562724,
Missouri,2021-10-04,2021-10-09,9863.0,9262.0,0.7079995944438812,0.09780777426742117,1,9715.28837524672,1.0,,,,,0.06093480685389841,
Missouri,2021-10-11,2021-10-16,8195.0,7763.0,0.7414276998169615,0.1021902419937299,1,8332.751723902857,1.0,,,,,0.0527150701647346,
Missouri,2021-10-18,2021-10-23,6893.0,6788.0,0.7722326998404179,0.11126964333586054,1,6839.95897645679,1.0,,,,,0.015232844915131293,
Missouri,2021-10-25,2021-10-30,5933.0,6661.0,0.7792010787122872,0.09597671785559188,1,5891.045660742217,1.0,,,,,0.1092928989641195,
Missouri,2021-11-01,2021-11-06,6047.0,7514.0,0.9019348437241608,0.11623864701043281,1,6227.224807366218,1.0,,,,,0.1952355602874634,
Missouri,2021-11-08,2021-11-13,7039.0,9544.0,0.756783634038926,0.08832057470535193,1,6929.979334348032,1.0,,,,,0.2624685666387259,
Missouri,2021-11-15,2021-11-20,9230.0,19322.0,0.8894907908992417,0.09977375705874081,1,9482.973657133763,1.0,,,,,0.5223061794845254,
Missouri,2021-11-22,2021-11-27,17080.0,6971.0,0.9421545667447306,0.21259254387895607,1,18380.41290707531,1.0,,,,,0.5918618266978922,
Missouri,2021-11-29,2021-12-04,8613.0,22051.0,1.2837571113433182,0.2597243076293904,1,9378.02263707763,1.0,,,,,0.6094054691397216,
Missouri,2021-12-06,2021-12-11,15967.0,20205.0,0.9330494144172355,0.23098185018413128,3,14187.214103622047,0.4890013174073343,17377.56451023622,0.19305625684870492,22926.0,0.31794242574396075,0.20975006186587478,3.0
Missouri,2021-12-13,2021-12-18,20525.0,20018.0,0.7849451887941534,0.15717151104504526,3,19958.17327367126,0.4537941296568297,21838.023789911418,0.3552784169700345,28605.485648375987,0.1909274533731358,0.024701583434835566,1.0
Missouri,2021-12-20,2021-12-25,19001.0,15642.0,0.9842113572969844,0.16010453834350863,3,18435.886675520327,0.5228419033531232,20274.56584772053,0.23885917877293805,24135.79210934096,0.23829891787393875,0.17678016946476502,1.0
Missouri,2021-12-27,2022-01-01,20717.0,32635.0,1.084230342231018,0.07167966147278504,1,20920.330525694135,1.0,,,,,0.36519074613145397,
Missouri,2022-01-03,2022-01-08,44142.0,85701.0,0.9518825608264239,0.10887421067227383,1,43250.751631328356,1.0,,,,,0.4849301641754472,
Missouri,2022-01-10,2022-01-15,91335.0,86309.0,1.0819072644659768,0.0035540886249744563,1,91335.25629136724,1.0,,,,,0.055028192916187664,
Missouri,2022-01-17,2022-01-22,87853.0,80483.0,1.0382115579433826,0.020929580130053645,1,87848.58534968208,1.0,,,,,0.08389013465675617,
Missouri,2022-01-24,2022-01-29,71532.0,61476.0,0.928521500866745,0.07333530559665258,1,72117.88357412747,1.0,,,,,0.14058043952356988,
Missouri,2022-01-31,2022-02-05,59784.0,31905.0,0.7957982068780944,0.001428540681373964,1,59783.68320125051,1.0,,,,,0.46632878362103575,
Missouri,2022-02-07,2022-02-12,35372.0,19824.0,0.6803121112744543,0.19048502314446533,3,18817.668780000367,0.1653195083966955,31166.763916875607,0.13359490502796476,35871.1811118757,0.7010855865753397,0.4395567115232387,1.0
Missouri,2022-02-14,2022-02-19,13192.0,14031.0,1.2283201940570043,0.3479548494458718,3,6788.57026,0.25253031624243844,13121.641678222708,0.5372122828821243,20193.5714285714,0.21025740087543737,0.05979616563324068,2.0
Missouri,2022-02-21,2022-02-26,13082.0,7200.0,1.0382968964990062,0.252303244144519,3,5565.4564965804275,0.26763584038645344,9342.57875876266,0.2717549923370325,13192.33798752532,0.4606091672765141,0.44962543953523926,1.0
Missouri,2022-02-28,2022-03-05,5310.0,4539.0,1.2088512241054614,0.28946644368830265,3,2395.0,0.1252983674208408,4871.977533525675,0.589296180492525,7309.637963344594,0.2854054520866342,0.14519774011299436,2.0
Missouri,2022-03-07,2022-03-12,3318.0,3169.0,1.3661844484629295,0.3451332561805917,1,3561.9965997866498,1.0,,,,,0.04490657022302592,
Missouri,2022-03-14,2022-03-19,2392.0,1973.0,2.11747491638796,0.41218788190878575,1,2056.010616016398,1.0,,,,,0.17516722408026755,
Missouri,2022-03-21,2022-03-26,1846.0,4007.0,1.7416034669555795,0.46743507069141343,2,401.03697181187835,0.5248064767002535,2007.187931638582,0.4751935232997465,,,0.5393062141252808,2.0
Missouri,2022-03-28,2022-04-02,3654.0,2601.0,1.0944170771756978,0.5002888338608495,2,183.0,0.2488008590509004,4430.510765255905,0.7511991409490997,,,0.2881773399014778,2.0
Missouri,2022-04-04,2022-04-09,2404.0,4399.0,1.675540765391015,0.4727674241950603,2,127.45363972360599,0.2470558571935597,2455.3739354009326,0.7529441428064403,,,0.453512161854967,2.0
Missouri,2022-04-11,2022-04-16,1426.0,2489.0,1.9340813464235624,1.4346105047160258,2,1245.6514817005332,0.6484573894174915,4367.1644223015355,0.3515426105825085,,,0.4270791482523102,1.0
Missouri,2022-04-18,2022-04-23,964.0,3281.0,2.5580912863070537,0.47983639049191396,1,1070.9627512471275,1.0,,,,,0.7061871380676623,
Missouri,2022-04-25,2022-04-30,1040.0,4452.0,2.9086538461538463,0.48235384340019016,1,1104.6465353229958,1.0,,,,,0.766397124887691,
Missouri,2022-05-02,2022-05-07,1682.0,4989.0,1.218192627824019,0.8051193996138107,1,1728.730798390654,1.0,,,,,0.6628582882341151,
Missouri,2022-05-09,2022-05-14,1641.0,6052.0,1.5191956124314443,0.19665053842142566,1,1670.3282902442263,1.0,,,,,0.7288499669530734,
Missouri,2022-05-16,2022-05-21,2750.0,8894.0,1.0985454545454545,0.48223193006163023,1,3203.4668020156,1.0,,,,,0.6908027883966719,
Missouri,2022-05-23,2022-05-28,8965.0,9040.0,1.366536530953709,0.335874406209448,1,7837.257113842529,1.0,,,,,0.008296460176991151,
Missouri,2022-05-30,2022-06-04,9029.0,9621.0,1.2509690995680585,0.16927847182547148,1,9214.879095093062,1.0,,,,,0.061532065273880054,
Missouri,2022-06-06,2022-06-11,9654.0,10923.0,1.3760099440646365,0.17980913492900047,1,9731.908385301755,1.0,,,,,0.11617687448503158,
Missouri,2022-06-13,2022-06-18,10951.0,10946.0,1.2793352205278057,0.16741013203735144,1,10887.192969399246,1.0,,,,,0.00045657930782576936,
Missouri,2022-06-20,2022-06-25,10910.0,11632.0,0.9922089825847846,0.29066385551379487,1,11122.914788686461,1.0,,,,,0.062070151306740026,
Missouri,2022-06-27,2022-07-02,11717.0,13471.0,0.93061363830332,0.1756027719224919,1,11444.342930108274,1.0,,,,,0.13020562690223442,
Missouri,2022-07-04,2022-07-09,13477.0,13021.0,0.9010165467092083,0.21461876586801634,1,13153.04659112482,1.0,,,,,0.03383542331379387,
Missouri,2022-07-11,2022-07-16,13391.0,15161.0,0.9141961018594579,0.39752292239743264,1,13510.823220446771,1.0,,,,,0.11674691643031462,
Missouri,2022-07-18,2022-07-23,15133.0,14428.0,0.9082138373091918,0.22609467782598697,1,14642.600520323638,1.0,,,,,0.046586929227516026,
Missouri,2022-07-25,2022-07-30,14159.0,14335.0,0.9439932198601596,0.19970973470644304,1,13576.866835778836,1.0,,,,,0.012277642134635508,
Missouri,2022-08-01,2022-08-06,13341.0,12090.0,1.267446218424406,0.2681212323285877,3,2888.0,0.11303728542986025,13574.97440944882,0.7742927487786557,15814.15,0.11266996579148403,0.09377108162806386,2.0
Missouri,2022-08-08,2022-08-13,12037.0,11928.0,0.9931876713466811,0.4592024221069529,3,9464.932075477947,0.22237936350588416,12254.775943405339,0.6598166328843961,21638.796226433842,0.11780400360971971,0.00905541247819224,2.0
Missouri,2022-08-15,2022-08-20,8286.0,10403.0,1.2265266714940863,0.35518895797177763,3,988.0,0.11991746881082682,4329.718222722149,0.1234806344984888,9082.38413948254,0.7566018966906845,0.2034989906757666,3.0
Missouri,2022-08-22,2022-08-27,8535.0,8598.0,1.0988869361452842,0.18989736150996725,1,8719.074346572299,1.0,,,,,0.00732728541521284,
Missouri,2022-08-29,2022-09-03,7660.0,9821.0,1.1139686684073107,0.21570623783049236,1,7187.804176405984,1.0,,,,,0.22003869259749517,
Missouri,2022-09-05,2022-09-10,8058.0,9226.0,1.22524199553239,0.18781219775884547,1,7777.062979878163,1.0,,,,,0.12659874268371993,
Missouri,2022-09-12,2022-09-17,9271.0,9412.0,0.9431560780929781,0.20732843423619116,1,8629.375432557672,1.0,,,,,0.014980875478113047,
Missouri,2022-09-19,2022-09-24,8727.0,7422.0,0.9166953133952103,0.22378159401232392,1,8440.246350591104,1.0,,,,,0.14953592299759366,
Missouri,2022-09-26,2022-10-01,7898.0,5653.0,0.9464421372499366,0.25136988218168416,1,7288.715789275135,1.0,,,,,0.28424917700683716,
Missouri,2022-10-03,2022-10-08,6690.0,5186.0,0.9505231689088192,0.08991563747233729,1,6437.805219391776,1.0,,,,,0.22481315396113602,
Missouri,2022-10-10,2022-10-15,5182.0,4370.0,1.3168660748745658,0.09171793464770314,1,5384.270148707319,1.0,,,,,0.15669625627170977,
Missouri,2022-10-17,2022-10-22,4366.0,4450.0,1.1477324782409528,0.229970081971911,1,3967.5260439595118,1.0,,,,,0.01887640449438202,
Missouri,2022-10-24,2022-10-29,4414.0,1595.0,1.0412324422292705,0.18673651522308177,1,4493.371826165209,1.0,,,,,0.6386497507929316,
Missouri,2022-10-31,2022-11-05,3418.0,6656.0,1.050906963136337,0.4221712667103178,1,3676.221898959716,1.0,,,,,0.48647836538461536,
Missouri,2022-11-07,2022-11-12,4326.0,4859.0,1.0263522884882108,0.22538360273463415,1,4440.143311733428,1.0,,,,,0.10969335254167524,
Missouri,2022-11-14,2022-11-19,4823.0,4689.0,1.1438938420070495,0.14582096477217654,1,4908.459320470143,1.0,,,,,0.02778353721749948,
Missouri,2022-11-21,2022-11-26,4687.0,4769.0,1.2850437379987198,0.18913365714392066,1,4834.399744258548,1.0,,,,,0.017194380373243865,
Missouri,2022-11-28,2022-12-03,4538.0,6477.0,1.0645658880564126,0.19820891509279606,1,4661.684710764482,1.0,,,,,0.2993669908908445,
Missouri,2022-12-05,2022-12-10,6172.0,7794.0,1.1117952041477641,0.8583905513786518,1,7855.5380774440655,1.0,,,,,0.20810880164228893,
Missouri,2022-12-12,2022-12-17,8154.0,8218.0,1.5234240863379935,0.2500671879481828,1,8343.032059993933,1.0,,,,,0.007787782915551229,
Missouri,2022-12-19,2022-12-24,8020.0,8162.0,1.1077306733167083,0.11747885544616156,1,8078.4259361093755,1.0,,,,,0.017397696642979663,
Missouri,2022-12-26,2022-12-31,8151.0,7136.0,1.1225616488774384,0.0935841265157049,1,8058.775337402543,1.0,,,,,0.12452459820880873,
Missouri,2023-01-02,2023-01-07,7697.0,7224.0,1.1031570741847474,0.13230415839930562,1,7696.216947687007,1.0,,,,,0.061452513966480445,
Missouri,2023-01-09,2023-01-14,6901.0,5030.0,0.9424721054919577,0.22546059654721806,1,7165.321844239788,1.0,,,,,0.27112012751775105,
Missouri,2023-01-16,2023-01-21,4903.0,5005.0,1.2241484805221292,0.11599542540271572,1,4812.7755402247185,1.0,,,,,0.02037962037962038,
Missouri,2023-01-23,2023-01-28,4692.0,3772.0,1.1566496163682864,0.09569007639237746,1,4528.9549684982785,1.0,,,,,0.19607843137254902,
Montana,2021-07-26,2021-07-31,799.0,1111.0,2.219023779724656,0.16952457831890586,1,762.4003410134966,1.0,,,,,0.2808280828082808,
Montana,2021-08-02,2021-08-07,2725.0,1516.0,0.9467889908256881,0.23942164962814844,2,1380.6102362204724,0.18217854727941002,3012.5,0.81782145272059,,,0.4436697247706422,1.0
Montana,2021-08-09,2021-08-14,2754.0,1982.0,0.9847494553376906,0.2637972751612135,2,1877.515748031496,0.42558382194137234,3352.5,0.5744161780586277,,,0.280319535221496,1.0
Montana,2021-08-16,2021-08-21,2902.0,2454.0,1.1433494141971055,0.13594416756380615,2,2306.3350619107027,0.4587626960684562,3103.2726426055724,0.5412373039315438,,,0.1543762922122674,1.0
Montana,2021-08-23,2021-08-28,3391.0,3298.0,0.473311707460926,0.11267217844319338,2,2692.286737007874,0.3128328620511057,3523.48588031496,0.6871671379488944,,,0.027425538189324684,2.0
Montana,2021-08-30,2021-09-04,4334.0,3871.0,0.5858329487771112,0.06406943485348932,1,4264.454214334762,1.0,,,,,0.1068297185048454,
Montana,2021-09-06,2021-09-11,4645.0,4228.0,0.6021528525296017,0.14810264719440458,1,4774.007471798819,1.0,,,,,0.08977395048439182,
Montana,2021-09-13,2021-09-18,4402.0,5997.0,0.4870513402998637,0.13854713636340804,1,4484.878003760531,1.0,,,,,0.26596631649157915,
Montana,2021-09-20,2021-09-25,6682.0,6323.0,0.3549835378629153,0.0933418676312299,1,6514.0544467028585,1.0,,,,,0.05372642921281054,
Montana,2021-09-27,2021-10-02,6421.0,5970.0,0.9001713128796137,0.14437251857585545,1,6600.711993572912,1.0,,,,,0.0702382806416446,
Montana,2021-10-04,2021-10-09,5742.0,6675.0,0.5405781957506095,0.08195294611233771,1,5742.8888900817155,1.0,,,,,0.1397752808988764,
Montana,2021-10-11,2021-10-16,6644.0,5989.0,0.5096327513546056,0.11038592186484844,1,6401.451135448025,1.0,,,,,0.09858518964479229,
Montana,2021-10-18,2021-10-23,5668.0,5898.0,0.5834509527170078,0.13166979679323743,1,5460.111377003815,1.0,,,,,0.038996269922007464,
Montana,2021-10-25,2021-10-30,5422.0,5280.0,0.6849870896348211,0.1491343356166009,1,5206.267794006647,1.0,,,,,0.02618959793434157,
Montana,2021-11-01,2021-11-06,5195.0,4605.0,0.6945139557266603,0.05565067452850563,1,5065.974515431802,1.0,,,,,0.11357074109720885,
Montana,2021-11-08,2021-11-13,4287.0,3942.0,0.6263121063680895,0.03878558840780051,1,4303.49834086683,1.0,,,,,0.08047585724282715,
Montana,2021-11-15,2021-11-20,3565.0,3619.0,0.6886395511921458,0.05253468144455759,1,3586.6396015222945,1.0,,,,,0.014921248963802156,
Montana,2021-11-22,2021-11-27,3549.0,2058.0,0.7204846435615666,0.15897277925181488,1,3171.4680164603337,1.0,,,,,0.42011834319526625,
Montana,2021-11-29,2021-12-04,2268.0,2165.0,0.8364197530864198,0.17598813255938012,1,2177.335208588363,1.0,,,,,0.045414462081128745,
Montana,2021-12-06,2021-12-11,1914.0,1482.0,0.8625914315569488,0.06697856575198274,1,1872.1744401510725,1.0,,,,,0.22570532915360503,
Montana,2021-12-13,2021-12-18,1426.0,1046.0,1.1893408134642356,0.10074365685822814,1,1398.659820471446,1.0,,,,,0.2664796633941094,
Montana,2021-12-20,2021-12-25,999.0,905.0,1.2522522522522523,0.15816359973588812,1,909.139976880746,1.0,,,,,0.0940940940940941,
Montana,2021-12-27,2022-01-01,1012.0,2055.0,1.1422924901185771,0.12234965798732936,1,965.7031877278148,1.0,,,,,0.5075425790754258,
Montana,2022-01-03,2022-01-08,2836.0,5139.0,1.0105782792665727,0.13763958110307678,1,2723.7011003623684,1.0,,,,,0.448141661801907,
Montana,2022-01-10,2022-01-15,8525.0,9215.0,1.1903812316715543,0.003651890985841579,1,8524.331061485102,1.0,,,,,0.074877916440586,
Montana,2022-01-17,2022-01-22,13275.0,10015.0,1.080376647834275,0.03842572703430613,1,13250.113354564368,1.0,,,,,0.2455743879472693,
Montana,2022-01-24,2022-01-29,10573.0,16708.0,0.9877045304076421,0.05958332027436592,1,10440.67975920044,1.0,,,,,0.36718937036150345,
Montana,2022-01-31,2022-02-05,15793.0,11228.0,0.8014943329323118,0.004109961084728224,1,15794.181081323952,1.0,,,,,0.2890521116950548,
Montana,2022-02-07,2022-02-12,11264.0,6601.0,0.9072265625,0.12715953179602857,1,10937.95530710266,1.0,,,,,0.4139737215909091,
Montana,2022-02-14,2022-02-19,3843.0,5092.0,0.9146500130106687,0.454505076423781,3,3079.386951631046,0.27300432274637215,3717.587176602924,0.5167382763781906,7674.42857142857,0.21025740087543737,0.24528672427337,2.0
Montana,2022-02-21,2022-02-26,3700.0,4075.0,1.0354054054054054,0.2846415567217475,3,2386.7457817772793,0.27982656113058413,3647.9685039370106,0.5659364432675846,4970.71428571429,0.15423699560183118,0.09202453987730061,2.0
Montana,2022-02-28,2022-03-05,3135.0,5233.0,1.4433811802232854,0.3256419291929026,3,2905.4398200224946,0.51540925822733,3311.691788526431,0.2854175789171126,4182.2317210348665,0.19917316285555753,0.40091725587617044,3.0
Montana,2022-03-07,2022-03-12,5015.0,611.0,1.2229312063808575,0.4506865840129894,3,3984.869073700788,0.4995414016156845,6201.523501574804,0.19369707482476214,7098.74077,0.30676152355955344,0.8781655034895314,1.0
Montana,2022-03-14,2022-03-19,393.0,464.0,2.717557251908397,1.3659365873593854,1,547.891204468539,1.0,,,,,0.15301724137931033,
Montana,2022-03-21,2022-03-26,293.0,292.0,2.5972696245733786,0.5252837296324153,1,302.5860235665801,1.0,,,,,0.0034129692832764505,
Montana,2022-03-28,2022-04-02,273.0,224.0,1.52014652014652,0.5527543617854475,1,291.72374919039135,1.0,,,,,0.1794871794871795,
Montana,2022-04-04,2022-04-09,268.0,228.0,1.6343283582089552,0.4320169558231635,1,208.58172986160872,1.0,,,,,0.14925373134328357,
Montana,2022-04-11,2022-04-16,262.0,265.0,1.286259541984733,0.35724012338852046,1,262.15332258772435,1.0,,,,,0.011320754716981131,
Montana,2022-04-18,2022-04-23,221.0,375.0,2.248868778280543,0.5836837840598782,1,246.97425782276235,1.0,,,,,0.4106666666666667,
Montana,2022-04-25,2022-04-30,409.0,493.0,1.5770171149144254,0.4597803725821968,1,409.8069672440282,1.0,,,,,0.17038539553752535,
Montana,2022-05-02,2022-05-07,503.0,616.0,1.7236580516898607,0.32646091045151715,1,469.4396558097127,1.0,,,,,0.18344155844155843,
Montana,2022-05-09,2022-05-14,611.0,515.0,1.3960720130932898,0.09841483308481933,1,598.561743406837,1.0,,,,,0.15711947626841244,
Montana,2022-05-16,2022-05-21,607.0,1079.0,1.4036243822075782,0.4533500773488055,1,654.4127543712875,1.0,,,,,0.43744207599629287,
Montana,2022-05-23,2022-05-28,461.0,1305.0,1.7678958785249457,0.7305853478088077,1,431.10600207634263,1.0,,,,,0.6467432950191571,
Montana,2022-05-30,2022-06-04,1418.0,0.0,1.2968970380818055,0.1814332831156882,1,1438.7141108409555,1.0,,,,,1.0,
Montana,2022-06-06,2022-06-11,786.0,3468.0,2.1310432569974553,0.7358626345543013,1,650.5546972332139,1.0,,,,,0.773356401384083,
Montana,2022-06-13,2022-06-18,1800.0,2089.0,1.235,0.5057414028539455,1,1985.4964659740085,1.0,,,,,0.13834370512206798,
Montana,2022-06-20,2022-06-25,2426.0,1963.0,1.366859027205276,0.15245198132093193,1,2320.028169051692,1.0,,,,,0.19084913437757625,
Montana,2022-06-27,2022-07-02,1996.0,2128.0,1.4524048096192386,0.1622287106731665,1,2090.425976551629,1.0,,,,,0.06203007518796992,
Montana,2022-07-04,2022-07-09,2099.0,2200.0,1.396855645545498,0.2052075940539734,1,2262.0587746021665,1.0,,,,,0.045909090909090906,
Montana,2022-07-11,2022-07-16,2188.0,2681.0,1.6425959780621573,0.2573039154264488,1,2408.911119979999,1.0,,,,,0.18388660947407684,
Montana,2022-07-18,2022-07-23,2700.0,2314.0,1.1181481481481481,0.13310277895600367,1,2728.6684625489115,1.0,,,,,0.14296296296296296,
Montana,2022-07-25,2022-07-30,2423.0,2259.0,1.3375980189847296,0.10308503413261025,2,2336.8110236220473,0.8640769148740967,3026.992125984252,0.13592308512590337,,,0.06768468840280643,1.0
Montana,2022-08-01,2022-08-06,2256.0,2147.0,1.4676418439716312,0.1594628794467066,2,2270.6052955968007,0.7742927487786557,2879.834799440863,0.22570725122134427,,,0.04831560283687943,1.0
Montana,2022-08-08,2022-08-13,2138.0,1861.0,1.2717492984097287,0.20927926782818312,2,1549.7750244140625,0.11947190710384056,2142.8695049135704,0.8805280928961594,,,0.1295603367633302,2.0
Montana,2022-08-15,2022-08-20,1906.0,1848.0,1.431794333683106,0.27094194082237244,1,1881.0251487170465,1.0,,,,,0.030430220356768102,
Montana,2022-08-22,2022-08-27,1862.0,1714.0,1.0660580021482278,0.053135846677691764,1,1874.1936239455201,1.0,,,,,0.079484425349087,
Montana,2022-08-29,2022-09-03,1821.0,1392.0,1.1098297638660077,0.07686590812398472,1,1764.412426542846,1.0,,,,,0.2355848434925865,
Montana,2022-09-05,2022-09-10,1514.0,1148.0,1.2331571994715984,0.12250379903848238,1,1497.2976736892447,1.0,,,,,0.24174372523117568,
Montana,2022-09-12,2022-09-17,1240.0,1314.0,1.3830645161290323,0.1300530906187202,1,1219.4728443413505,1.0,,,,,0.0563165905631659,
Montana,2022-09-19,2022-09-24,1214.0,1429.0,1.1334431630971993,0.06201540560689746,1,1207.094260085232,1.0,,,,,0.1504548635409377,
Montana,2022-09-26,2022-10-01,1393.0,1279.0,1.139267767408471,0.1281250701324109,1,1346.6620787570444,1.0,,,,,0.08183776022972003,
Montana,2022-10-03,2022-10-08,1232.0,1099.0,0.9042207792207793,0.13482024222176248,1,1196.1691885022713,1.0,,,,,0.10795454545454546,
Montana,2022-10-10,2022-10-15,1110.0,0.0,1.2864864864864864,0.13438510148697347,1,1118.3946463260309,1.0,,,,,1.0,
Montana,2022-10-17,2022-10-22,1048.0,1979.0,1.3950381679389312,0.43900346212799407,1,814.1048847222655,1.0,,,,,0.47043961596766043,
Montana,2022-10-24,2022-10-29,1400.0,752.0,1.2692857142857144,0.2914357875403483,1,1472.4840399332336,1.0,,,,,0.46285714285714286,
Montana,2022-10-31,2022-11-05,1065.0,860.0,1.3830985915492957,0.13483056065615445,1,1069.1091905786698,1.0,,,,,0.19248826291079812,
Montana,2022-11-07,2022-11-12,894.0,0.0,1.2427293064876956,0.1316355681332958,1,885.7320470256757,1.0,,,,,1.0,
Montana,2022-11-14,2022-11-19,815.0,1714.0,1.638036809815951,0.48404997987011295,1,572.7367345060128,1.0,,,,,0.5245040840140023,
Montana,2022-11-21,2022-11-26,1143.0,954.0,1.3604549431321085,0.2950996448371021,1,1287.3542341754078,1.0,,,,,0.16535433070866143,
Montana,2022-11-28,2022-12-03,1145.0,934.0,1.3982532751091703,0.1450663866154156,1,1093.7579230140514,1.0,,,,,0.18427947598253275,
Montana,2022-12-05,2022-12-10,1017.0,0.0,1.67944936086529,0.22844824640476755,1,998.5015228428923,1.0,,,,,1.0,
Montana,2022-12-12,2022-12-17,577.0,2221.0,2.2547660311958406,0.7088743549573001,1,512.9304936692938,1.0,,,,,0.7402071139126519,
Montana,2022-12-19,2022-12-24,1353.0,1026.0,1.6164079822616408,0.4519280873580605,1,1554.2185989972165,1.0,,,,,0.24168514412416853,
Montana,2022-12-26,2022-12-31,1310.0,785.0,1.6358778625954198,0.1235345538726474,1,1289.6576538165016,1.0,,,,,0.40076335877862596,
Montana,2023-01-02,2023-01-07,1031.0,896.0,1.6042677012609117,0.23625830909602388,1,992.3187502732036,1.0,,,,,0.1309408341416101,
Montana,2023-01-09,2023-01-14,881.0,775.0,1.7150964812712826,0.3960945124938874,1,862.9644067112613,1.0,,,,,0.12031782065834279,
Montana,2023-01-16,2023-01-21,768.0,501.0,1.7838541666666667,0.2870826562202676,1,713.6796204148434,1.0,,,,,0.34765625,
Montana,2023-01-23,2023-01-28,551.0,525.0,2.0816696914700543,0.2602154988841474,1,576.9297129381863,1.0,,,,,0.047186932849364795,
Nebraska,2021-07-26,2021-07-31,1384.0,1611.0,1.453757225433526,0.14266165516440998,1,1330.5445059602257,1.0,,,,,0.1409062693978895,
Nebraska,2021-08-02,2021-08-07,1895.0,2619.0,1.2775725593667546,0.08702095408706487,1,1878.6412703242736,1.0,,,,,0.2764413898434517,
Nebraska,2021-08-09,2021-08-14,3068.0,1330.0,0.855606258148631,0.10614342426767678,1,3088.2260299821073,1.0,,,,,0.5664928292046936,
Nebraska,2021-08-16,2021-08-21,2833.0,5093.0,0.892340275326509,0.4070197770595217,1,2693.312815980633,1.0,,,,,0.44374631847634005,
Nebraska,2021-08-23,2021-08-28,4717.0,5006.0,0.6580453678185287,0.41886820507837963,1,5773.197019778264,1.0,,,,,0.05773072313224131,
Nebraska,2021-08-30,2021-09-04,5869.0,4822.0,0.5150792298517635,0.1013438172578934,1,5951.762825699918,1.0,,,,,0.1783949565513716,
Nebraska,2021-09-06,2021-09-11,4805.0,5760.0,0.7463059313215401,0.24365103869454832,1,5601.436617385847,1.0,,,,,0.1657986111111111,
Nebraska,2021-09-13,2021-09-18,5780.0,4707.0,0.7160899653979239,0.13239597530746636,1,5799.102036231496,1.0,,,,,0.1856401384083045,
Nebraska,2021-09-20,2021-09-25,4688.0,4688.0,0.5851109215017065,0.14356436568138098,1,4833.126294290202,1.0,,,,,0.0,
Nebraska,2021-09-27,2021-10-02,3774.0,4604.0,1.0333863275039745,0.13149584137202908,1,4006.4134285600594,1.0,,,,,0.18027801911381408,
Nebraska,2021-10-04,2021-10-09,4457.0,4471.0,0.7628449629795827,0.488891070667332,1,5186.897230981206,1.0,,,,,0.0031312905390293,
Nebraska,2021-10-11,2021-10-16,4376.0,4144.0,0.6405393053016454,0.11362920882040699,1,4317.671175076899,1.0,,,,,0.05301645338208409,
Nebraska,2021-10-18,2021-10-23,3852.0,3282.0,0.6778296988577363,0.16079603908413106,1,3506.160867957621,1.0,,,,,0.14797507788161993,
Nebraska,2021-10-25,2021-10-30,3139.0,5790.0,0.8767123287671232,0.09290093093851286,1,3118.3825861026116,1.0,,,,,0.45785837651122624,
Nebraska,2021-11-01,2021-11-06,3481.0,4516.0,1.2005170927894284,0.4920278679793728,1,4038.7477232545057,1.0,,,,,0.229185119574845,
Nebraska,2021-11-08,2021-11-13,5048.0,6824.0,0.7097860538827259,0.43515459017054464,1,6223.672637438162,1.0,,,,,0.26025791324736225,
Nebraska,2021-11-15,2021-11-20,6550.0,6461.0,0.7102290076335878,0.1847950661541408,1,7106.982169728184,1.0,,,,,0.013587786259541984,
Nebraska,2021-11-22,2021-11-27,6923.0,2791.0,0.8831431460349559,0.032845555635292636,1,6871.549067127745,1.0,,,,,0.596851076123068,
Nebraska,2021-11-29,2021-12-04,4294.0,8577.0,1.1425244527247322,0.42209542714928583,1,5370.366448052631,1.0,,,,,0.4993587501457386,
Nebraska,2021-12-06,2021-12-11,7686.0,7931.0,0.7326307572209212,0.20330096189232558,1,6886.442693898136,1.0,,,,,0.03089143865842895,
Nebraska,2021-12-13,2021-12-18,7648.0,5435.0,0.9767259414225942,0.10180702889548364,1,7800.779575004129,1.0,,,,,0.2893566945606695,
Nebraska,2021-12-20,2021-12-25,6238.0,3780.0,1.0782302019878167,0.1777119786191213,1,6334.94471550223,1.0,,,,,0.3940365501763386,
Nebraska,2021-12-27,2022-01-01,5401.0,7176.0,1.016478429920385,0.13034943899575707,1,5391.182109291199,1.0,,,,,0.24735228539576365,
Nebraska,2022-01-03,2022-01-08,8840.0,22064.0,0.968552036199095,0.13006828619341318,1,8766.804680965572,1.0,,,,,0.5993473531544597,
Nebraska,2022-01-10,2022-01-15,27816.0,23594.0,1.1713042853034226,0.006612442141660617,1,27810.169961404983,1.0,,,,,0.1517831463905666,
Nebraska,2022-01-17,2022-01-22,35450.0,29141.0,1.0916784203102963,0.02619340260371499,1,35421.19424874832,1.0,,,,,0.17796897038081805,
Nebraska,2022-01-24,2022-01-29,30380.0,22302.0,1.204641211323239,0.10031277231093477,1,31006.66762565967,1.0,,,,,0.2658986175115207,
Nebraska,2022-01-31,2022-02-05,22635.0,10435.0,0.8436492158162139,0.006070146984868014,1,22631.812259810256,1.0,,,,,0.5389882924674178,
Nebraska,2022-02-07,2022-02-12,13040.0,4868.0,0.8575920245398773,0.23413091486817905,1,11180.423037722534,1.0,,,,,0.6266871165644172,
Nebraska,2022-02-14,2022-02-19,3369.0,1940.0,1.2502226179875333,0.5223564304366216,1,3299.7200850221216,1.0,,,,,0.42416147224695755,
Nebraska,2022-02-21,2022-02-26,1371.0,968.0,1.7716994894237783,0.4625642280131102,1,1148.6912156239039,1.0,,,,,0.2939460247994165,
Nebraska,2022-02-28,2022-03-05,743.0,22625.0,2.266487213997308,0.4224886666346506,1,741.4571956256831,1.0,,,,,0.9671602209944752,
Nebraska,2022-03-07,2022-03-12,6108.0,650.0,4.235265225933202,0.9740712491331109,1,6280.941102278273,1.0,,,,,0.8935821872953503,
Nebraska,2022-03-14,2022-03-19,532.0,354.0,1.9116541353383458,2.8335070120320065,1,1385.068031847343,1.0,,,,,0.33458646616541354,
Nebraska,2022-03-21,2022-03-26,592.0,-15.0,3.4222972972972974,1.4986888924041513,1,1041.622323551339,1.0,,,,,1.025337837837838,
Nebraska,2022-03-28,2022-04-02,279.0,541.0,1.6236559139784945,0.6363460353440331,1,207.7999959596131,1.0,,,,,0.48428835489833644,
Nebraska,2022-04-04,2022-04-09,479.0,321.0,1.9269311064718162,0.5338255583601097,1,422.0831293794879,1.0,,,,,0.3298538622129436,
Nebraska,2022-04-11,2022-04-16,496.0,435.0,4.221774193548387,1.671939321236159,1,1036.8476598825034,1.0,,,,,0.12298387096774194,
Nebraska,2022-04-18,2022-04-23,369.0,701.0,2.2601626016260163,0.8024540691890152,1,485.1720037588177,1.0,,,,,0.47360912981455067,
Nebraska,2022-04-25,2022-04-30,637.0,808.0,2.2229199372056514,1.0109337909981029,1,801.2292529330194,1.0,,,,,0.21163366336633663,
Nebraska,2022-05-02,2022-05-07,1232.0,816.0,1.8814935064935066,0.5143716672620299,1,1174.3504724320785,1.0,,,,,0.33766233766233766,
Nebraska,2022-05-09,2022-05-14,961.0,1500.0,1.3454734651404787,0.19108297983033717,1,963.7229469687837,1.0,,,,,0.35933333333333334,
Nebraska,2022-05-16,2022-05-21,1794.0,3104.0,2.0273132664437012,0.5074529366099363,1,2093.3035784580384,1.0,,,,,0.4220360824742268,
Nebraska,2022-05-23,2022-05-28,2770.0,425.0,1.2545126353790614,0.34626933203227966,1,2267.7053133721847,1.0,,,,,0.8465703971119134,
Nebraska,2022-05-30,2022-06-04,1162.0,2276.0,3.378657487091222,0.9550003057708911,1,1526.3652321022937,1.0,,,,,0.48945518453427067,
Nebraska,2022-06-06,2022-06-11,2256.0,3240.0,2.390957446808511,0.22795380824027067,1,2286.649180410117,1.0,,,,,0.3037037037037037,
Nebraska,2022-06-13,2022-06-18,3214.0,2681.0,2.185127566894835,0.21410107301923473,1,3440.9647893303163,1.0,,,,,0.1658369632856254,
Nebraska,2022-06-20,2022-06-25,3071.0,3061.0,1.6773038098339303,0.24550626994980135,1,3431.0258620774375,1.0,,,,,0.0032562683165092803,
Nebraska,2022-06-27,2022-07-02,3278.0,3482.0,1.7538133007931667,0.15387593448554707,1,3578.1360657335367,1.0,,,,,0.05858701895462378,
Nebraska,2022-07-04,2022-07-09,3438.0,3535.0,1.7751599767306574,0.4341045855268285,1,3949.4217369813873,1.0,,,,,0.02743988684582744,
Nebraska,2022-07-11,2022-07-16,3349.0,4030.0,1.6106300388175574,0.22739931390694437,1,3237.415718271286,1.0,,,,,0.16898263027295285,
Nebraska,2022-07-18,2022-07-23,3783.0,3599.0,1.407877346021676,0.1356309436528495,1,3825.5028953307537,1.0,,,,,0.04863864657679091,
Nebraska,2022-07-25,2022-07-30,3591.0,4120.0,1.316624895572264,0.12417950711009568,1,3575.976136287128,1.0,,,,,0.12839805825242717,
Nebraska,2022-08-01,2022-08-06,3883.0,3726.0,1.3855266546484677,0.17232217417546944,1,3637.972804273614,1.0,,,,,0.04043265516353335,
Nebraska,2022-08-08,2022-08-13,3564.0,2907.0,1.2861952861952861,0.18531811893484673,2,1799.0,0.1029074564020436,3604.6827920008873,0.8970925435979564,,,0.18434343434343434,2.0
Nebraska,2022-08-15,2022-08-20,2911.0,2680.0,1.4445207832360014,0.26801296326299,2,1555.1170282595226,0.26511332259325193,2987.1621738855297,0.7348866774067481,,,0.07935417382342838,2.0
Nebraska,2022-08-22,2022-08-27,2631.0,2818.0,1.7362219688331433,0.3269602363232737,2,2617.038245219347,0.7349639435658272,4463.42857142857,0.26503605643417294,,,0.06635911994322215,1.0
Nebraska,2022-08-29,2022-09-03,2650.0,2936.0,1.6845283018867925,0.14692973891608152,1,2718.598180286905,1.0,,,,,0.09741144414168937,
Nebraska,2022-09-05,2022-09-10,2891.0,2121.0,2.047734347976479,0.37023604452647846,2,2762.031602636703,0.6898209479155691,4991.14324385318,0.31017905208443086,,,0.26634382566585957,1.0
Nebraska,2022-09-12,2022-09-17,2307.0,1772.0,1.8903337667967057,0.6478960330569394,2,2270.667586679534,0.7490039485625266,5582.5,0.25099605143747344,,,0.23190290420459472,1.0
Nebraska,2022-09-19,2022-09-24,1751.0,1424.0,1.9914334665905198,0.36641927140681185,2,1650.6614173228345,0.8656706132059514,3420.0,0.13432938679404854,,,0.18675042832667046,1.0
Nebraska,2022-09-26,2022-10-01,1311.0,1224.0,1.6132723112128147,0.2890659229067913,1,1337.1427790272712,1.0,,,,,0.06636155606407322,
Nebraska,2022-10-03,2022-10-08,1100.0,1028.0,1.59,0.14297231309395017,1,1134.1787493526506,1.0,,,,,0.06545454545454546,
Nebraska,2022-10-10,2022-10-15,950.0,895.0,1.731578947368421,0.24806934364896224,1,999.7019221994896,1.0,,,,,0.05789473684210526,
Nebraska,2022-10-17,2022-10-22,940.0,956.0,1.5074468085106383,0.10076941544999057,1,920.4662592145969,1.0,,,,,0.016736401673640166,
Nebraska,2022-10-24,2022-10-29,962.0,-6709.0,1.9948024948024947,0.24541084387285278,1,975.9560138538171,1.0,,,,,7.974012474012474,
Nebraska,2022-10-31,2022-11-05,872.0,1758.0,1.7259174311926606,0.6452526140471753,1,880.6856370130788,1.0,,,,,0.5039817974971559,
Nebraska,2022-11-07,2022-11-12,1498.0,1735.0,1.6755674232309747,0.2621043791011075,1,1518.6218869499876,1.0,,,,,0.13659942363112393,
Nebraska,2022-11-14,2022-11-19,1860.0,1996.0,1.6086021505376344,7.7097267322288525,1,4646.311077065288,1.0,,,,,0.06813627254509018,
Nebraska,2022-11-21,2022-11-26,2019.0,2036.0,1.411589895988113,0.14098177912229987,1,1882.1898515128705,1.0,,,,,0.008349705304518664,
Nebraska,2022-11-28,2022-12-03,2081.0,1974.0,1.6991830850552618,0.2132529633203165,1,2213.9219436536796,1.0,,,,,0.05141758769822201,
Nebraska,2022-12-05,2022-12-10,2099.0,3618.0,1.6912815626488804,0.2066174401919999,1,2295.7132287805716,1.0,,,,,0.419845218352681,
Nebraska,2022-12-12,2022-12-17,3762.0,2737.0,1.6772993088782562,0.15758605309699325,1,3951.960868922928,1.0,,,,,0.27246145667198296,
Nebraska,2022-12-19,2022-12-24,2855.0,3888.0,1.4816112084063047,0.1752352100591522,1,2780.785220893613,1.0,,,,,0.2656893004115226,
Nebraska,2022-12-26,2022-12-31,3907.0,1736.0,1.5392884566163296,0.14826088460004763,1,3998.4092899037532,1.0,,,,,0.5556693114921935,
Nebraska,2023-01-02,2023-01-07,2454.0,1414.0,1.7074164629176853,0.3375439504113508,1,2387.912433402453,1.0,,,,,0.42379788101059496,
Nebraska,2023-01-09,2023-01-14,1414.0,1475.0,1.7376237623762376,0.2925542076384031,1,1439.7506949487838,1.0,,,,,0.04135593220338983,
Nebraska,2023-01-16,2023-01-21,1342.0,920.0,1.786140089418778,0.2452331771603076,1,1175.3958486237796,1.0,,,,,0.3144560357675112,
Nebraska,2023-01-23,2023-01-28,919.0,794.0,2.14689880304679,0.2394256712840914,1,950.0143833186521,1.0,,,,,0.13601741022850924,
Nevada,2021-07-26,2021-07-31,7628.0,7358.0,0.5187467226009439,0.11115055290984258,1,7323.8661827021015,1.0,,,,,0.035395909805977975,
Nevada,2021-08-02,2021-08-07,9463.0,7173.0,0.5407376096375357,0.07247250931597211,1,9281.796736857714,1.0,,,,,0.24199513896227412,
Nevada,2021-08-09,2021-08-14,9210.0,7552.0,0.8055374592833876,0.12066772251425453,1,8845.815408706418,1.0,,,,,0.1800217155266015,
Nevada,2021-08-16,2021-08-21,7500.0,7574.0,0.51,0.06836514851272357,1,7710.094807940984,1.0,,,,,0.009770266701874836,
Nevada,2021-08-23,2021-08-28,7563.0,7859.0,0.44254925294195424,0.08037686726004013,1,7910.914438699523,1.0,,,,,0.03766382491411121,
Nevada,2021-08-30,2021-09-04,7852.0,8036.0,0.36411105450840553,0.054526078450296896,1,8122.657890278377,1.0,,,,,0.022896963663514187,
Nevada,2021-09-06,2021-09-11,8091.0,7306.0,0.3887034977135088,0.07247286960291714,1,8144.921769951584,1.0,,,,,0.09702138178222716,
Nevada,2021-09-13,2021-09-18,6797.0,8203.0,0.5158158010887156,0.12426235041950391,1,6792.433977662078,1.0,,,,,0.17140070705839328,
Nevada,2021-09-20,2021-09-25,8060.0,6392.0,0.4392059553349876,0.07747967640169726,1,7934.7555563733295,1.0,,,,,0.20694789081885856,
Nevada,2021-09-27,2021-10-02,6347.0,5833.0,1.0368678115645187,0.12625979365155324,1,5957.973684266749,1.0,,,,,0.0809831416417205,
Nevada,2021-10-04,2021-10-09,5083.0,4078.0,0.6086956521739131,0.08018582452388145,1,5135.9539480741205,1.0,,,,,0.19771788313987804,
Nevada,2021-10-11,2021-10-16,3659.0,4258.0,0.8428532385897787,0.11585406273225993,1,3626.339661631574,1.0,,,,,0.14067637388445278,
Nevada,2021-10-18,2021-10-23,3872.0,4233.0,0.9139979338842975,0.0963567964187074,1,3893.814753337926,1.0,,,,,0.08528230569336168,
Nevada,2021-10-25,2021-10-30,3892.0,3318.0,0.8897738951695786,0.1058244056468345,1,3786.3752335912927,1.0,,,,,0.1474820143884892,
Nevada,2021-11-01,2021-11-06,3480.0,5425.0,0.968103448275862,0.1364715972473108,1,3374.541908208965,1.0,,,,,0.3585253456221198,
Nevada,2021-11-08,2021-11-13,4862.0,4105.0,0.783833813245578,0.17699827388960004,1,4657.179560871085,1.0,,,,,0.15569724393253806,
Nevada,2021-11-15,2021-11-20,4455.0,4427.0,0.7970819304152638,0.03367676173983528,1,4400.036228332487,1.0,,,,,0.006285072951739619,
Nevada,2021-11-22,2021-11-27,4372.0,2807.0,0.7159194876486734,0.04151577757339997,1,4357.590175382079,1.0,,,,,0.3579597438243367,
Nevada,2021-11-29,2021-12-04,3668.0,4977.0,0.9051254089422028,0.15003522225669907,1,3557.8196892210367,1.0,,,,,0.2630098452883263,
Nevada,2021-12-06,2021-12-11,3835.0,4428.0,0.7713168187744459,0.14124046124949965,1,3987.7802409091773,1.0,,,,,0.13392050587172538,
Nevada,2021-12-13,2021-12-18,4589.0,4568.0,0.828285029418174,0.03812393631206082,1,4588.02824145767,1.0,,,,,0.004576160383525822,
Nevada,2021-12-20,2021-12-25,4668.0,5070.0,1.008783204798629,0.09680464906150903,1,4840.527292840865,1.0,,,,,0.07928994082840236,
Nevada,2021-12-27,2022-01-01,6476.0,10618.0,0.8953057442865967,0.11835405616549528,1,6597.57801476042,1.0,,,,,0.39009229610096063,
Nevada,2022-01-03,2022-01-08,16438.0,24831.0,1.0259155615038327,0.10096963595773438,1,16494.477890034705,1.0,,,,,0.33800491321332204,
Nevada,2022-01-10,2022-01-15,37534.0,39726.0,1.148904992806522,0.0038080244854484463,1,37533.06558747681,1.0,,,,,0.05517796908825454,
Nevada,2022-01-17,2022-01-22,49162.0,65307.0,1.0703592205361865,0.02695008713001161,1,49079.77625394748,1.0,,,,,0.24721699052168986,
Nevada,2022-01-24,2022-01-29,66405.0,33583.0,0.8822829606204352,0.10081783564834772,1,70688.04994189211,1.0,,,,,0.49427000978841956,
Nevada,2022-01-31,2022-02-05,38598.0,17123.0,0.9925643815741748,0.014669055893606264,1,38586.00983815978,1.0,,,,,0.5563759780299498,
Nevada,2022-02-07,2022-02-12,16740.0,8111.0,1.0050776583034648,0.2534263030089953,1,15196.526904728606,1.0,,,,,0.5154719235364397,
Nevada,2022-02-14,2022-02-19,5058.0,4023.0,1.293594306049822,0.47173636062433194,1,4793.89709487422,1.0,,,,,0.20462633451957296,
Nevada,2022-02-21,2022-02-26,2643.0,4042.0,1.5175936435868331,0.4355253080630997,1,2502.4600578893314,1.0,,,,,0.3461157842652152,
Nevada,2022-02-28,2022-03-05,2916.0,3959.0,1.679355281207133,0.6296401002509507,1,3211.460525870697,1.0,,,,,0.26345036625410456,
Nevada,2022-03-07,2022-03-12,3224.0,2708.0,1.4637096774193548,0.5114732178273886,1,3147.749547997866,1.0,,,,,0.1600496277915633,
Nevada,2022-03-14,2022-03-19,2582.0,22794.0,1.7323780015491868,0.3808540082269454,1,1966.938108470541,1.0,,,,,0.8867245766429762,
Nevada,2022-03-21,2022-03-26,7942.0,1115.0,2.9994963485268196,1.687033360337146,1,11728.048766645556,1.0,,,,,0.8596071518509192,
Nevada,2022-03-28,2022-04-02,1661.0,1166.0,1.6556291390728477,0.8966969187682746,1,1838.7669044129548,1.0,,,,,0.2980132450331126,
Nevada,2022-04-04,2022-04-09,1269.0,1170.0,1.8400315208825848,1.1185137793245423,1,1372.0897349690129,1.0,,,,,0.07801418439716312,
Nevada,2022-04-11,2022-04-16,1076.0,1199.0,1.712825278810409,1.148322817270866,1,1458.585623245896,1.0,,,,,0.10258548790658882,
Nevada,2022-04-18,2022-04-23,1297.0,1233.0,2.084811102544333,1.1942058447714705,1,1783.7069779338287,1.0,,,,,0.04934464148033924,
Nevada,2022-04-25,2022-04-30,1411.0,1944.0,1.5662650602409638,0.6136958797063605,1,1539.0936737525894,1.0,,,,,0.2741769547325103,
Nevada,2022-05-02,2022-05-07,1469.0,2425.0,1.8441116405718176,0.37849648274431397,1,1455.8887108816643,1.0,,,,,0.39422680412371136,
Nevada,2022-05-09,2022-05-14,2502.0,3264.0,1.4004796163069544,0.20035543074088527,1,2452.640994558381,1.0,,,,,0.23345588235294118,
Nevada,2022-05-16,2022-05-21,3169.0,4400.0,1.2107920479646577,0.32438248745338655,1,3120.8539153392826,1.0,,,,,0.2797727272727273,
Nevada,2022-05-23,2022-05-28,4554.0,6257.0,1.2351778656126482,0.18601256917401424,1,4324.12526447906,1.0,,,,,0.2721751638165255,
Nevada,2022-05-30,2022-06-04,6416.0,7239.0,1.0269638403990025,0.1228816256391244,1,6443.948291512083,1.0,,,,,0.11368973615140213,
Nevada,2022-06-06,2022-06-11,7556.0,6843.0,0.9376654314452091,0.13306015581012895,1,7222.069833834802,1.0,,,,,0.09436209634727369,
Nevada,2022-06-13,2022-06-18,7195.0,9276.0,0.8029186935371786,0.09293633146885694,1,7025.123825548237,1.0,,,,,0.22434238896075895,
Nevada,2022-06-20,2022-06-25,8345.0,7224.0,1.1077291791491912,0.1570314635492898,1,8111.138263266081,1.0,,,,,0.13433193529059317,
Nevada,2022-06-27,2022-07-02,7332.0,8238.0,1.0951991271140207,0.12546382191976602,2,7200.281889763779,0.644807438430582,8204.97716535433,0.35519256156941814,,,0.1099781500364166,2.0
Nevada,2022-07-04,2022-07-09,7983.0,8199.0,1.1399223349617937,0.12818851582755816,2,4921.35552440945,0.11112204555499104,8029.580066141733,0.8888779544450088,,,0.026344676180021953,2.0
Nevada,2022-07-11,2022-07-16,8201.0,7775.0,1.386660163394708,0.13634710607754216,2,4866.35,0.13420130847203865,8244.932297489533,0.8657986915279613,,,0.05194488477014998,2.0
Nevada,2022-07-18,2022-07-23,7669.0,7233.0,0.9097665927761116,0.07901021056750995,1,7549.192659854393,1.0,,,,,0.05685226235493546,
Nevada,2022-07-25,2022-07-30,6938.0,29452.0,0.8793600461228019,0.0852720079705071,1,6878.478965526629,1.0,,,,,0.7644302594051338,
Nevada,2022-08-01,2022-08-06,9550.0,4493.0,1.2993717277486911,0.9241697911079735,1,12539.07643929477,1.0,,,,,0.5295287958115183,
Nevada,2022-08-08,2022-08-13,5987.0,3495.0,1.9169868047436112,0.3028597020174162,1,6003.624020765039,1.0,,,,,0.4162351762151328,
Nevada,2022-08-15,2022-08-20,3566.0,2616.0,1.699383062254627,0.4346992131170394,1,3271.1934307698175,1.0,,,,,0.266404935501963,
Nevada,2022-08-22,2022-08-27,2954.0,2547.0,1.3320920785375763,0.21842275073835185,1,2876.328916239845,1.0,,,,,0.13777928232904535,
Nevada,2022-08-29,2022-09-03,2395.0,2188.0,1.3954070981210855,0.2566993141374007,1,2225.3056785387903,1.0,,,,,0.08643006263048017,
Nevada,2022-09-05,2022-09-10,1783.0,1687.0,1.6287156477846327,0.23554299691710073,1,1881.127916966107,1.0,,,,,0.0538418395961862,
Nevada,2022-09-12,2022-09-17,1682.0,0.0,1.4821640903686089,0.25704105130043464,1,1576.6039058555298,1.0,,,,,1.0,
Nevada,2022-09-19,2022-09-24,1026.0,3286.0,1.3333333333333333,0.5281629436135415,1,698.3464584099006,1.0,,,,,0.6877662811929397,
Nevada,2022-09-26,2022-10-01,1726.0,520.0,1.2549246813441484,0.5674336879940773,1,2152.617553770975,1.0,,,,,0.6987253765932793,
Nevada,2022-10-03,2022-10-08,1064.0,1283.0,1.5761278195488722,0.38239519340275685,1,1074.9417018049228,1.0,,,,,0.17069368667186283,
Nevada,2022-10-10,2022-10-15,1184.0,1130.0,1.2880067567567568,0.49644727386976034,1,1224.8014751484252,1.0,,,,,0.04560810810810811,
Nevada,2022-10-17,2022-10-22,1087.0,1555.0,1.6596136154553818,0.22794973728389453,1,1069.2562485259853,1.0,,,,,0.3009646302250804,
Nevada,2022-10-24,2022-10-29,1457.0,1660.0,1.2168840082361017,0.19168053486699452,1,1577.2789431194656,1.0,,,,,0.12228915662650602,
Nevada,2022-10-31,2022-11-05,1750.0,1740.0,1.2074285714285715,0.11437916634075572,1,1765.5607577104897,1.0,,,,,0.005714285714285714,
Nevada,2022-11-07,2022-11-12,1744.0,2773.0,1.3577981651376148,0.16834226857982865,1,1804.0909258357512,1.0,,,,,0.3710782545979084,
Nevada,2022-11-14,2022-11-19,2822.0,2064.0,1.3384124734231042,0.21480974177387374,1,2833.2771322117865,1.0,,,,,0.26860382707299785,
Nevada,2022-11-21,2022-11-26,2286.0,2209.0,1.2489063867016623,0.15288768142397735,1,2275.91959743892,1.0,,,,,0.0336832895888014,
Nevada,2022-11-28,2022-12-03,2281.0,2660.0,1.4392810170977641,0.14047807597339176,1,2235.2810193680675,1.0,,,,,0.1424812030075188,
Nevada,2022-12-05,2022-12-10,2514.0,4224.0,1.2541766109785202,0.16135967327987627,1,2553.6153397499756,1.0,,,,,0.40482954545454547,
Nevada,2022-12-12,2022-12-17,4523.0,3014.0,1.6466946716780897,0.20991445093986993,1,4587.4642864163425,1.0,,,,,0.3336281229272607,
Nevada,2022-12-19,2022-12-24,3199.0,2473.0,1.2169427946233198,0.09310427446615435,1,3155.1417174688377,1.0,,,,,0.22694592060018756,
Nevada,2022-12-26,2022-12-31,2515.0,2001.0,1.4846918489065606,0.19287222358969594,1,2284.564786226547,1.0,,,,,0.2043737574552684,
Nevada,2023-01-02,2023-01-07,2213.0,2105.0,1.4066877541798464,0.1256811805110382,1,2168.9976890964163,1.0,,,,,0.048802530501581565,
Nevada,2023-01-09,2023-01-14,2555.0,2012.0,1.8129158512720156,0.3460609145344493,1,2731.1660926508534,1.0,,,,,0.21252446183953033,
Nevada,2023-01-16,2023-01-21,1923.0,1263.0,1.7264690587623506,0.354924919940287,1,1896.0483895453096,1.0,,,,,0.34321372854914195,
Nevada,2023-01-23,2023-01-28,1346.0,1419.0,1.712481426448737,0.304113539277909,1,1296.294886941461,1.0,,,,,0.05144467935165609,
New Hampshire,2021-07-26,2021-07-31,320.0,505.0,2.05625,0.08972501850470832,1,312.85880498821143,1.0,,,,,0.36633663366336633,
New Hampshire,2021-08-02,2021-08-07,766.0,1005.0,1.6997389033942558,0.0914311871825033,1,744.6652057161945,1.0,,,,,0.23781094527363184,
New Hampshire,2021-08-09,2021-08-14,1511.0,1239.0,1.342819324950364,0.1979058059703366,1,1550.540958393868,1.0,,,,,0.1800132362673726,
New Hampshire,2021-08-16,2021-08-21,1753.0,1670.0,0.7860810039931546,0.19749772101410085,1,1803.440256047584,1.0,,,,,0.047347404449515115,
New Hampshire,2021-08-23,2021-08-28,2065.0,1954.0,0.46440677966101696,0.1893080036124547,1,2139.357292619691,1.0,,,,,0.05375302663438257,
New Hampshire,2021-08-30,2021-09-04,2211.0,2188.0,0.32654907281772955,0.08764180561212664,1,2336.1380671118554,1.0,,,,,0.010402532790592492,
New Hampshire,2021-09-06,2021-09-11,2403.0,2398.0,0.4094881398252185,0.09215300066350052,1,2377.1595642935517,1.0,,,,,0.0020807324178110697,
New Hampshire,2021-09-13,2021-09-18,2407.0,3211.0,0.6551724137931034,0.15668149342787002,1,2480.99252063509,1.0,,,,,0.2503892868265338,
New Hampshire,2021-09-20,2021-09-25,3509.0,3132.0,0.5822171558848674,0.12826995688524345,1,3509.913303801735,1.0,,,,,0.10743801652892562,
New Hampshire,2021-09-27,2021-10-02,3138.0,3309.0,1.034416826003824,0.10375870045689263,1,3284.716002719014,1.0,,,,,0.051677243880326386,
New Hampshire,2021-10-04,2021-10-09,3281.0,3445.0,0.5367266077415422,0.136974815697272,1,3328.2883536472546,1.0,,,,,0.04760522496371553,
New Hampshire,2021-10-11,2021-10-16,3453.0,3839.0,0.5887633941500144,0.08552066663454706,1,3496.881449617948,1.0,,,,,0.10054701745246158,
New Hampshire,2021-10-18,2021-10-23,3838.0,3743.0,0.6425221469515373,0.07367391228750576,1,3895.412586153392,1.0,,,,,0.024752475247524754,
New Hampshire,2021-10-25,2021-10-30,3898.0,651.0,0.7021549512570548,0.11674136266727697,1,3795.3214013164093,1.0,,,,,0.8329912775782452,
New Hampshire,2021-11-01,2021-11-06,1107.0,6883.0,1.2231255645889791,0.6799412135471894,1,1408.1455938604752,1.0,,,,,0.8391689670201947,
New Hampshire,2021-11-08,2021-11-13,4699.0,5302.0,0.5369227495211747,0.40926341408789,1,4284.243350065459,1.0,,,,,0.11373066767257639,
New Hampshire,2021-11-15,2021-11-20,5205.0,6187.0,0.7877041306436119,0.12190249043413455,1,5626.082510800807,1.0,,,,,0.15871989655729757,
New Hampshire,2021-11-22,2021-11-27,6168.0,4898.0,0.5559338521400778,0.11224097198194229,1,6118.958883834674,1.0,,,,,0.20590142671854733,
New Hampshire,2021-11-29,2021-12-04,4818.0,9863.0,0.5803237858032378,0.2395273599079172,3,4792.242695748031,0.6366603734776112,5370.755462677165,0.2366029506164759,7414.833905826771,0.1267366759059129,0.5115076548717429,3.0
New Hampshire,2021-12-06,2021-12-11,6678.0,8882.0,0.821203953279425,0.2520219066660624,3,4414.821225346554,0.27280859985323,6554.7592883172765,0.3925744278220083,7857.330283169022,0.33461697232476173,0.24814231029047512,3.0
New Hampshire,2021-12-13,2021-12-18,8982.0,8600.0,0.6597639723892229,0.1228877201405897,3,7781.592677437306,0.40360481302810475,9175.686615469964,0.20837911036241538,9738.686090444691,0.38801607660947973,0.042529503451347137,2.0
New Hampshire,2021-12-20,2021-12-25,8834.0,6931.0,0.7395290921439891,0.13360583405235238,3,7792.734259059866,0.34955590686617627,8953.36050019692,0.41214517525988503,10607.252893817225,0.23829891787393873,0.21541770432420196,1.0
New Hampshire,2021-12-27,2022-01-01,7678.0,8680.0,0.735608231310237,0.051322135256180346,1,7653.2369314992575,1.0,,,,,0.11543778801843319,
New Hampshire,2022-01-03,2022-01-08,8140.0,15905.0,0.9201474201474201,0.023498499597171204,1,8136.78409972301,1.0,,,,,0.4882112543225401,
New Hampshire,2022-01-10,2022-01-15,18001.0,21326.0,1.1654352535970225,0.008095090703703865,1,17998.00124345392,1.0,,,,,0.1559129700834662,
New Hampshire,2022-01-17,2022-01-22,29882.0,21897.0,1.0922963657051068,0.03885643337448926,1,29750.420659285544,1.0,,,,,0.26721772304397295,
New Hampshire,2022-01-24,2022-01-29,20150.0,14697.0,0.9687344913151364,0.03485105660070798,1,20160.745908401346,1.0,,,,,0.27062034739454094,
New Hampshire,2022-01-31,2022-02-05,13626.0,8808.0,1.0273741376779686,0.010476575580087152,1,13622.91295304326,1.0,,,,,0.35358872743284897,
New Hampshire,2022-02-07,2022-02-12,8840.0,6891.0,0.744343891402715,0.19005580132813582,1,8223.669310331672,1.0,,,,,0.22047511312217194,
New Hampshire,2022-02-14,2022-02-19,4912.0,5506.0,0.9979641693811075,0.2022270625273376,3,4200.705286839144,0.38542211913893004,4925.715410573675,0.4043204799856326,6705.28571428571,0.21025740087543737,0.10788231020704686,2.0
New Hampshire,2022-02-21,2022-02-26,4440.0,4032.0,0.7817567567567567,0.27200807528368,3,3058.749443417203,0.27982656113058413,4359.5134276499975,0.24903691972636235,5247.840051028492,0.47113651914305354,0.0918918918918919,2.0
New Hampshire,2022-02-28,2022-03-05,3352.0,1484.0,1.807875894988067,0.2551928060969742,3,2789.2263065023294,0.32848566558386283,3303.607111001553,0.24563795055537502,4306.649679775039,0.4258763838607621,0.5572792362768496,1.0
New Hampshire,2022-03-07,2022-03-12,852.0,786.0,3.1232394366197185,0.8002472225415178,1,857.3355147977636,1.0,,,,,0.07746478873239436,
New Hampshire,2022-03-14,2022-03-19,937.0,942.0,1.8313767342582712,0.3519386154294267,1,797.1135009172574,1.0,,,,,0.005307855626326964,
New Hampshire,2022-03-21,2022-03-26,551.0,836.0,2.4809437386569875,0.4537595545341428,1,501.55171657214146,1.0,,,,,0.3409090909090909,
New Hampshire,2022-03-28,2022-04-02,820.0,764.0,0.7695121951219512,0.40688115188559093,2,79.96512935883024,0.1638894076227377,866.6805399325107,0.8361105923772624,,,0.06829268292682927,2.0
New Hampshire,2022-04-04,2022-04-09,778.0,1214.0,1.4588688946015425,0.5032852103949556,2,41.067898415645985,0.24250953501729175,825.3764445476095,0.7574904649827083,,,0.35914332784184516,2.0
New Hampshire,2022-04-11,2022-04-16,1174.0,1656.0,1.4369676320272573,0.5079138917905702,2,1084.4343669925106,0.6828960936621025,2245.51422896755,0.3171039063378976,,,0.29106280193236717,1.0
New Hampshire,2022-04-18,2022-04-23,1449.0,2117.0,1.5175983436853002,0.33474067348794806,1,1348.7912508500663,1.0,,,,,0.31554085970713275,
New Hampshire,2022-04-25,2022-04-30,2201.0,2454.0,1.3493866424352567,0.2054702516743179,1,2098.8662067700866,1.0,,,,,0.10309698451507743,
New Hampshire,2022-05-02,2022-05-07,2535.0,3306.0,1.1652859960552269,0.362537628751494,1,2127.411209169104,1.0,,,,,0.23321234119782214,
New Hampshire,2022-05-09,2022-05-14,3391.0,3403.0,0.8472427012680626,0.12392826527774115,1,3323.1535573687925,1.0,,,,,0.003526300323244196,
New Hampshire,2022-05-16,2022-05-21,3734.0,3754.0,0.8891269416175683,0.29697298150590745,1,3389.7093734357186,1.0,,,,,0.005327650506126798,
New Hampshire,2022-05-23,2022-05-28,4032.0,3928.0,1.5518353174603174,0.2839543347763297,1,3775.9523240310327,1.0,,,,,0.025793650793650792,
New Hampshire,2022-05-30,2022-06-04,4144.0,2237.0,0.7729247104247104,0.15758914880389413,2,3188.9527559055123,0.21470284367028183,4268.881889763779,0.7852971563297182,,,0.46018339768339767,1.0
New Hampshire,2022-06-06,2022-06-11,2176.0,1709.0,1.2587316176470589,0.2228237964801327,2,1785.3364584764017,0.5098909417908946,2431.552541935635,0.49010905820910555,,,0.21461397058823528,1.0
New Hampshire,2022-06-13,2022-06-18,1837.0,1366.0,1.4610778443113772,0.2179901023979744,2,1322.1835422447705,0.3338304512526001,2228.9463760856543,0.6661695487473999,,,0.25639629831246596,1.0
New Hampshire,2022-06-20,2022-06-25,1389.0,1144.0,1.1958243340532757,0.2131727854199405,1,1563.896395979352,1.0,,,,,0.17638588912886968,
New Hampshire,2022-06-27,2022-07-02,1133.0,1535.0,1.4836716681376876,0.3396265636978501,1,1205.9388039356863,1.0,,,,,0.26188925081433223,
New Hampshire,2022-07-04,2022-07-09,1521.0,1425.0,1.170940170940171,0.2084425959288459,1,1491.9188979824007,1.0,,,,,0.0631163708086785,
New Hampshire,2022-07-11,2022-07-16,1450.0,1673.0,1.3075862068965518,0.2620773925932914,1,1548.4769044103189,1.0,,,,,0.1332934847579199,
New Hampshire,2022-07-18,2022-07-23,1646.0,983.0,1.0704738760631836,0.15240108119082768,1,1729.733372729604,1.0,,,,,0.40279465370595385,
New Hampshire,2022-07-25,2022-07-30,1251.0,1858.0,1.2941646682653878,0.20698883466321716,1,1275.3761781037456,1.0,,,,,0.32669537136706134,
New Hampshire,2022-08-01,2022-08-06,1869.0,1463.0,1.6431246655965757,0.19215184826032733,1,1779.9452456465563,1.0,,,,,0.21722846441947566,
New Hampshire,2022-08-08,2022-08-13,1504.0,1373.0,1.4534574468085106,0.2359920657943181,1,1534.9491289090718,1.0,,,,,0.08710106382978723,
New Hampshire,2022-08-15,2022-08-20,1393.0,1326.0,1.2648959081119886,0.15961623329149438,1,1322.567399378198,1.0,,,,,0.04809763101220388,
New Hampshire,2022-08-22,2022-08-27,1382.0,1026.0,1.2930535455861072,0.0486339706857584,1,1383.7339594882003,1.0,,,,,0.2575976845151954,
New Hampshire,2022-08-29,2022-09-03,1054.0,1332.0,1.5910815939278937,0.22297907266535147,1,1054.8863751606025,1.0,,,,,0.2087087087087087,
New Hampshire,2022-09-05,2022-09-10,1192.0,1188.0,1.639261744966443,0.18984956844800716,1,1234.625460022522,1.0,,,,,0.003355704697986577,
New Hampshire,2022-09-12,2022-09-17,1203.0,1198.0,1.261014131338321,0.21062401537638265,1,1207.6843884943792,1.0,,,,,0.004156275976724855,
New Hampshire,2022-09-19,2022-09-24,1164.0,1689.0,1.2852233676975946,0.090696234031407,1,1147.3532247910825,1.0,,,,,0.3108348134991119,
New Hampshire,2022-09-26,2022-10-01,1525.0,1455.0,1.1239344262295081,0.15517426482527905,1,1515.1860347025993,1.0,,,,,0.04590163934426229,
New Hampshire,2022-10-03,2022-10-08,1504.0,1576.0,1.0565159574468086,0.1282082059997382,1,1580.1740905122601,1.0,,,,,0.04568527918781726,
New Hampshire,2022-10-10,2022-10-15,1524.0,1458.0,1.3241469816272966,0.16424929041635913,1,1439.7292288194028,1.0,,,,,0.04330708661417323,
New Hampshire,2022-10-17,2022-10-22,1506.0,2047.0,1.4375830013280213,0.08911567188567775,1,1498.0729870345758,1.0,,,,,0.2642892037127504,
New Hampshire,2022-10-24,2022-10-29,2155.0,1433.0,1.1081206496519722,0.10754316586389547,1,2133.3298966749885,1.0,,,,,0.33503480278422276,
New Hampshire,2022-10-31,2022-11-05,1483.0,1132.0,1.3668240053944707,0.15620821132324164,1,1502.707486812678,1.0,,,,,0.23668240053944706,
New Hampshire,2022-11-07,2022-11-12,1223.0,1020.0,1.2935404742436631,0.2154626831417765,1,1179.4608719536807,1.0,,,,,0.16598528209321342,
New Hampshire,2022-11-14,2022-11-19,1118.0,879.0,1.3595706618962433,0.0899304176269779,1,1108.4279104468314,1.0,,,,,0.21377459749552774,
New Hampshire,2022-11-21,2022-11-26,841.0,580.0,1.4054696789536267,0.20858562908789965,1,819.3836047626822,1.0,,,,,0.3103448275862069,
New Hampshire,2022-11-28,2022-12-03,638.0,1412.0,1.5470219435736676,0.3752468122531562,1,667.4022477312965,1.0,,,,,0.5481586402266289,
New Hampshire,2022-12-05,2022-12-10,1273.0,1139.0,1.2175962293794187,0.8407605844402767,1,1576.8701413178414,1.0,,,,,0.10526315789473684,
New Hampshire,2022-12-12,2022-12-17,1098.0,1502.0,1.9335154826958105,0.15500114187716774,1,1139.1272869846066,1.0,,,,,0.26897470039946736,
New Hampshire,2022-12-19,2022-12-24,1408.0,1585.0,1.2897727272727273,0.15623441720987932,1,1511.1676175295097,1.0,,,,,0.11167192429022083,
New Hampshire,2022-12-26,2022-12-31,1573.0,1426.0,1.5441830896376352,0.06568819347915165,1,1616.8153076425356,1.0,,,,,0.09345200254291164,
New Hampshire,2023-01-02,2023-01-07,1498.0,1826.0,1.4686248331108145,0.09132948863758635,1,1541.6792263871394,1.0,,,,,0.1796276013143483,
New Hampshire,2023-01-09,2023-01-14,1765.0,1556.0,1.296317280453258,0.30752205604093125,1,1636.317641939391,1.0,,,,,0.11841359773371105,
New Hampshire,2023-01-16,2023-01-21,1416.0,1197.0,1.42090395480226,0.22665181165606718,1,1361.6610458332198,1.0,,,,,0.15466101694915255,
New Hampshire,2023-01-23,2023-01-28,1143.0,797.0,1.5931758530183726,0.1968707335760752,1,1157.858108402198,1.0,,,,,0.3027121609798775,
New Jersey,2021-07-26,2021-07-31,7634.0,6237.0,4.0492533403196225,0.08341799315841013,1,7441.012752138927,1.0,,,,,0.1829971181556196,
New Jersey,2021-08-02,2021-08-07,10318.0,8700.0,1.284745105640628,0.11362007429016063,1,10107.709369122056,1.0,,,,,0.15681333591781352,
New Jersey,2021-08-09,2021-08-14,13679.0,11607.0,0.9350098691424812,0.16230971185750467,1,13351.471378124274,1.0,,,,,0.15147306089626433,
New Jersey,2021-08-16,2021-08-21,14333.0,13196.0,0.8383450777925068,0.0896928123324572,1,14392.885741863234,1.0,,,,,0.0793274262192144,
New Jersey,2021-08-23,2021-08-28,15481.0,13624.0,0.5708933531425618,0.08548828367530184,1,15683.136345008306,1.0,,,,,0.11995349137652607,
New Jersey,2021-08-30,2021-09-04,14707.0,14294.0,0.5346433671041001,0.0762240207148303,1,14808.841086329056,1.0,,,,,0.028081865778200855,
New Jersey,2021-09-06,2021-09-11,14287.0,14885.0,0.6177644012038916,0.03464801214641729,1,14440.473655277814,1.0,,,,,0.04017467248908297,
New Jersey,2021-09-13,2021-09-18,14852.0,15660.0,0.6179639105844331,0.05846976573015605,1,14953.516630216332,1.0,,,,,0.051596424010217114,
New Jersey,2021-09-20,2021-09-25,15947.0,14770.0,0.5654982128299993,0.13380209491362755,1,16517.743409402487,1.0,,,,,0.07380698563993228,
New Jersey,2021-09-27,2021-10-02,14978.0,12089.0,0.8423688075844572,0.2613378142980781,1,16563.463324507225,1.0,,,,,0.19288289491253838,
New Jersey,2021-10-04,2021-10-09,11411.0,11962.0,0.8227149241959513,0.04376959058732462,1,11397.873726426824,1.0,,,,,0.0460625313492727,
New Jersey,2021-10-11,2021-10-16,11113.0,10248.0,0.8628633132367498,0.10962721680478837,1,11467.070336408646,1.0,,,,,0.07783676774948259,
New Jersey,2021-10-18,2021-10-23,10062.0,8321.0,0.7423971377459749,0.12504460833819808,1,10070.72288280939,1.0,,,,,0.17302723116676605,
New Jersey,2021-10-25,2021-10-30,7347.0,8993.0,0.8335374982986253,0.09210647512433909,1,7600.624894028996,1.0,,,,,0.18303124652507505,
New Jersey,2021-11-01,2021-11-06,8921.0,8841.0,0.8225535253895303,0.1601730872784298,1,8762.353874749606,1.0,,,,,0.008967604528640287,
New Jersey,2021-11-08,2021-11-13,8704.0,10162.0,0.75,0.13553264756922231,1,8570.564828497141,1.0,,,,,0.14347569376107067,
New Jersey,2021-11-15,2021-11-20,9918.0,13661.0,0.8575317604355717,0.10766824512161913,1,10415.701718828812,1.0,,,,,0.27399165507649514,
New Jersey,2021-11-22,2021-11-27,14329.0,14978.0,0.7655802917161002,0.0913453410751637,1,14577.907651034304,1.0,,,,,0.04333021765255708,
New Jersey,2021-11-29,2021-12-04,16094.0,23888.0,0.5950043494469989,0.12018411280680967,1,16854.487038943225,1.0,,,,,0.32627260549229736,
New Jersey,2021-12-06,2021-12-11,23449.0,30369.0,0.6633118683099493,0.15629007346498835,1,23774.324240908412,1.0,,,,,0.22786394020217984,
New Jersey,2021-12-13,2021-12-18,33612.0,38771.0,0.6697607997143877,0.09882262032034285,1,34325.31568597309,1.0,,,,,0.13306337210801888,
New Jersey,2021-12-20,2021-12-25,42436.0,91384.0,0.7705957206145725,0.13083124010466046,1,43730.79879407848,1.0,,,,,0.5356298695614112,
New Jersey,2021-12-27,2022-01-01,107550.0,166888.0,0.9631241283124128,0.16842944727873121,1,104291.02852591379,1.0,,,,,0.35555582186855855,
New Jersey,2022-01-03,2022-01-08,261090.0,218519.0,0.9387337699643801,0.07019763171086955,1,258595.91101419876,1.0,,,,,0.16305105519169635,
New Jersey,2022-01-10,2022-01-15,336447.0,163894.0,1.0605771488525682,0.0031770959325679022,1,336438.73794344976,1.0,,,,,0.512868297235523,
New Jersey,2022-01-17,2022-01-22,183223.0,79440.0,1.0630324795467818,0.015613943983882207,1,183286.08975810563,1.0,,,,,0.566429978769041,
New Jersey,2022-01-24,2022-01-29,63175.0,49109.0,0.5329639889196676,0.3417878936066799,1,68844.16270785316,1.0,,,,,0.22265136525524337,
New Jersey,2022-01-31,2022-02-05,50873.0,21585.0,0.2768855778114127,0.017214384304189742,1,50849.81731657981,1.0,,,,,0.5757081359463763,
New Jersey,2022-02-07,2022-02-12,23666.0,14859.0,0.4229274064058142,0.4712962092697616,1,24971.940590091956,1.0,,,,,0.37213724330262826,
New Jersey,2022-02-14,2022-02-19,10458.0,11350.0,1.1119716963090458,0.2723427679308851,2,10320.582677165377,0.7897425991245627,15946.1428571429,0.2102574008754374,,,0.07859030837004405,1.0
New Jersey,2022-02-21,2022-02-26,8972.0,10084.0,0.8805171645118145,0.3801314797863729,2,7906.946334790545,0.7117492517012292,13591.11465914533,0.28825074829877095,,,0.11027370091233638,1.0
New Jersey,2022-02-28,2022-03-05,8304.0,8329.0,1.0478082851637764,0.32715292547524677,2,606.0,0.1129068832535248,9074.125984251968,0.8870931167464753,,,0.0030015608116220433,2.0
New Jersey,2022-03-07,2022-03-12,7138.0,7117.0,1.1811431773606051,0.3630909709471082,2,328.3948256467942,0.15107432320983374,7061.113610798652,0.8489256767901662,,,0.002942000560381059,2.0
New Jersey,2022-03-14,2022-03-19,5976.0,6785.0,2.161144578313253,0.41248674117951856,2,197.0735143138477,0.19437512057750322,6144.351431384771,0.8056248794224968,,,0.11923360353721445,2.0
New Jersey,2022-03-21,2022-03-26,6384.0,6664.0,1.4797932330827068,0.4009870485116792,2,481.57668675236425,0.23890786823540996,6432.925137721591,0.76109213176459,,,0.04201680672268908,2.0
New Jersey,2022-03-28,2022-04-02,5224.0,8438.0,0.8189127105666156,0.4727733072291047,2,365.0,0.16388940762273768,7238.383227808634,0.8361105923772624,,,0.38089594690684997,2.0
New Jersey,2022-04-04,2022-04-09,5638.0,11057.0,1.1413621851720468,0.8312343248230344,1,6142.597264738211,1.0,,,,,0.4900967712761147,
New Jersey,2022-04-11,2022-04-16,10424.0,14453.0,0.8531273983115887,0.4256880758487573,1,11033.880948597862,1.0,,,,,0.27876565418944166,
New Jersey,2022-04-18,2022-04-23,14254.0,14906.0,0.8037042233758945,0.23505353326359152,1,13724.172538253448,1.0,,,,,0.04374077552663357,
New Jersey,2022-04-25,2022-04-30,15324.0,18461.0,0.7011876794570608,0.23779320022074746,1,14418.5404565805,1.0,,,,,0.1699257895021938,
New Jersey,2022-05-02,2022-05-07,17352.0,23947.0,0.9378745965882895,0.26525985609933955,1,16865.992903553284,1.0,,,,,0.27539984131624,
New Jersey,2022-05-09,2022-05-14,25235.0,32588.0,0.8920943134535367,0.0959501919277267,1,25051.96457222529,1.0,,,,,0.22563520314226096,
New Jersey,2022-05-16,2022-05-21,33762.0,34421.0,0.6090575202890824,0.09464135388017933,1,34215.19683937658,1.0,,,,,0.01914528921298045,
New Jersey,2022-05-23,2022-05-28,35084.0,33301.0,0.8827670733097709,0.22628974365827115,1,35495.09580316439,1.0,,,,,0.050820887014023486,
New Jersey,2022-05-30,2022-06-04,33170.0,26054.0,0.5359662345492915,0.07396771689566044,1,32712.421608411365,1.0,,,,,0.21453120289418148,
New Jersey,2022-06-06,2022-06-11,25851.0,23298.0,0.6827588874705041,0.11072306935691616,1,25738.102450575792,1.0,,,,,0.09875826853893467,
New Jersey,2022-06-13,2022-06-18,20974.0,18679.0,0.8210164966148565,0.11103349741387529,1,22126.171873395855,1.0,,,,,0.10942118813769429,
New Jersey,2022-06-20,2022-06-25,18661.0,19974.0,0.7099833878141578,0.052002871437503366,1,18246.73076827615,1.0,,,,,0.0657354560929208,
New Jersey,2022-06-27,2022-07-02,19265.0,21949.0,0.6197767973008046,0.06440813985760149,1,19171.4058763706,1.0,,,,,0.12228347532917218,
New Jersey,2022-07-04,2022-07-09,21797.0,21929.0,0.767582694866266,0.05584680452258356,1,21296.38893067183,1.0,,,,,0.006019426330430024,
New Jersey,2022-07-11,2022-07-16,24045.0,24992.0,0.883593262632564,0.13791823669433442,1,23423.689377132374,1.0,,,,,0.03789212548015365,
New Jersey,2022-07-18,2022-07-23,25650.0,26376.0,0.551812865497076,0.04679527023738508,1,26004.611503265765,1.0,,,,,0.027525022747952686,
New Jersey,2022-07-25,2022-07-30,27528.0,26008.0,0.6112685265911072,0.03670678004860587,1,27566.444920567825,1.0,,,,,0.05521650682941005,
New Jersey,2022-08-01,2022-08-06,14785.0,22228.0,1.634426783902604,0.49863577747253063,1,18438.303789013353,1.0,,,,,0.33484793953572073,
New Jersey,2022-08-08,2022-08-13,22178.0,19941.0,0.9490936964559473,0.06285718781860337,1,22511.487637107857,1.0,,,,,0.10086572278834881,
New Jersey,2022-08-15,2022-08-20,19753.0,16809.0,0.9320609527666683,0.15830353345527426,1,18843.32546901382,1.0,,,,,0.14904065205285272,
New Jersey,2022-08-22,2022-08-27,16922.0,15598.0,0.7288145609266045,0.052241879510023424,1,16867.724662925408,1.0,,,,,0.07824134263089469,
New Jersey,2022-08-29,2022-09-03,15337.0,13698.0,0.7133076872921693,0.04190267322163363,1,14917.965912756634,1.0,,,,,0.10686574949468605,
New Jersey,2022-09-05,2022-09-10,13435.0,13188.0,1.0135467063639747,0.04120010930998119,1,13641.461558662615,1.0,,,,,0.01838481577967994,
New Jersey,2022-09-12,2022-09-17,12795.0,14015.0,0.8572098475967175,0.05207786057446352,1,12693.976942918036,1.0,,,,,0.08704958972529432,
New Jersey,2022-09-19,2022-09-24,13939.0,17507.0,0.8019944041896836,0.04774996128448672,1,13743.097055003533,1.0,,,,,0.20380419260867083,
New Jersey,2022-09-26,2022-10-01,16512.0,15145.0,0.8365431201550387,0.08200696203339704,1,16598.258252155283,1.0,,,,,0.08278827519379844,
New Jersey,2022-10-03,2022-10-08,16142.0,13966.0,0.9060215586668319,0.019296882335653655,1,16108.002740980544,1.0,,,,,0.13480361789121545,
New Jersey,2022-10-10,2022-10-15,13938.0,12114.0,0.9804132587171761,0.047071742568708136,1,14001.87223861085,1.0,,,,,0.1308652604390874,
New Jersey,2022-10-17,2022-10-22,11893.0,12281.0,0.7329521567308501,0.10895591798178834,1,11554.97043466024,1.0,,,,,0.031593518443123525,
New Jersey,2022-10-24,2022-10-29,12039.0,13696.0,0.901403771077332,0.07988016444290032,1,11988.656252985678,1.0,,,,,0.12098422897196262,
New Jersey,2022-10-31,2022-11-05,13675.0,10475.0,0.8151371115173675,0.11165884647869878,1,13642.200138876058,1.0,,,,,0.2340036563071298,
New Jersey,2022-11-07,2022-11-12,11205.0,11724.0,0.9172690763052209,0.163475571165713,1,11928.137453658886,1.0,,,,,0.04426816786079836,
New Jersey,2022-11-14,2022-11-19,11185.0,10796.0,0.8597228430934287,0.092376140839524,1,11442.631174056136,1.0,,,,,0.034778721502011625,
New Jersey,2022-11-21,2022-11-26,10912.0,7158.0,0.7968291788856305,0.05920022424137765,1,10711.609965907232,1.0,,,,,0.34402492668621704,
New Jersey,2022-11-28,2022-12-03,10220.0,18495.0,0.8180039138943248,0.20772616267631341,1,9719.077368538678,1.0,,,,,0.4474182211408489,
New Jersey,2022-12-05,2022-12-10,16456.0,16815.0,0.8666140009722897,0.3132511022459534,1,17690.898962225336,1.0,,,,,0.021349985132322332,
New Jersey,2022-12-12,2022-12-17,11369.0,18004.0,1.9575160524232562,0.40592337617593627,1,12726.350025356085,1.0,,,,,0.3685292157298378,
New Jersey,2022-12-19,2022-12-24,18279.0,19869.0,0.9148749931615515,0.08396363498400507,1,17939.266089658107,1.0,,,,,0.08002415823644873,
New Jersey,2022-12-26,2022-12-31,19914.0,18102.0,0.9756452746811288,0.08696196956488858,1,19442.61743293536,1.0,,,,,0.0909912624284423,
New Jersey,2023-01-02,2023-01-07,18522.0,22095.0,1.0920526940935105,0.131625570985159,1,19526.656468238896,1.0,,,,,0.16171079429735236,
New Jersey,2023-01-09,2023-01-14,21608.0,18571.0,0.9818122917437986,0.2987503711188053,1,19738.386424792043,1.0,,,,,0.1405497963717142,
New Jersey,2023-01-16,2023-01-21,17243.0,14352.0,1.0364785710143247,0.20459311215285406,1,16505.357908709324,1.0,,,,,0.16766223974946354,
New Jersey,2023-01-23,2023-01-28,13888.0,14054.0,0.8651353686635944,0.15291749089808368,1,13707.363652510643,1.0,,,,,0.011811583890707272,
New Mexico,2021-07-26,2021-07-31,2115.0,1929.0,0.8023640661938535,0.15410702842640667,1,2044.406010282299,1.0,,,,,0.08794326241134752,
New Mexico,2021-08-02,2021-08-07,2990.0,3377.0,0.9531772575250836,0.11051180625748856,1,2964.189492688076,1.0,,,,,0.11459875629256737,
New Mexico,2021-08-09,2021-08-14,5152.0,4776.0,0.8266692546583851,0.11943482047619018,2,4511.245873596781,0.3386134302719851,5360.0723570477685,0.661386569728015,,,0.07298136645962733,1.0
New Mexico,2021-08-16,2021-08-21,7554.0,5227.0,0.6800370664548584,0.12686504913632943,2,5863.646770866142,0.3012594602835697,7592.726252755905,0.6987405397164304,,,0.30804871591209954,1.0
New Mexico,2021-08-23,2021-08-28,6125.0,5713.0,0.5115102040816326,0.1516434929527703,2,5782.01122309799,0.6267980369499017,7660.761651058716,0.3732019630500984,,,0.06726530612244898,1.0
New Mexico,2021-08-30,2021-09-04,6110.0,5881.0,0.3376432078559738,0.06315929291565693,1,6195.246276686035,1.0,,,,,0.037479541734860886,
New Mexico,2021-09-06,2021-09-11,5913.0,4496.0,0.4437679688821241,0.10944116858739611,1,5884.470516776149,1.0,,,,,0.23964146795197022,
New Mexico,2021-09-13,2021-09-18,3906.0,4834.0,0.583205325140809,0.14628176311748772,1,4002.435196688319,1.0,,,,,0.19197352089366984,
New Mexico,2021-09-20,2021-09-25,4530.0,4068.0,0.5015452538631346,0.05625829233447354,1,4514.137532649125,1.0,,,,,0.10198675496688742,
New Mexico,2021-09-27,2021-10-02,4028.0,5027.0,0.9900695134061569,0.12019694449648353,1,3748.176997676077,1.0,,,,,0.19872687487567137,
New Mexico,2021-10-04,2021-10-09,5030.0,5128.0,0.752286282306163,0.08559174386325165,1,5024.643908676913,1.0,,,,,0.019110764430577222,
New Mexico,2021-10-11,2021-10-16,5139.0,4812.0,0.6763961860284102,0.11007615779853913,2,3939.8341448463907,0.1643938651917278,5257.600506082144,0.8356061348082722,,,0.06363105662580268,2.0
New Mexico,2021-10-18,2021-10-23,4700.0,5136.0,0.7365957446808511,0.15738964102892297,2,3427.6172109686304,0.2583417008750516,4745.24928037467,0.7416582991249484,,,0.08489096573208722,2.0
New Mexico,2021-10-25,2021-10-30,4958.0,6318.0,0.7706736587333602,0.09816358182396907,2,3826.7364202741287,0.1729089127351931,5013.950005279792,0.827091087264807,,,0.2152579930357708,2.0
New Mexico,2021-11-01,2021-11-06,6313.0,7533.0,0.8672580389672105,0.12270505361018853,2,4792.133858267716,0.15169437181577244,6370.854330708661,0.8483056281842276,,,0.16195406876410462,2.0
New Mexico,2021-11-08,2021-11-13,7713.0,9336.0,0.6796317904835991,0.038021254773268294,1,7673.559679065029,1.0,,,,,0.1738431876606684,
New Mexico,2021-11-15,2021-11-20,9677.0,9859.0,0.6125865454169681,0.030180434399339172,1,9667.076226255667,1.0,,,,,0.018460290090272845,
New Mexico,2021-11-22,2021-11-27,10047.0,6154.0,0.5710162237483826,0.05001911569435904,1,10050.581528702318,1.0,,,,,0.38747884940778343,
New Mexico,2021-11-29,2021-12-04,7890.0,12429.0,0.855766793409379,0.26962336199302633,1,7564.067486669192,1.0,,,,,0.3651943036447019,
New Mexico,2021-12-06,2021-12-11,8689.0,9258.0,0.7130855104154679,0.22460222915323338,1,8178.729687392167,1.0,,,,,0.06146035860877079,
New Mexico,2021-12-13,2021-12-18,9696.0,7012.0,0.6359323432343235,0.0898519479193166,2,9684.784264222684,0.8807747533902485,11709.748560746157,0.11922524660975141,,,0.2768151815181518,1.0
New Mexico,2021-12-20,2021-12-25,7064.0,5859.0,0.7759060022650056,0.10826032681552177,2,5306.484683778154,0.15724573438721043,7072.90024125088,0.8427542656127895,,,0.1705832389580974,1.0
New Mexico,2021-12-27,2022-01-01,6779.0,7394.0,1.0365835668977725,0.0961581043383227,2,6033.910673523647,0.37504645046681667,7171.497024537744,0.6249535495331834,,,0.08317554774141196,2.0
New Mexico,2022-01-03,2022-01-08,6945.0,19070.0,0.9516198704103672,0.024532019644475135,1,6921.434048818343,1.0,,,,,0.63581541688516,
New Mexico,2022-01-10,2022-01-15,25560.0,29826.0,1.1892801251956182,0.005756208401094052,1,25560.175354341613,1.0,,,,,0.14302957151478576,
New Mexico,2022-01-17,2022-01-22,43428.0,38995.0,1.0867412729114856,0.03907166748289988,1,43240.41751414041,1.0,,,,,0.10207700101317123,
New Mexico,2022-01-24,2022-01-29,37687.0,32579.0,0.7492238703001035,0.1610652654248649,1,41879.48446988489,1.0,,,,,0.1355374532332104,
New Mexico,2022-01-31,2022-02-05,31211.0,19188.0,0.8148729614558969,0.014395543020655117,1,31199.674189052697,1.0,,,,,0.3852167505046298,
New Mexico,2022-02-07,2022-02-12,19134.0,10815.0,0.635831504128776,0.20597514069053852,1,17628.30084779562,1.0,,,,,0.4347757917842584,
New Mexico,2022-02-14,2022-02-19,6914.0,6807.0,0.9832224472085623,0.3421582428473337,1,6894.783355145104,1.0,,,,,0.01547584610934336,
New Mexico,2022-02-21,2022-02-26,4939.0,3460.0,1.0587163393399475,0.37360682997491573,1,4123.590219694868,1.0,,,,,0.29945333063373153,
New Mexico,2022-02-28,2022-03-05,2019.0,2528.0,1.9311540366518078,0.3732576936970196,1,2059.0326063797015,1.0,,,,,0.20134493670886075,
New Mexico,2022-03-07,2022-03-12,1691.0,1853.0,1.5109402720283855,0.38865848142830917,1,1537.3969346654073,1.0,,,,,0.08742579600647599,
New Mexico,2022-03-14,2022-03-19,1517.0,1007.0,2.1232696110744893,0.3754079211261815,1,1118.3520081745537,1.0,,,,,0.33618984838497035,
New Mexico,2022-03-21,2022-03-26,648.0,1035.0,2.177469135802469,0.5205781832165024,1,566.7238999104181,1.0,,,,,0.3739130434782609,
New Mexico,2022-03-28,2022-04-02,981.0,745.0,1.1610601427115188,0.3476285673945413,1,730.8757735283519,1.0,,,,,0.24057084607543322,
New Mexico,2022-04-04,2022-04-09,605.0,990.0,1.7851239669421488,0.4922927131674093,1,505.88436915788066,1.0,,,,,0.3888888888888889,
New Mexico,2022-04-11,2022-04-16,970.0,892.0,1.4525773195876288,0.6251803559843675,1,1107.7175582410234,1.0,,,,,0.08041237113402062,
New Mexico,2022-04-18,2022-04-23,773.0,1185.0,1.4592496765847347,0.2755042620927016,1,703.3465495304554,1.0,,,,,0.34767932489451475,
New Mexico,2022-04-25,2022-04-30,1204.0,1311.0,1.201827242524917,0.32707154103647035,1,1066.0242882494338,1.0,,,,,0.08161708619374523,
New Mexico,2022-05-02,2022-05-07,1280.0,1611.0,1.37421875,0.7472625185530835,1,1401.049544496973,1.0,,,,,0.20546244568590938,
New Mexico,2022-05-09,2022-05-14,1679.0,2197.0,1.0315664085765337,0.06765617240530561,1,1726.098288145154,1.0,,,,,0.23577605826126535,
New Mexico,2022-05-16,2022-05-21,2469.0,3199.0,1.0319967598217903,0.8951123515175351,1,3057.0089380264326,1.0,,,,,0.22819631134729604,
New Mexico,2022-05-23,2022-05-28,3361.0,4531.0,1.2814638500446296,0.5346208218601012,1,3681.495607075416,1.0,,,,,0.25822114323548884,
New Mexico,2022-05-30,2022-06-04,5119.0,4762.0,0.8884547763235007,0.093866831762513,1,4944.0667971084085,1.0,,,,,0.06974018362961516,
New Mexico,2022-06-06,2022-06-11,4814.0,6238.0,1.1649356044869132,0.15351522492608652,1,4791.12318906168,1.0,,,,,0.2282782943251042,
New Mexico,2022-06-13,2022-06-18,6918.0,6747.0,0.7639491182422665,0.143990343465028,1,6472.197315246849,1.0,,,,,0.024718126626192542,
New Mexico,2022-06-20,2022-06-25,6743.0,6645.0,0.9854664096099659,0.15565572396458768,2,3627.9825040437763,0.11425508677325209,6749.395245797668,0.885744913226748,,,0.01453359039003411,2.0
New Mexico,2022-06-27,2022-07-02,6645.0,6419.0,0.9185854025583146,0.14507514757550785,2,3628.25,0.11784055967131277,6629.271749348057,0.8821594403286873,,,0.03401053423626787,2.0
New Mexico,2022-07-04,2022-07-09,6536.0,6188.0,1.2376070991432069,0.17105476006920037,2,3533.6504457026012,0.1669144888257349,6594.969585692377,0.833085511174265,,,0.05324357405140759,2.0
New Mexico,2022-07-11,2022-07-16,6028.0,6717.0,1.4006303915063039,0.16565954141585418,1,5671.158051398009,1.0,,,,,0.10257555456304898,
New Mexico,2022-07-18,2022-07-23,6726.0,6821.0,0.9897413024085637,0.09611981434762797,1,6482.7379608467045,1.0,,,,,0.013927576601671309,
New Mexico,2022-07-25,2022-07-30,6728.0,6637.0,0.8275862068965517,0.12611067762183895,1,6428.293704763697,1.0,,,,,0.013525564803804993,
New Mexico,2022-08-01,2022-08-06,6559.0,5558.0,1.1882908980027442,0.18125582430540924,2,3624.007874015748,0.19916336338219448,6558.964566929135,0.8008366366178056,,,0.1526147278548559,2.0
New Mexico,2022-08-08,2022-08-13,5489.0,4823.0,1.058480597558754,0.08194548300334534,2,4121.511248593926,0.11780400360971971,5454.941169853763,0.8821959963902803,,,0.12133357624339589,2.0
New Mexico,2022-08-15,2022-08-20,4804.0,4068.0,1.1450874271440465,0.1904004778393997,2,2126.8052368164067,0.1234806344984888,4790.8895257446275,0.8765193655015112,,,0.15320566194837634,2.0
New Mexico,2022-08-22,2022-08-27,4015.0,3714.0,1.073972602739726,0.0510132610998032,1,3962.5748485284007,1.0,,,,,0.07496886674968867,
New Mexico,2022-08-29,2022-09-03,3416.0,2942.0,1.132903981264637,0.05671569327829064,1,3430.866439311241,1.0,,,,,0.13875878220140514,
New Mexico,2022-09-05,2022-09-10,2869.0,1750.0,1.2084349947716975,0.10533407364710952,1,2769.7751486643433,1.0,,,,,0.39003136981526665,
New Mexico,2022-09-12,2022-09-17,1712.0,1702.0,1.5373831775700935,0.3509524894982647,1,1768.179415258134,1.0,,,,,0.005841121495327103,
New Mexico,2022-09-19,2022-09-24,1724.0,1580.0,1.4251740139211138,0.22351975767830767,1,1652.3825025576798,1.0,,,,,0.08352668213457076,
New Mexico,2022-09-26,2022-10-01,1508.0,1505.0,1.2241379310344827,0.2213172414948916,1,1457.154569256516,1.0,,,,,0.001989389920424403,
New Mexico,2022-10-03,2022-10-08,1500.0,1623.0,1.2906666666666666,0.1938253800888008,1,1426.8319752137922,1.0,,,,,0.07578558225508318,
New Mexico,2022-10-10,2022-10-15,1629.0,1864.0,1.2621240024554943,0.17068639829032026,1,1568.8217388811445,1.0,,,,,0.12607296137339055,
New Mexico,2022-10-17,2022-10-22,1949.0,2249.0,1.0923550538737814,0.16345733491413736,1,1817.9906448971167,1.0,,,,,0.1333926189417519,
New Mexico,2022-10-24,2022-10-29,2248.0,2784.0,0.8634341637010676,0.18892524524615922,1,2199.9155407082526,1.0,,,,,0.1925287356321839,
New Mexico,2022-10-31,2022-11-05,2779.0,3501.0,1.3425692695214106,0.20655816121893605,2,2522.708661417323,0.7055766613728706,3618.7716535433074,0.2944233386271295,,,0.20622679234504426,2.0
New Mexico,2022-11-07,2022-11-12,3505.0,3816.0,0.9269614835948645,0.1538034344097926,2,3302.688947007874,0.5435647182667575,4378.113398897638,0.45643528173324255,,,0.08149895178197065,1.0
New Mexico,2022-11-14,2022-11-19,3746.0,5207.0,1.0323011211959423,0.21963331506351053,2,3680.062204724409,0.7837392014562518,5790.02125984252,0.21626079854374822,,,0.2805838294603418,2.0
New Mexico,2022-11-21,2022-11-26,4302.0,2907.0,0.9579265457926546,0.18694020310118975,2,4268.548316775345,0.6647144894566748,5625.267278235728,0.33528551054332517,,,0.32426778242677823,1.0
New Mexico,2022-11-28,2022-12-03,3480.0,5350.0,1.1945402298850574,0.2359163204328448,2,3049.801980548502,0.571480156719817,4227.822232940117,0.42851984328018305,,,0.34953271028037386,2.0
New Mexico,2022-12-05,2022-12-10,4391.0,4239.0,1.3677977681621498,0.19468887310058208,2,4112.929670198696,0.4983145458081809,5125.129501222626,0.5016854541918191,,,0.03461626053290822,1.0
New Mexico,2022-12-12,2022-12-17,4285.0,2781.0,1.2340723453908984,0.07177226101818693,1,4149.231667444322,1.0,,,,,0.35099183197199535,
New Mexico,2022-12-19,2022-12-24,2803.0,2136.0,1.3649661077417052,0.22633575989073826,1,2823.7476921609214,1.0,,,,,0.23795932929004637,
New Mexico,2022-12-26,2022-12-31,2067.0,1916.0,1.3928398645379778,0.1962579050597223,1,1979.5906659322789,1.0,,,,,0.07305273343009192,
New Mexico,2023-01-02,2023-01-07,1856.0,1669.0,1.3168103448275863,0.06527490338212746,1,1818.5675228289886,1.0,,,,,0.10075431034482758,
New Mexico,2023-01-09,2023-01-14,1482.0,1576.0,1.4190283400809716,0.21199753332408913,1,1466.022138593911,1.0,,,,,0.05964467005076142,
New Mexico,2023-01-16,2023-01-21,1415.0,998.0,1.47773851590106,0.25107055141366047,1,1274.9206354722626,1.0,,,,,0.29469964664310955,
New Mexico,2023-01-23,2023-01-28,973.0,1056.0,1.644398766700925,0.21527103503832737,1,985.7027626945777,1.0,,,,,0.07859848484848485,
New York,2021-07-26,2021-07-31,15542.0,15229.0,0.6076438038862437,0.10473471822538945,1,15178.034695564897,1.0,,,,,0.02013897825247716,
New York,2021-08-02,2021-08-07,26192.0,22690.0,0.47483964569334147,0.1036407740650405,1,25581.232568496587,1.0,,,,,0.13370494807574831,
New York,2021-08-09,2021-08-14,33176.0,28388.0,0.5468109476730166,0.1008023580185061,1,32542.338378489432,1.0,,,,,0.14432119604533397,
New York,2021-08-16,2021-08-21,36551.0,31615.0,0.6127876118300457,0.1486470149287524,1,37925.182132953596,1.0,,,,,0.13504418483762415,
New York,2021-08-23,2021-08-28,36593.0,29810.0,0.581422676468177,0.08063028473970577,1,36584.676423919635,1.0,,,,,0.18536332085371518,
New York,2021-08-30,2021-09-04,34523.0,34749.0,0.5732989601135475,0.09052548547080394,1,32073.718757388706,1.0,,,,,0.0065037842815620596,
New York,2021-09-06,2021-09-11,36656.0,33973.0,0.7190637276298559,0.04194442878327035,1,35986.16107500798,1.0,,,,,0.07319402007856832,
New York,2021-09-13,2021-09-18,33744.0,34826.0,0.6622214319582741,0.07286998667818331,1,33227.47666700271,1.0,,,,,0.03106874174467352,
New York,2021-09-20,2021-09-25,34899.0,35807.0,0.5127081005186395,0.0783849161841594,1,36513.308757611594,1.0,,,,,0.025358170190186276,
New York,2021-09-27,2021-10-02,36475.0,33800.0,0.9392186429061,0.0901721830785995,1,37400.63997243133,1.0,,,,,0.07333790267306374,
New York,2021-10-04,2021-10-09,33087.0,34502.0,0.6436666968900172,0.10771639781813964,1,34221.88623825232,1.0,,,,,0.04101211523969625,
New York,2021-10-11,2021-10-16,33214.0,32364.0,0.603962184620943,0.07960129175644458,1,34198.419461312755,1.0,,,,,0.025591617992412836,
New York,2021-10-18,2021-10-23,31566.0,27946.0,0.6458531331179117,0.036056214525389894,1,31879.23688380869,1.0,,,,,0.11468035227776721,
New York,2021-10-25,2021-10-30,27077.0,25768.0,0.699117332053034,0.0666550583307823,1,26841.276393916025,1.0,,,,,0.048343612660191305,
New York,2021-11-01,2021-11-06,24168.0,28737.0,0.6895067858325058,0.05324221321311865,1,23883.01748501668,1.0,,,,,0.1589936319031214,
New York,2021-11-08,2021-11-13,26285.0,36766.0,0.6815674338976603,0.11337322862134844,1,25560.039773561817,1.0,,,,,0.28507316542457706,
New York,2021-11-15,2021-11-20,36993.0,43628.0,0.7651717892574271,0.07816478858710134,1,38165.38667424518,1.0,,,,,0.1520812322361786,
New York,2021-11-22,2021-11-27,45033.0,44748.0,0.6575400262030067,0.09938711732544073,1,46698.61432164164,1.0,,,,,0.006328692292318966,
New York,2021-11-29,2021-12-04,46813.0,59117.0,0.4911883451178092,0.12123259741064676,1,49099.78921986285,1.0,,,,,0.20812964121995364,
New York,2021-12-06,2021-12-11,56025.0,68702.0,0.6689870593485051,0.11910868473638266,1,56316.366206193314,1.0,,,,,0.18452155686879568,
New York,2021-12-13,2021-12-18,72959.0,96127.0,0.5396181416960211,0.06386764797039068,1,73315.31169875042,1.0,,,,,0.24101449124595586,
New York,2021-12-20,2021-12-25,104820.0,167569.0,0.7139858805571456,0.1487606382812705,1,110309.41441894296,1.0,,,,,0.3744666376239042,
New York,2021-12-27,2022-01-01,271316.0,415674.0,0.6018296009081662,0.18072666970131554,1,248969.85486872966,1.0,,,,,0.3472865755375607,
New York,2022-01-03,2022-01-08,637140.0,539437.0,0.9180023228803716,0.07909378384347555,1,637783.5491060361,1.0,,,,,0.15334620334620336,
New York,2022-01-10,2022-01-15,792019.0,403723.0,1.0180690109706965,0.0032193479651139957,1,791999.8997086881,1.0,,,,,0.4902609659616752,
New York,2022-01-17,2022-01-22,488921.0,214490.0,1.0588868140251697,0.01786078482167301,1,487995.0849323356,1.0,,,,,0.5612992692070907,
New York,2022-01-24,2022-01-29,165313.0,115555.0,0.7975355840133564,0.29541347896218667,1,181708.9760334706,1.0,,,,,0.30099266240404565,
New York,2022-01-31,2022-02-05,125635.0,54379.0,0.4054523023042942,0.01861410802386643,1,125576.61347196119,1.0,,,,,0.567166792693119,
New York,2022-02-07,2022-02-12,61594.0,36545.0,0.32314835860635777,0.22142893173154,1,57314.26840381981,1.0,,,,,0.40667922200214307,
New York,2022-02-14,2022-02-19,26931.0,24353.0,1.0138130778656567,0.3032291009391783,1,26860.35990832682,1.0,,,,,0.09572611488619064,
New York,2022-02-21,2022-02-26,19256.0,15738.0,1.194277108433735,0.299957218827151,1,17346.870701622545,1.0,,,,,0.18269630245118404,
New York,2022-02-28,2022-03-05,11083.0,12793.0,0.8738608679960299,0.38067307553625457,2,1684.0,0.1129068832535248,11401.057367829031,0.8870931167464753,,,0.13366684905807863,2.0
New York,2022-03-07,2022-03-12,11871.0,11464.0,0.8765057703647544,0.3487662251068662,2,701.0051869493601,0.15107432320983374,12028.711084226927,0.8489256767901662,,,0.034285232920562715,2.0
New York,2022-03-14,2022-03-19,10208.0,14947.0,2.20141065830721,0.407934979352064,2,255.47601592731732,0.19437512057750322,10477.659311268138,0.8056248794224968,,,0.31705358934903327,2.0
New York,2022-03-21,2022-03-26,14299.0,16136.0,1.2187565564025455,0.4432914804806773,2,160.36162623914257,0.23890786823540996,14866.323619924262,0.76109213176459,,,0.1138448190381755,2.0
New York,2022-03-28,2022-04-02,13838.0,25598.0,1.2795201618731031,0.5047267951317047,1,13085.396343444185,1.0,,,,,0.45941089147589653,
New York,2022-04-04,2022-04-09,17493.0,30379.0,0.9019607843137255,0.6935145795007874,1,15786.683794153285,1.0,,,,,0.4241745942921097,
New York,2022-04-11,2022-04-16,28751.0,40879.0,0.9373587005669368,0.29263174401972036,1,28719.62704152583,1.0,,,,,0.2966804471733653,
New York,2022-04-18,2022-04-23,37238.0,44484.0,0.7447499865728557,0.26967662675250764,1,35491.024449298515,1.0,,,,,0.16289002787519108,
New York,2022-04-25,2022-04-30,44764.0,49526.0,0.5486551693324994,0.31728794280049377,1,41632.84904659086,1.0,,,,,0.09615151637523725,
New York,2022-05-02,2022-05-07,42526.0,60934.0,0.8391807364906175,0.26140790917268614,1,43772.62857210663,1.0,,,,,0.30209735123248105,
New York,2022-05-09,2022-05-14,62057.0,51081.0,0.6195594372915223,0.11154704400740989,1,60765.93192619031,1.0,,,,,0.17686965209404257,
New York,2022-05-16,2022-05-21,55311.0,82662.0,0.6865903708123158,0.2836258795706901,1,54950.1867260025,1.0,,,,,0.3308775495390869,
New York,2022-05-23,2022-05-28,75904.0,51635.0,0.7541368043844857,0.22141270180518546,1,73202.89062880054,1.0,,,,,0.31973282040472173,
New York,2022-05-30,2022-06-04,54988.0,52439.0,0.8552229577362334,0.12052690771795196,1,53602.30052746848,1.0,,,,,0.046355568487670036,
New York,2022-06-06,2022-06-11,50367.0,39611.0,0.6437548394782298,0.12857027933100862,1,48182.321164690766,1.0,,,,,0.21355252447038736,
New York,2022-06-13,2022-06-18,39332.0,38087.0,0.8712498728770467,0.18197597780878552,1,38424.93500522229,1.0,,,,,0.031653615376792434,
New York,2022-06-20,2022-06-25,37904.0,35984.0,0.6191430983537357,0.11241741687217907,1,34992.10490506038,1.0,,,,,0.05065428450823132,
New York,2022-06-27,2022-07-02,34480.0,41653.0,0.890284222737819,0.07503437511609552,1,33649.216685354586,1.0,,,,,0.17220848438287759,
New York,2022-07-04,2022-07-09,41652.0,43177.0,0.7281042927110343,0.0764398996978635,1,40752.54199942569,1.0,,,,,0.03531973041202492,
New York,2022-07-11,2022-07-16,44446.0,52760.0,0.9861404850830221,0.20486350804239045,1,44170.94617902692,1.0,,,,,0.15758150113722516,
New York,2022-07-18,2022-07-23,53955.0,52256.0,0.7814289685849319,0.10023148447488074,1,54810.50118671033,1.0,,,,,0.031489203966268184,
New York,2022-07-25,2022-07-30,52754.0,44379.0,0.7001743943587216,0.07703085120279546,1,52633.79982504472,1.0,,,,,0.1587557341623384,
New York,2022-08-01,2022-08-06,45306.0,49561.0,0.8364896481702203,0.14047348859416334,2,27265.3,0.11266996579148403,46144.33991433071,0.8873300342085161,,,0.08585379633179314,2.0
New York,2022-08-08,2022-08-13,47187.0,40127.0,0.7900904910250705,0.07849278662942191,2,36722.0,0.1029074564020436,46996.2608115035,0.8970925435979564,,,0.1496174793905101,1.0
New York,2022-08-15,2022-08-20,39032.0,34424.0,0.9538583726173396,0.19642007848724083,2,19425.45703125,0.1234806344984888,40621.9604650049,0.8765193655015112,,,0.11805697888911662,2.0
New York,2022-08-22,2022-08-27,33913.0,32288.0,0.8257305458083921,0.06520188843735361,1,32981.82679304972,1.0,,,,,0.04791672809836936,
New York,2022-08-29,2022-09-03,32319.0,29483.0,0.797673195334014,0.058454458916372944,1,30801.51373215348,1.0,,,,,0.08775023979702343,
New York,2022-09-05,2022-09-10,29296.0,24066.0,0.7462793555434188,0.04147176406800762,1,28492.884939993593,1.0,,,,,0.1785226652102676,
New York,2022-09-12,2022-09-17,24016.0,32781.0,1.019736842105263,0.10338143902601452,1,23348.928435171605,1.0,,,,,0.26738049479881637,
New York,2022-09-19,2022-09-24,28777.0,34788.0,0.7381936963547278,0.10770557822480989,1,28818.719161347894,1.0,,,,,0.17278946763251696,
New York,2022-09-26,2022-10-01,34627.0,31930.0,0.7645478961504029,0.06297421441233969,1,34794.80724505974,1.0,,,,,0.07788719785138765,
New York,2022-10-03,2022-10-08,33517.0,29443.0,0.7330309991944386,0.046705919141761996,1,32639.425273310266,1.0,,,,,0.12155025807799028,
New York,2022-10-10,2022-10-15,29710.0,27542.0,0.8095254123190845,0.0782988808148572,1,29413.1562757627,1.0,,,,,0.07297206327835745,
New York,2022-10-17,2022-10-22,26396.0,31489.0,0.7673132292771632,0.05464766615394344,1,26755.10100322068,1.0,,,,,0.16173901997522944,
New York,2022-10-24,2022-10-29,30170.0,29217.0,0.6917467683128936,0.07930756722951254,1,29793.52609894301,1.0,,,,,0.03158766987073251,
New York,2022-10-31,2022-11-05,29483.0,30701.0,0.7769222942034393,0.0612582995640339,1,29470.369043003753,1.0,,,,,0.03967297482166705,
New York,2022-11-07,2022-11-12,30701.0,28952.0,0.7033321390182731,0.08339467079642755,1,29878.819797142605,1.0,,,,,0.05696882837692583,
New York,2022-11-14,2022-11-19,29054.0,31566.0,0.6962208301782887,0.03990927241535311,1,28803.193948912492,1.0,,,,,0.07957929417727935,
New York,2022-11-21,2022-11-26,30279.0,21773.0,0.6852604115063246,0.08722522139357754,1,30100.40563421186,1.0,,,,,0.2809207701707454,
New York,2022-11-28,2022-12-03,25787.0,46213.0,0.6598285958040874,0.14528072438823275,1,24186.885281562885,1.0,,,,,0.4419968407158159,
New York,2022-12-05,2022-12-10,45074.0,42604.0,0.7646758663531082,0.24107181289243232,1,45428.60332859813,1.0,,,,,0.05479877534720681,
New York,2022-12-12,2022-12-17,43547.0,45269.0,0.888396445220107,0.14525649465809976,1,43230.81390962823,1.0,,,,,0.03803927632596258,
New York,2022-12-19,2022-12-24,46063.0,46538.0,0.7780648242624232,0.08134396589242479,1,44853.04036987254,1.0,,,,,0.01020671279384589,
New York,2022-12-26,2022-12-31,46392.0,38469.0,0.8275780306949474,0.07112449569501432,1,46831.79294302154,1.0,,,,,0.17078375581996896,
New York,2023-01-02,2023-01-07,39628.0,39665.0,0.7444988392046028,0.12824740179161137,1,41014.15872292558,1.0,,,,,0.0009328123030379428,
New York,2023-01-09,2023-01-14,38197.0,34753.0,0.8055082859910464,0.1893916837139672,1,35970.462861037835,1.0,,,,,0.0901641490169385,
New York,2023-01-16,2023-01-21,30875.0,25584.0,0.9762914979757085,0.22395087861890506,1,30015.21282912765,1.0,,,,,0.1713684210526316,
New York,2023-01-23,2023-01-28,25601.0,27251.0,0.8949259794539276,0.14098794641301288,1,25617.730570660828,1.0,,,,,0.06054823676195369,
North Carolina,2021-07-26,2021-07-31,16047.0,16147.0,0.5724434473733409,0.13809621601969563,2,11684.248031496063,0.18351992474253315,16353.5,0.8164800752574669,,,0.006193100885613426,2.0
North Carolina,2021-08-02,2021-08-07,30079.0,23061.0,0.5765151767013531,0.11905222237394016,2,23159.358267716536,0.1698081890057777,30746.5,0.8301918109942223,,,0.23331892682602481,1.0
North Carolina,2021-08-09,2021-08-14,39611.0,36277.0,0.6007422180707379,0.1762644903271103,2,30226.09842519685,0.4064937570956646,43282.5,0.5935062429043355,,,0.08416853904218526,1.0
North Carolina,2021-08-16,2021-08-21,49240.0,37480.0,0.6742282696994314,0.09422668125411704,2,46682.9182835433,0.4587626960684562,53176.088432834644,0.5412373039315438,,,0.2388302193338749,1.0
North Carolina,2021-08-23,2021-08-28,39986.0,44402.0,0.40711749112189266,0.14459185615711276,2,39003.41440637795,0.6587598775592622,51297.44518700787,0.34124012244073787,,,0.09945497950542768,1.0
North Carolina,2021-08-30,2021-09-04,47436.0,48097.0,0.32705118475419515,0.052593411895977,2,47399.58468141686,0.5824100137345153,52255.40339386588,0.41758998626548477,,,0.013743060897769091,1.0
North Carolina,2021-09-06,2021-09-11,49291.0,42107.0,0.32738228074090603,0.10086673380376016,2,48867.35585904725,0.6539296846720928,57353.88872249737,0.34607031532790716,,,0.14574668803635552,1.0
North Carolina,2021-09-13,2021-09-18,40435.0,50992.0,0.376554964758254,0.15985957719698976,1,39720.30117407346,1.0,,,,,0.20703247568246,
North Carolina,2021-09-20,2021-09-25,50771.0,38251.0,0.3138799708495007,0.07350365493427054,1,50145.454426466604,1.0,,,,,0.24659746705796617,
North Carolina,2021-09-27,2021-10-02,37654.0,31474.0,0.6899134222127795,0.09044377409921055,1,36020.88159661764,1.0,,,,,0.16412598927072822,
North Carolina,2021-10-04,2021-10-09,26114.0,24845.0,0.42057899977023816,0.09443728173053188,1,26916.910800915393,1.0,,,,,0.048594623573562076,
North Carolina,2021-10-11,2021-10-16,20684.0,21819.0,0.3465964030168246,0.11008722684485824,1,20793.269147394843,1.0,,,,,0.05201888262523489,
North Carolina,2021-10-18,2021-10-23,18670.0,16529.0,0.5883235136582753,0.10617753729682948,1,18975.657103905578,1.0,,,,,0.11467595072308516,
North Carolina,2021-10-25,2021-10-30,13918.0,14104.0,0.595775255065383,0.14538492456679228,1,14092.725367189345,1.0,,,,,0.013187748156551334,
North Carolina,2021-11-01,2021-11-06,13086.0,12139.0,0.7011309796729329,0.16636914012775772,1,12867.776779230833,1.0,,,,,0.07236741555861226,
North Carolina,2021-11-08,2021-11-13,10945.0,12148.0,0.6414801279122887,0.0887116848354554,1,11021.145355600223,1.0,,,,,0.09902864669081331,
North Carolina,2021-11-15,2021-11-20,11374.0,13078.0,0.6638825391243186,0.07823339334684482,1,11247.417981157747,1.0,,,,,0.13029515216393944,
North Carolina,2021-11-22,2021-11-27,13426.0,9199.0,0.7180098316698942,0.07189264658229155,1,13295.65410422907,1.0,,,,,0.31483688365857293,
North Carolina,2021-11-29,2021-12-04,11199.0,20466.0,0.8498973122600232,0.29243141129118505,1,11925.202750222046,1.0,,,,,0.4527997654646731,
North Carolina,2021-12-06,2021-12-11,15581.0,21725.0,0.7735061934407291,0.15762595196986184,1,16360.737895329163,1.0,,,,,0.2828078250863061,
North Carolina,2021-12-13,2021-12-18,23451.0,22785.0,0.7270905291885208,0.10257362742953392,1,24374.16261703099,1.0,,,,,0.02839964180631956,
North Carolina,2021-12-20,2021-12-25,24258.0,18324.0,0.903743095061423,0.10383929217033636,1,25865.910202292453,1.0,,,,,0.2446203314370517,
North Carolina,2021-12-27,2022-01-01,28154.0,79289.0,0.7049442352774029,0.14514451244767962,1,25595.7610092533,1.0,,,,,0.6449192195638739,
North Carolina,2022-01-03,2022-01-08,90930.0,129713.0,0.9717255031342791,0.07249469747458256,1,90659.44352328405,1.0,,,,,0.29899084902823925,
North Carolina,2022-01-10,2022-01-15,236002.0,194922.0,1.1036474267167227,0.0040298415918281144,1,235998.56421960713,1.0,,,,,0.17406632147185194,
North Carolina,2022-01-17,2022-01-22,241547.0,201450.0,1.0531821964255403,0.036701403771078826,1,240734.61398165097,1.0,,,,,0.1660008197162457,
North Carolina,2022-01-24,2022-01-29,199982.0,162114.0,1.0299476952925763,0.06689201174271935,1,197829.4195146641,1.0,,,,,0.18935704213379204,
North Carolina,2022-01-31,2022-02-05,163604.0,95376.0,0.6195080804870297,0.007641637734033003,1,163569.34929640565,1.0,,,,,0.41703136842619987,
North Carolina,2022-02-07,2022-02-12,96234.0,55492.0,0.6021988070744227,0.22429803383108696,1,87197.79162950776,1.0,,,,,0.42336388386640894,
North Carolina,2022-02-14,2022-02-19,34714.0,34059.0,0.6931497378579248,0.38911038072690657,1,34983.65902617127,1.0,,,,,0.018868468053235006,
North Carolina,2022-02-21,2022-02-26,24479.0,23611.0,0.9742636545610524,0.38898301328649526,1,20860.699169497853,1.0,,,,,0.035458964826994566,
North Carolina,2022-02-28,2022-03-05,15420.0,14610.0,0.9737354085603113,0.3663087885061406,2,2197.0,0.1129068832535248,13705.519685039379,0.8870931167464752,,,0.05252918287937743,2.0
North Carolina,2022-03-07,2022-03-12,9772.0,10589.0,0.7202210397052804,0.41803523421896976,2,791.0,0.15107432320983374,9891.91338582677,0.8489256767901662,,,0.07715553876664463,2.0
North Carolina,2022-03-14,2022-03-19,6433.0,8261.0,2.8509249183895538,0.5171643690793579,2,440.9719107139555,0.19437512057750322,6379.4550892675525,0.8056248794224968,,,0.22128071662026388,2.0
North Carolina,2022-03-21,2022-03-26,6224.0,7441.0,1.9447300771208227,0.4898277571123379,2,215.27296064060738,0.23890786823540996,6343.469480998873,0.76109213176459,,,0.16355328584867626,2.0
North Carolina,2022-03-28,2022-04-02,6666.0,6201.0,0.7028202820282028,0.4249883247232351,2,44.0,0.1638894076227377,6862.888704865422,0.8361105923772624,,,0.06975697569756975,2.0
North Carolina,2022-04-04,2022-04-09,6003.0,3501.0,0.8918873896385141,0.4206456467037431,2,17.0,0.2267127821926562,5927.829021372328,0.7732872178073438,,,0.41679160419790107,2.0
North Carolina,2022-04-11,2022-04-16,4402.0,5234.0,0.8196274420717855,0.2572200209998504,1,4346.02439614078,1.0,,,,,0.15896064195643866,
North Carolina,2022-04-18,2022-04-23,4824.0,8409.0,1.2016998341625207,0.16015600363332325,1,4875.944611081171,1.0,,,,,0.42632893328576527,
North Carolina,2022-04-25,2022-04-30,8621.0,11605.0,1.0767892355875188,0.33728621198023334,1,7922.344041013253,1.0,,,,,0.25713054717794054,
North Carolina,2022-05-02,2022-05-07,11571.0,14071.0,1.1362025754040272,0.29986168005280184,1,11415.466680735413,1.0,,,,,0.17767038590007816,
North Carolina,2022-05-09,2022-05-14,14809.0,18479.0,0.8169356472415423,0.07091031605670838,1,15134.336746711011,1.0,,,,,0.19860382055306022,
North Carolina,2022-05-16,2022-05-21,20918.0,23993.0,0.7423749880485706,0.0692042699162602,1,20499.551692332014,1.0,,,,,0.1281623806943692,
North Carolina,2022-05-23,2022-05-28,25093.0,29137.0,0.6285816761646674,0.22335389861967395,1,23802.480893598033,1.0,,,,,0.1387926004736246,
North Carolina,2022-05-30,2022-06-04,31281.0,27795.0,0.7704996643329817,0.08623771737011636,1,30739.442720366016,1.0,,,,,0.11144145008151914,
North Carolina,2022-06-06,2022-06-11,29150.0,26785.0,0.8495368782161234,0.14108925495983218,1,27654.107051067887,1.0,,,,,0.08113207547169811,
North Carolina,2022-06-13,2022-06-18,27605.0,24464.0,0.866401014309002,0.09536921723280395,1,26965.07303982503,1.0,,,,,0.11378373483064662,
North Carolina,2022-06-20,2022-06-25,24464.0,19098.0,0.7824558534990189,0.10272699531869425,1,23784.180862720208,1.0,,,,,0.21934270765206018,
North Carolina,2022-06-27,2022-07-02,19114.0,24141.0,0.962122004813226,0.1270334577582012,1,18619.504837292207,1.0,,,,,0.2082349529845491,
North Carolina,2022-07-04,2022-07-09,23930.0,25462.0,0.7047638946928542,0.09852736149102771,1,23083.434440000605,1.0,,,,,0.060168093629722724,
North Carolina,2022-07-11,2022-07-16,25703.0,26388.0,0.8397463331128662,0.14051856511329452,1,24544.15547550127,1.0,,,,,0.025958769137486737,
North Carolina,2022-07-18,2022-07-23,26811.0,30130.0,0.7898250717988885,0.07374276935334274,1,26604.418990860046,1.0,,,,,0.1101559907069366,
North Carolina,2022-07-25,2022-07-30,30083.0,33932.0,0.6811155802280358,0.10685475710006304,1,29165.628530275604,1.0,,,,,0.11343274784863845,
North Carolina,2022-08-01,2022-08-06,33330.0,33265.0,0.8114911491149115,0.19522305334440773,1,30863.6174565948,1.0,,,,,0.0019501950195019502,
North Carolina,2022-08-08,2022-08-13,32547.0,31230.0,0.648323962269948,0.12180686753458507,1,31350.53650332231,1.0,,,,,0.040464558945524934,
North Carolina,2022-08-15,2022-08-20,30976.0,27339.0,0.7427685950413223,0.22321833668995703,1,29404.100236018134,1.0,,,,,0.11741348140495868,
North Carolina,2022-08-22,2022-08-27,27382.0,23959.0,0.6906361843546855,0.06078589622494039,1,26826.52703526467,1.0,,,,,0.1250091300854576,
North Carolina,2022-08-29,2022-09-03,23623.0,21899.0,0.7090547347923634,0.0709728035761998,1,22405.99558287658,1.0,,,,,0.07297972315116624,
North Carolina,2022-09-05,2022-09-10,21347.0,20480.0,0.7470838993769616,0.08263018727593235,1,20189.792313521415,1.0,,,,,0.040614606267859656,
North Carolina,2022-09-12,2022-09-17,19601.0,21189.0,0.8985255854293148,0.0805032771443155,1,18960.165249712925,1.0,,,,,0.07494454669875879,
North Carolina,2022-09-19,2022-09-24,20663.0,20284.0,0.8387455838939166,0.07085112375811752,1,20449.37945052901,1.0,,,,,0.018341963896820402,
North Carolina,2022-09-26,2022-10-01,20288.0,16091.0,0.8053036277602523,0.059380078466861816,1,19603.148374995515,1.0,,,,,0.2068710567823344,
North Carolina,2022-10-03,2022-10-08,15847.0,11971.0,0.7994573105319619,0.049572766484765066,1,15535.371209621262,1.0,,,,,0.24458888117624786,
North Carolina,2022-10-10,2022-10-15,11315.0,10021.0,1.188157313300928,0.13511563599383938,1,11789.995751083323,1.0,,,,,0.11436146707909854,
North Carolina,2022-10-17,2022-10-22,8562.0,0.0,1.1108385891146928,0.0808841367956696,1,8670.87581678811,1.0,,,,,1.0,
North Carolina,2022-10-24,2022-10-29,6750.0,16582.0,0.8911111111111111,0.5557295942441455,2,71.46699992125984,0.42395982297985335,8647.50699047244,0.5760401770201468,,,0.5929320950428175,2.0
North Carolina,2022-10-31,2022-11-05,8234.0,8735.0,0.9900412922030605,0.44840863733039754,2,8276.48031496063,0.8179856957757377,16723.850393700784,0.1820143042242624,,,0.05735546651402404,1.0
North Carolina,2022-11-07,2022-11-12,8450.0,9365.0,0.7244970414201184,0.2779567632839708,2,8424.669291338583,0.8787301114248492,15469.55905511811,0.12126988857515086,,,0.09770421783235451,1.0
North Carolina,2022-11-14,2022-11-19,9366.0,6795.0,1.0902199444800342,0.12306457382046468,1,9504.846267957853,1.0,,,,,0.27450352338244716,
North Carolina,2022-11-21,2022-11-26,6974.0,6166.0,0.9366217378835675,0.12415883179573257,1,7004.308541198955,1.0,,,,,0.11585890450243763,
North Carolina,2022-11-28,2022-12-03,6448.0,6842.0,0.8152915632754343,0.1765419191957014,1,6161.189260715504,1.0,,,,,0.05758550131540485,
North Carolina,2022-12-05,2022-12-10,6893.0,11605.0,1.1270854490062383,0.16884136813171802,1,7511.973955694863,1.0,,,,,0.406031882809134,
North Carolina,2022-12-12,2022-12-17,13086.0,13190.0,1.877961179886902,0.1713782944479736,1,13470.720787958795,1.0,,,,,0.007884761182714178,
North Carolina,2022-12-19,2022-12-24,14912.0,16676.0,0.7552306866952789,0.08659781116564745,1,14131.225937458323,1.0,,,,,0.1057807627728472,
North Carolina,2022-12-26,2022-12-31,18126.0,0.0,0.9864835043583803,0.13685739326450846,1,17618.893438657,1.0,,,,,1.0,
North Carolina,2023-01-02,2023-01-07,14595.0,42982.0,0.6549503254539226,0.5666336669768662,3,245.73228346456693,0.28064639824842774,9583.55905511811,0.2583283100734246,19167.11811023622,0.4610252916781477,0.660439253641059,3.0
North Carolina,2023-01-09,2023-01-14,21810.0,22624.0,0.8283356258596973,0.5772238155036921,3,792.8674662432333,0.2042044947502283,22222.268118310163,0.6180908267571482,42982.0,0.17770467849262356,0.03597949080622348,2.0
North Carolina,2023-01-16,2023-01-21,21245.0,15741.0,1.7352318192515885,0.33230251389402965,3,10535.020566345389,0.28723836688343857,16319.934945455374,0.10411657003766993,23261.832200387358,0.6086450630788915,0.2590727229936456,2.0
North Carolina,2023-01-23,2023-01-28,15450.0,14381.0,0.994757281553398,0.30316199074118605,3,7553.033627830821,0.23148272868344869,15167.748111136965,0.5857829688680902,22419.8571428571,0.18273430244846117,0.06919093851132686,2.0
North Dakota,2021-07-26,2021-07-31,272.0,439.0,0.9852941176470589,0.0715373573058292,1,267.7419096301006,1.0,,,,,0.3804100227790433,
North Dakota,2021-08-02,2021-08-07,702.0,663.0,0.8091168091168092,0.1595006538972853,1,669.232465475392,1.0,,,,,0.05555555555555555,
North Dakota,2021-08-09,2021-08-14,1012.0,981.0,1.5968379446640317,0.3655508305190579,1,1151.1404806777548,1.0,,,,,0.030632411067193676,
North Dakota,2021-08-16,2021-08-21,1255.0,1464.0,0.7426294820717132,0.23821720433244625,1,1337.0887642068242,1.0,,,,,0.14275956284153005,
North Dakota,2021-08-23,2021-08-28,1840.0,2031.0,0.6103260869565217,0.0855923409417204,1,1832.924048199402,1.0,,,,,0.09404234367306745,
North Dakota,2021-08-30,2021-09-04,2443.0,2719.0,0.6299631600491199,0.053422610911023245,1,2422.2896727749794,1.0,,,,,0.10150790731886723,
North Dakota,2021-09-06,2021-09-11,3222.0,2987.0,0.701738050900062,0.14937386914376277,2,2727.153597888682,0.1689221170282307,3240.4547075335995,0.8310778829717693,,,0.0729360645561763,2.0
North Dakota,2021-09-13,2021-09-18,3129.0,3238.0,0.655161393416427,0.12258516723595729,2,2919.75824928305,0.7788698821597418,3694.48084541948,0.22113011784025818,,,0.033662754786905495,1.0
North Dakota,2021-09-20,2021-09-25,3246.0,3677.0,0.6472581638940235,0.05932224045455852,2,3240.835270044993,0.7926747145243284,3653.877897604049,0.20732528547567164,,,0.11721512102257275,2.0
North Dakota,2021-09-27,2021-10-02,3579.0,4300.0,0.9645152277172394,0.0659787224083483,1,3532.2110854485327,1.0,,,,,0.16767441860465115,
North Dakota,2021-10-04,2021-10-09,4549.0,4157.0,0.7704990107715981,0.06928494806729683,1,4528.3890544885035,1.0,,,,,0.08617278522752253,
North Dakota,2021-10-11,2021-10-16,4059.0,3532.0,0.713229859571323,0.10829100806829889,1,4037.361291700545,1.0,,,,,0.1298349347129835,
North Dakota,2021-10-18,2021-10-23,3256.0,3323.0,0.8212530712530712,0.11996108621823282,1,3274.2269107210204,1.0,,,,,0.02016250376166115,
North Dakota,2021-10-25,2021-10-30,2931.0,3603.0,0.6687137495735244,0.11696520750808666,1,2905.8285514270992,1.0,,,,,0.186511240632806,
North Dakota,2021-11-01,2021-11-06,3286.0,3426.0,0.7936701156421181,0.12200101215231017,1,3181.133726078231,1.0,,,,,0.040863981319322826,
North Dakota,2021-11-08,2021-11-13,3414.0,3320.0,0.7495606326889279,0.07292005840146858,1,3336.1195359467156,1.0,,,,,0.02753368482718219,
North Dakota,2021-11-15,2021-11-20,3271.0,3396.0,0.7756037908896362,0.10947149873059214,1,3205.59279609158,1.0,,,,,0.03680800942285041,
North Dakota,2021-11-22,2021-11-27,3258.0,2769.0,0.7298956414978515,0.04589947816413315,1,3286.672857295783,1.0,,,,,0.15009208103130756,
North Dakota,2021-11-29,2021-12-04,2937.0,3416.0,0.7497446373850868,0.08378187199372694,1,2927.7100604243315,1.0,,,,,0.14022248243559718,
North Dakota,2021-12-06,2021-12-11,3214.0,2439.0,0.6754822650902302,0.04853852985474237,1,3248.2855611156465,1.0,,,,,0.24113254511512133,
North Dakota,2021-12-13,2021-12-18,2605.0,2261.0,1.0015355086372362,0.07475954163238442,1,2513.6561451639127,1.0,,,,,0.13205374280230325,
North Dakota,2021-12-20,2021-12-25,2185.0,2024.0,1.1377574370709382,1.2957899383188234,1,2847.823554302586,1.0,,,,,0.07368421052631578,
North Dakota,2021-12-27,2022-01-01,2131.0,3328.0,1.1909901454716096,0.05835600996033436,1,2134.011491007047,1.0,,,,,0.3596754807692308,
North Dakota,2022-01-03,2022-01-08,3069.0,7775.0,0.9921798631476051,0.04785736130738272,1,3017.5761351935985,1.0,,,,,0.6052733118971061,
North Dakota,2022-01-10,2022-01-15,10056.0,13172.0,1.1851630867143994,0.006152735441390125,1,10054.760620059484,1.0,,,,,0.23656240510173093,
North Dakota,2022-01-17,2022-01-22,16864.0,16044.0,1.0984938330170777,0.039065031988740326,1,16840.778143118427,1.0,,,,,0.048624288425047436,
North Dakota,2022-01-24,2022-01-29,18339.0,12018.0,1.075467582747151,0.12142629378095839,1,16880.187875779236,1.0,,,,,0.3446752821855063,
North Dakota,2022-01-31,2022-02-05,12480.0,7008.0,0.8318910256410257,0.0021017567894053187,1,12480.03876347652,1.0,,,,,0.43846153846153846,
North Dakota,2022-02-07,2022-02-12,8419.0,4041.0,0.7471196104050363,0.12350604560699195,1,8019.384332558789,1.0,,,,,0.5200142534742843,
North Dakota,2022-02-14,2022-02-19,2771.0,2044.0,1.1504871887405268,0.41414495440038507,1,3124.0696277736333,1.0,,,,,0.26236015878744134,
North Dakota,2022-02-21,2022-02-26,1602.0,1120.0,1.5430711610486891,0.440440248318384,1,1334.1884638060749,1.0,,,,,0.30087390761548066,
North Dakota,2022-02-28,2022-03-05,781.0,716.0,1.8886043533930859,0.3739907303770883,2,87.0,0.1129068832535248,765.4353205849293,0.8870931167464753,,,0.08322663252240717,2.0
North Dakota,2022-03-07,2022-03-12,569.0,478.0,1.9244288224956063,0.391631518725425,2,48.48256467941507,0.15107432320983374,554.1226096737906,0.8489256767901662,,,0.15992970123022848,2.0
North Dakota,2022-03-14,2022-03-19,357.0,283.0,2.857142857142857,0.42989042698438695,2,28.826771653543307,0.19437512057750322,370.8740157480315,0.8056248794224968,,,0.20728291316526612,2.0
North Dakota,2022-03-21,2022-03-26,218.0,221.0,3.0045871559633026,0.640772971124681,1,225.31129472602888,1.0,,,,,0.013574660633484163,
North Dakota,2022-03-28,2022-04-02,254.0,209.0,1.830708661417323,0.4103786352920482,1,151.8483713794554,1.0,,,,,0.17716535433070865,
North Dakota,2022-04-04,2022-04-09,209.0,263.0,2.0239234449760763,0.5406218175589238,1,180.8998890709581,1.0,,,,,0.20532319391634982,
North Dakota,2022-04-11,2022-04-16,207.0,251.0,1.6280193236714975,0.3213066222229463,1,176.91888888941497,1.0,,,,,0.1752988047808765,
North Dakota,2022-04-18,2022-04-23,260.0,379.0,1.523076923076923,0.24742005543362988,1,241.22084524265688,1.0,,,,,0.31398416886543534,
North Dakota,2022-04-25,2022-04-30,327.0,439.0,1.3730886850152906,0.3842661294587398,1,302.15515951627185,1.0,,,,,0.255125284738041,
North Dakota,2022-05-02,2022-05-07,345.0,651.0,1.6405797101449275,0.39888755585296093,1,365.91325338912594,1.0,,,,,0.4700460829493088,
North Dakota,2022-05-09,2022-05-14,616.0,781.0,1.3847402597402598,0.19223839098224565,1,547.2457209395011,1.0,,,,,0.2112676056338028,
North Dakota,2022-05-16,2022-05-21,739.0,883.0,1.087956698240866,0.22029427157263362,1,758.7331384919993,1.0,,,,,0.16308040770101925,
North Dakota,2022-05-23,2022-05-28,884.0,1012.0,1.2273755656108598,0.22593198643323223,1,875.924073129114,1.0,,,,,0.12648221343873517,
North Dakota,2022-05-30,2022-06-04,957.0,1178.0,1.284221525600836,0.22594477308441913,1,928.2248653539469,1.0,,,,,0.18760611205432937,
North Dakota,2022-06-06,2022-06-11,1001.0,1141.0,1.5894105894105894,0.19686679909487073,1,1040.9562415216124,1.0,,,,,0.12269938650306748,
North Dakota,2022-06-13,2022-06-18,1068.0,1252.0,1.2453183520599251,0.12867310114572114,1,1114.1235148192734,1.0,,,,,0.14696485623003194,
North Dakota,2022-06-20,2022-06-25,1116.0,1212.0,1.3548387096774193,0.22366323123836723,1,1134.1496307662792,1.0,,,,,0.07920792079207921,
North Dakota,2022-06-27,2022-07-02,1177.0,1480.0,1.1656754460492778,0.07946497639740696,1,1186.3090136544213,1.0,,,,,0.20472972972972972,
North Dakota,2022-07-04,2022-07-09,1304.0,1589.0,1.3366564417177915,0.1474806624239068,1,1331.4482245631339,1.0,,,,,0.17935808684707363,
North Dakota,2022-07-11,2022-07-16,1543.0,1807.0,1.374594944912508,0.33598600886431623,1,1626.3238751987833,1.0,,,,,0.14609850581073602,
North Dakota,2022-07-18,2022-07-23,1739.0,1844.0,1.2501437607820587,0.19397031534992115,1,1807.165087976795,1.0,,,,,0.056941431670282,
North Dakota,2022-07-25,2022-07-30,1785.0,1901.0,1.0084033613445378,0.1041100498585976,1,1732.3608616435586,1.0,,,,,0.06102051551814834,
North Dakota,2022-08-01,2022-08-06,1746.0,1949.0,1.2898052691867126,0.19159144036745696,1,1760.0750909251406,1.0,,,,,0.10415597742432016,
North Dakota,2022-08-08,2022-08-13,1890.0,1751.0,0.8804232804232804,0.15624131564136595,1,1893.2478967933898,1.0,,,,,0.07354497354497354,
North Dakota,2022-08-15,2022-08-20,1522.0,1493.0,1.3942181340341655,0.3521099295767868,1,1631.0708483953028,1.0,,,,,0.019053876478318004,
North Dakota,2022-08-22,2022-08-27,1278.0,1370.0,1.4608763693270737,0.20474617022191618,1,1323.375413812915,1.0,,,,,0.06715328467153285,
North Dakota,2022-08-29,2022-09-03,1222.0,1203.0,1.4026186579378068,0.13382400206217088,1,1156.5647532495109,1.0,,,,,0.015548281505728314,
North Dakota,2022-09-05,2022-09-10,1059.0,1105.0,1.52219074598678,0.18792342615500873,1,1033.986598604049,1.0,,,,,0.0416289592760181,
North Dakota,2022-09-12,2022-09-17,919.0,1027.0,1.438520130576714,0.19910735225801088,1,851.6819105902412,1.0,,,,,0.10516066212268745,
North Dakota,2022-09-19,2022-09-24,767.0,1016.0,1.2790091264667536,0.26515511817063153,1,684.7525210483408,1.0,,,,,0.24507874015748032,
North Dakota,2022-09-26,2022-10-01,773.0,955.0,1.2134540750323415,0.18805941272418614,1,724.4653504946798,1.0,,,,,0.1905759162303665,
North Dakota,2022-10-03,2022-10-08,735.0,971.0,1.2503401360544217,0.10932022783568311,1,727.0942960113063,1.0,,,,,0.243048403707518,
North Dakota,2022-10-10,2022-10-15,753.0,786.0,1.447543160690571,0.18122974951135978,1,726.0149836103005,1.0,,,,,0.04198473282442748,
North Dakota,2022-10-17,2022-10-22,669.0,772.0,1.5291479820627802,0.28061659596768174,1,617.9177526281894,1.0,,,,,0.133419689119171,
North Dakota,2022-10-24,2022-10-29,617.0,846.0,1.5316045380875203,0.2320045567555538,1,571.0868999966249,1.0,,,,,0.2706855791962175,
North Dakota,2022-10-31,2022-11-05,784.0,1013.0,1.0790816326530612,0.31580360775105426,1,752.0135659842924,1.0,,,,,0.22606120434353405,
North Dakota,2022-11-07,2022-11-12,845.0,811.0,1.2106508875739646,0.17851161644504893,1,920.4745222935912,1.0,,,,,0.040236686390532544,
North Dakota,2022-11-14,2022-11-19,805.0,825.0,1.537888198757764,0.2824159117170209,1,766.0430807413936,1.0,,,,,0.024242424242424242,
North Dakota,2022-11-21,2022-11-26,746.0,868.0,1.3324396782841823,0.21784386948328074,1,705.4458222345319,1.0,,,,,0.14055299539170507,
North Dakota,2022-11-28,2022-12-03,745.0,1049.0,1.3583892617449664,0.14467001490439174,1,778.9253856916596,1.0,,,,,0.2897998093422307,
North Dakota,2022-12-05,2022-12-10,885.0,1120.0,1.6824858757062147,0.1877203683732129,1,918.129834764987,1.0,,,,,0.20982142857142858,
North Dakota,2022-12-12,2022-12-17,891.0,818.0,1.6475869809203143,0.4746820196997569,2,5.886861495033373,0.29094117552152704,900.5164377819393,0.709058824478473,,,0.0819304152637486,2.0
North Dakota,2022-12-19,2022-12-24,857.0,709.0,1.6114352392065345,0.371650701551661,2,9.10819912084844,0.13584591926224765,919.8689234358877,0.8641540807377524,,,0.17269544924154026,2.0
North Dakota,2022-12-26,2022-12-31,665.0,632.0,2.093233082706767,0.43331613272858005,2,6.853016762819608,0.17633757181843443,786.645107614577,0.8236624281815657,,,0.04962406015037594,2.0
North Dakota,2023-01-02,2023-01-07,548.0,528.0,1.7846715328467153,0.460402159813582,2,545.3927071185693,0.7689701146474268,1080.42139,0.23102988535257304,,,0.0364963503649635,1.0
North Dakota,2023-01-09,2023-01-14,479.0,584.0,1.8559498956158664,0.19006896425006037,1,446.1128912623329,1.0,,,,,0.1797945205479452,
North Dakota,2023-01-16,2023-01-21,454.0,518.0,1.9383259911894273,0.41873603879088334,1,454.6005326420331,1.0,,,,,0.12355212355212356,
North Dakota,2023-01-23,2023-01-28,363.0,741.0,1.815426997245179,0.19186537811909596,1,380.13579444463693,1.0,,,,,0.5101214574898786,
Ohio,2021-07-26,2021-07-31,8234.0,7668.0,1.368350740830702,0.13270863675803876,1,7822.902718987531,1.0,,,,,0.06873937333009474,
Ohio,2021-08-02,2021-08-07,11160.0,11640.0,1.3440860215053763,0.08776076968304167,1,10767.020642211517,1.0,,,,,0.041237113402061855,
Ohio,2021-08-09,2021-08-14,16818.0,16865.0,0.7978356522773219,0.0991442880980196,1,15966.54293621128,1.0,,,,,0.002786836643937148,
Ohio,2021-08-16,2021-08-21,22919.0,21010.0,0.5807845019416205,0.13635878266129284,1,23113.748973872425,1.0,,,,,0.08329333740564597,
Ohio,2021-08-23,2021-08-28,25013.0,29140.0,0.4302962459521049,0.06344735643163439,1,25050.86973899336,1.0,,,,,0.14162663006177076,
Ohio,2021-08-30,2021-09-04,34612.0,39705.0,0.36594244770599793,0.05053692622402686,1,34869.217963352465,1.0,,,,,0.12827099861478403,
Ohio,2021-09-06,2021-09-11,46172.0,46525.0,0.3910595165901412,0.08711440511507917,1,46737.88791420752,1.0,,,,,0.0075873186458893065,
Ohio,2021-09-13,2021-09-18,46863.0,48615.0,0.4752363271664213,0.12627832435011854,1,48410.39862037187,1.0,,,,,0.03603825979635915,
Ohio,2021-09-20,2021-09-25,49419.0,42972.0,0.4164592565612416,0.06915055399752021,1,49471.44847576118,1.0,,,,,0.13045589752929035,
Ohio,2021-09-27,2021-10-02,41929.0,40551.0,0.6711106871139307,0.1284062449414783,1,39509.705036335305,1.0,,,,,0.03286508144720838,
Ohio,2021-10-04,2021-10-09,38278.0,35632.0,0.5090391347510319,0.13741099850011565,1,36464.027370282165,1.0,,,,,0.06912586864517477,
Ohio,2021-10-11,2021-10-16,34147.0,32228.0,0.6042990599467011,0.17400795789413306,1,33981.87686454419,1.0,,,,,0.056198201891820655,
Ohio,2021-10-18,2021-10-23,28653.0,25144.0,0.5301713607650159,0.1455514507444413,1,27929.546915642866,1.0,,,,,0.12246536139322235,
Ohio,2021-10-25,2021-10-30,21696.0,23607.0,0.6373525073746312,0.1438080088040405,1,21611.079994761563,1.0,,,,,0.08095056551023001,
Ohio,2021-11-01,2021-11-06,21425.0,24923.0,0.6282380396732788,0.12771011275590133,1,21224.984081787366,1.0,,,,,0.14035228503791677,
Ohio,2021-11-08,2021-11-13,24321.0,33026.0,0.5561037786275236,0.08635831714119514,1,23962.916219561655,1.0,,,,,0.263580209531884,
Ohio,2021-11-15,2021-11-20,33134.0,38210.0,0.6922496529244885,0.09825147253365056,1,33699.83665636278,1.0,,,,,0.1328448050248626,
Ohio,2021-11-22,2021-11-27,38123.0,34426.0,0.6242688141017234,0.06070045206762472,1,38874.82202272446,1.0,,,,,0.09697557904676966,
Ohio,2021-11-29,2021-12-04,36217.0,52173.0,0.6160918905486373,0.13387975822084636,1,36940.582287284145,1.0,,,,,0.3058286853353267,
Ohio,2021-12-06,2021-12-11,47813.0,50770.0,0.6644427247819631,0.1362182002504823,1,49888.67839037346,1.0,,,,,0.05824305692337995,
Ohio,2021-12-13,2021-12-18,51698.0,63062.0,0.6187086541065419,0.052852425614879,1,52587.20948057603,1.0,,,,,0.18020360914655417,
Ohio,2021-12-20,2021-12-25,63028.0,71490.0,0.8173986164879101,0.10514543689943935,1,63766.099688048955,1.0,,,,,0.11836620506364527,
Ohio,2021-12-27,2022-01-01,94002.0,105104.0,0.6860705091381034,0.10974350045470369,1,94916.61519576458,1.0,,,,,0.10562871061044299,
Ohio,2022-01-03,2022-01-08,134158.0,154044.0,0.9374319831840069,0.02507272737919238,1,133760.55676093424,1.0,,,,,0.12909298641946457,
Ohio,2022-01-10,2022-01-15,192517.0,187851.0,1.1375359059199968,0.004888688258281577,1,192515.13106172121,1.0,,,,,0.024236820644410625,
Ohio,2022-01-17,2022-01-22,148036.0,138253.0,1.0770353157340107,0.013627978260547905,1,148114.77492587743,1.0,,,,,0.06608527655435165,
Ohio,2022-01-24,2022-01-29,172394.0,74778.0,1.00537141663863,0.0649379090600258,1,171141.07402668404,1.0,,,,,0.5662378040999106,
Ohio,2022-01-31,2022-02-05,75889.0,37034.0,0.7103137477104718,0.016119921643381455,1,75854.33514558399,1.0,,,,,0.5119977862404301,
Ohio,2022-02-07,2022-02-12,38264.0,22791.0,0.5540978465398285,0.24527915624412663,1,37987.01616429596,1.0,,,,,0.40437486932887307,
Ohio,2022-02-14,2022-02-19,16770.0,13083.0,0.9856290995825879,0.3425775616054695,1,15492.440917467124,1.0,,,,,0.21985688729874778,
Ohio,2022-02-21,2022-02-26,12194.0,8705.0,1.3711661472855503,0.2831668189743675,1,10128.867535549169,1.0,,,,,0.2861243234377563,
Ohio,2022-02-28,2022-03-05,6842.0,6504.0,0.8244665302543116,0.30612619177612715,1,6517.694389646208,1.0,,,,,0.04940076001169249,
Ohio,2022-03-07,2022-03-12,5436.0,4380.0,0.9047093451066961,0.2963518617971769,1,5031.458672357272,1.0,,,,,0.19426048565121412,
Ohio,2022-03-14,2022-03-19,3242.0,2512.0,2.595003084515731,0.4110503202960499,1,2903.0332705779647,1.0,,,,,0.22516964836520667,
Ohio,2022-03-21,2022-03-26,2269.0,3668.0,2.134861172322609,0.5148861948041293,1,2074.856626190816,1.0,,,,,0.3814067611777535,
Ohio,2022-03-28,2022-04-02,3479.0,3103.0,1.2055188272492094,0.42113887991052623,1,3067.066513558586,1.0,,,,,0.10807703363035355,
Ohio,2022-04-04,2022-04-09,2636.0,3828.0,2.3805007587253413,0.7768758010901468,1,2648.0317325321694,1.0,,,,,0.3113897596656217,
Ohio,2022-04-11,2022-04-16,3067.0,4808.0,1.7208999021845452,0.7578694334332732,1,3797.2854093781134,1.0,,,,,0.3621048252911814,
Ohio,2022-04-18,2022-04-23,4950.0,6890.0,1.1602020202020202,0.49356171652685726,1,5065.062306923053,1.0,,,,,0.28156748911465895,
Ohio,2022-04-25,2022-04-30,7476.0,8731.0,0.9868913857677902,0.3980845737857142,1,7430.199120696128,1.0,,,,,0.1437406940785706,
Ohio,2022-05-02,2022-05-07,9570.0,11013.0,0.8958202716823407,0.3257257459895952,1,8210.033861905955,1.0,,,,,0.1310269681285753,
Ohio,2022-05-09,2022-05-14,12072.0,15970.0,0.6816600397614314,0.13689147757613446,1,11577.230139793393,1.0,,,,,0.2440826549780839,
Ohio,2022-05-16,2022-05-21,16689.0,19536.0,0.7154413086464138,0.19980782411647702,1,16446.152494492508,1.0,,,,,0.14573095823095822,
Ohio,2022-05-23,2022-05-28,19209.0,19546.0,1.0213962205216305,0.38109571940995707,2,7879.936703149607,0.19305354912278208,18386.51897401575,0.806946450877218,,,0.017241379310344827,2.0
Ohio,2022-05-30,2022-06-04,20449.0,17530.0,0.7956379285050613,0.1799168423197602,2,13707.024218110237,0.18372573226536926,20747.17678425197,0.8162742677346307,,,0.1427453665215903,2.0
Ohio,2022-06-06,2022-06-11,18229.0,18247.0,0.807504525755664,0.1526779810887756,2,12163.31982421875,0.11426861605512337,18178.33188773743,0.8857313839448765,,,0.0009864635282512194,2.0
Ohio,2022-06-13,2022-06-18,18375.0,16169.0,0.9050884353741496,0.15982504191300684,1,17553.129692351053,1.0,,,,,0.12005442176870748,
Ohio,2022-06-20,2022-06-25,16899.0,16159.0,0.7707556660157405,0.16885070084099374,1,16157.471955324027,1.0,,,,,0.04378957334753536,
Ohio,2022-06-27,2022-07-02,16068.0,17225.0,0.8332710978342046,0.13268133289999018,1,15347.178393127742,1.0,,,,,0.06716981132075471,
Ohio,2022-07-04,2022-07-09,16763.0,18838.0,0.7972916542385015,0.1700836278356602,2,8873.327171505905,0.11112204555499104,16830.537924458662,0.8888779544450088,,,0.11014969742010829,2.0
Ohio,2022-07-11,2022-07-16,18977.0,24465.0,1.0305106181166674,0.1791081877906252,2,18803.184267697634,0.7308192657017896,24591.129237054916,0.2691807342982105,,,0.22432045779685264,2.0
Ohio,2022-07-18,2022-07-23,25116.0,26610.0,0.907469342251951,0.20060299309026655,2,24099.97595590365,0.6554235221547892,29110.54515318586,0.3445764778452109,,,0.05614430665163472,2.0
Ohio,2022-07-25,2022-07-30,27561.0,29876.0,0.7618736620587061,0.20488503523783766,2,26822.751384028812,0.88713154313419,37025.93410093064,0.11286845686581001,,,0.07748694604364707,1.0
Ohio,2022-08-01,2022-08-06,29868.0,27785.0,0.816793893129771,0.26652700841327376,3,10744.45,0.19916336338219448,30050.847092319826,0.6828229250104949,39933.88369910259,0.1180137116073107,0.06974019017008169,2.0
Ohio,2022-08-08,2022-08-13,28843.0,26016.0,0.7727698228339632,0.12785979630534827,3,27927.277169279012,0.5621084116203209,32207.4623870543,0.31666335834367487,38777.04900038381,0.12122823003600423,0.09801338279651908,1.0
Ohio,2022-08-15,2022-08-20,26189.0,24067.0,0.9335598915575242,0.24032569883525173,3,25424.87600459296,0.6725380872428031,32260.139545554313,0.2018266654951924,37656.40023578696,0.12563524726200462,0.08102638512352514,1.0
Ohio,2022-08-22,2022-08-27,24072.0,23436.0,0.7564390162844798,0.16458111337959194,1,24953.753659538066,1.0,,,,,0.02642073778664008,
Ohio,2022-08-29,2022-09-03,23439.0,25280.0,0.8383463458338666,0.12123408902957,1,23438.617672078562,1.0,,,,,0.0728243670886076,
Ohio,2022-09-05,2022-09-10,24929.0,21731.0,0.6763608648561916,0.05401588259186853,1,24794.224731548777,1.0,,,,,0.1282843274900718,
Ohio,2022-09-12,2022-09-17,22153.0,20552.0,0.8388931521690065,0.08390362636761886,1,22244.433151569818,1.0,,,,,0.072270121428249,
Ohio,2022-09-19,2022-09-24,20189.0,14536.0,0.8146515429194116,0.06200060526665597,1,20004.071987932628,1.0,,,,,0.28000396255386595,
Ohio,2022-09-26,2022-10-01,15506.0,12101.0,0.978330968657294,0.19234078949648123,1,16726.907260401294,1.0,,,,,0.21959241583903005,
Ohio,2022-10-03,2022-10-08,11317.0,9997.0,0.8429795882300963,0.11363830555338192,1,11105.037431176119,1.0,,,,,0.1166386851639127,
Ohio,2022-10-10,2022-10-15,9195.0,8535.0,0.9174551386623164,0.11234530078652799,1,9462.286304734022,1.0,,,,,0.07177814029363784,
Ohio,2022-10-17,2022-10-22,8242.0,11097.0,1.0481679204076682,0.10517047759474495,1,8254.886403022223,1.0,,,,,0.2572767414616563,
Ohio,2022-10-24,2022-10-29,11352.0,11663.0,0.9323467230443975,0.12976192829943498,1,11302.670097236216,1.0,,,,,0.026665523450227213,
Ohio,2022-10-31,2022-11-05,12860.0,12262.0,0.9821928460342146,0.07642449606091453,1,12897.64469819612,1.0,,,,,0.04650077760497667,
Ohio,2022-11-07,2022-11-12,12765.0,10865.0,0.9111633372502937,0.045932084197478684,1,12791.20516155885,1.0,,,,,0.14884449667058364,
Ohio,2022-11-14,2022-11-19,12073.0,10170.0,0.7637703967530854,0.10603209616202834,1,11585.201596220395,1.0,,,,,0.15762445125486624,
Ohio,2022-11-21,2022-11-26,10343.0,9424.0,0.8173644010441845,0.07477408370612143,1,10421.295356104549,1.0,,,,,0.08885236391762545,
Ohio,2022-11-28,2022-12-03,9879.0,16091.0,0.7647535175625063,0.10074752093842948,1,10122.693376722198,1.0,,,,,0.3860543160773103,
Ohio,2022-12-05,2022-12-10,14847.0,16061.0,0.7723445813969152,0.15167766777901448,1,14731.361575406254,1.0,,,,,0.07558682522881514,
Ohio,2022-12-12,2022-12-17,17514.0,16719.0,1.0400251227589357,0.03950340179641562,1,17418.300693555455,1.0,,,,,0.04539225762247345,
Ohio,2022-12-19,2022-12-24,17726.0,17891.0,0.8188536612885028,0.0653880312891701,1,17832.50575679767,1.0,,,,,0.009222514113241294,
Ohio,2022-12-26,2022-12-31,18002.0,13047.0,0.8839573380735474,0.06032551443616224,1,18177.02489599463,1.0,,,,,0.2752471947561382,
Ohio,2023-01-02,2023-01-07,15519.0,13895.0,0.8173207036535859,0.19479470812899796,1,14780.714384943372,1.0,,,,,0.10464591790708164,
Ohio,2023-01-09,2023-01-14,13964.0,10188.0,1.0686765969636207,0.2909076003116005,1,13043.045255732495,1.0,,,,,0.2704096247493555,
Ohio,2023-01-16,2023-01-21,9556.0,7961.0,1.2911259941398074,0.2221154002932799,1,8948.234208403182,1.0,,,,,0.16691084135621598,
Ohio,2023-01-23,2023-01-28,7926.0,8155.0,1.1608629825889478,0.21176178302589999,1,7483.885386054279,1.0,,,,,0.028080931943592888,
Oklahoma,2021-07-26,2021-07-31,10818.0,9459.0,0.9828064337215752,0.12539445606348779,1,10437.441656852874,1.0,,,,,0.12562396006655574,
Oklahoma,2021-08-02,2021-08-07,16030.0,13348.0,0.7750467872738616,0.15412488392622112,1,15611.794191913135,1.0,,,,,0.16731129132875858,
Oklahoma,2021-08-09,2021-08-14,18242.0,14851.0,0.7756824909549391,0.21228924924007353,1,18967.20510541557,1.0,,,,,0.1858897050761978,
Oklahoma,2021-08-16,2021-08-21,17473.0,15542.0,0.660962628054713,0.1527586363284982,1,16671.304244088384,1.0,,,,,0.11051336347507583,
Oklahoma,2021-08-23,2021-08-28,15920.0,18036.0,0.48913316582914573,0.13270592919101387,1,16511.531269649975,1.0,,,,,0.11732091372809936,
Oklahoma,2021-08-30,2021-09-04,19076.0,18438.0,0.411616691130216,0.042752213978110146,1,19086.469429616456,1.0,,,,,0.03344516670161459,
Oklahoma,2021-09-06,2021-09-11,18841.0,16462.0,0.4895706172708455,0.1256637421296862,1,19699.118035660736,1.0,,,,,0.12626718327052705,
Oklahoma,2021-09-13,2021-09-18,15232.0,14762.0,0.4404543067226891,0.1845200495497568,1,15626.668497680426,1.0,,,,,0.03085609243697479,
Oklahoma,2021-09-20,2021-09-25,13371.0,12317.0,0.40550444992895074,0.08827556204902054,1,13713.124219674311,1.0,,,,,0.07882731284122355,
Oklahoma,2021-09-27,2021-10-02,11909.0,10826.0,0.9934503316819212,0.1635253496263494,1,11059.686180936185,1.0,,,,,0.09093962549332438,
Oklahoma,2021-10-04,2021-10-09,9388.0,7563.0,0.6592458457605453,0.11812901487720279,1,9728.084142718495,1.0,,,,,0.1943971026842778,
Oklahoma,2021-10-11,2021-10-16,6376.0,9092.0,0.8646486825595985,0.10327467942551308,1,6418.497495658756,1.0,,,,,0.2987241531016278,
Oklahoma,2021-10-18,2021-10-23,8259.0,7085.0,0.6416030996488679,0.2143062522306056,1,7547.493316829914,1.0,,,,,0.14214795980142875,
Oklahoma,2021-10-25,2021-10-30,6826.0,5021.0,0.6813653677116905,0.1889187015268601,1,6718.539204500388,1.0,,,,,0.26443012012891887,
Oklahoma,2021-11-01,2021-11-06,5144.0,4231.0,1.0797045101088647,0.17118980317400326,1,5446.4326308174495,1.0,,,,,0.17748833592534993,
Oklahoma,2021-11-08,2021-11-13,3812.0,4522.0,0.770199370409234,0.16209327339366844,1,3940.093897976884,1.0,,,,,0.15701017249004864,
Oklahoma,2021-11-15,2021-11-20,4341.0,5869.0,0.8500345542501728,0.26377247046616686,1,4399.924993777756,1.0,,,,,0.2603509967626512,
Oklahoma,2021-11-22,2021-11-27,6125.0,3620.0,0.9980408163265306,0.16391798746719136,1,6020.6945448750685,1.0,,,,,0.4089795918367347,
Oklahoma,2021-11-29,2021-12-04,4431.0,8200.0,1.1311216429699842,0.34680407135413566,2,4197.732283464567,0.6030971846546473,6470.8031496062995,0.39690281534535277,,,0.45963414634146343,2.0
Oklahoma,2021-12-06,2021-12-11,5535.0,9634.0,0.8720867208672086,0.40090751711013434,2,4676.967929448819,0.761789922220105,10063.0,0.2382100777798951,,,0.42547228565497197,2.0
Oklahoma,2021-12-13,2021-12-18,8435.0,5852.0,1.1458209839952578,0.19471738785144024,2,7655.718407612101,0.57057499891634,10812.204371467818,0.42942500108366,,,0.3062240663900415,1.0
Oklahoma,2021-12-20,2021-12-25,7085.0,8304.0,1.0873676781933663,0.20910867255706875,1,7289.03446891557,1.0,,,,,0.14679672447013487,
Oklahoma,2021-12-27,2022-01-01,7148.0,14728.0,1.144935646334639,0.07311124072718618,1,7074.907698535793,1.0,,,,,0.5146659424225964,
Oklahoma,2022-01-03,2022-01-08,17607.0,28655.0,0.9798943601976486,0.11439252633077007,1,17145.93218952416,1.0,,,,,0.3855522596405514,
Oklahoma,2022-01-10,2022-01-15,45930.0,73796.0,1.00598737208796,0.004707388459787978,1,45928.34776349323,1.0,,,,,0.37760854246842646,
Oklahoma,2022-01-17,2022-01-22,71413.0,82524.0,0.9607354403259911,0.05460297963514976,1,71404.54054399642,1.0,,,,,0.13463961998933643,
Oklahoma,2022-01-24,2022-01-29,78993.0,69742.0,1.0238248958768499,0.1468857787642629,1,72915.48200609238,1.0,,,,,0.11711164280379274,
Oklahoma,2022-01-31,2022-02-05,69620.0,31891.0,0.7943837977592646,0.0030253025143862633,1,69624.63033514895,1.0,,,,,0.5419276070094801,
Oklahoma,2022-02-07,2022-02-12,62046.0,11300.0,0.7913644715211294,0.29743197176901615,3,18979.065235749298,0.14864011697425103,29810.08649792039,0.1514346614201077,63602.8728358942,0.6999252216056413,0.8178770589562583,1.0
Oklahoma,2022-02-14,2022-02-19,4965.0,6441.0,1.727291037260826,2.7054236075343434,3,2208.7961523476197,0.5122251978695277,6309.791237561915,0.27751740125503493,36657.1548681477,0.2102574008754374,0.22915696320447135,2.0
Oklahoma,2022-02-21,2022-02-26,6064.0,6202.0,1.2015171503957784,0.74913296338234,3,2996.8073044628204,0.7117492517012292,6118.051006564377,0.13401375269693974,15158.8948333413,0.15423699560183118,0.022250886810706225,2.0
Oklahoma,2022-02-28,2022-03-05,4740.0,4982.0,1.6240506329113924,3.7084281343230048,1,11106.448401964897,1.0,,,,,0.048574869530309116,
Oklahoma,2022-03-07,2022-03-12,3571.0,2179.0,1.4928591430971716,0.45357148715745443,1,3227.2568822078174,1.0,,,,,0.38980677681321757,
Oklahoma,2022-03-14,2022-03-19,1813.0,2984.0,3.1643684500827356,0.6796684414237626,1,1749.8971886578406,1.0,,,,,0.39242627345844505,
Oklahoma,2022-03-21,2022-03-26,2643.0,1814.0,1.990541051835036,0.5037383860463434,1,2221.1412490101457,1.0,,,,,0.3136587211502081,
Oklahoma,2022-03-28,2022-04-02,2541.0,1810.0,1.5466351829988194,0.393466704474186,1,1589.443358337507,1.0,,,,,0.2876820149547422,
Oklahoma,2022-04-04,2022-04-09,1911.0,2875.0,1.8618524332810047,0.46336554036909094,1,1467.68695209955,1.0,,,,,0.335304347826087,
Oklahoma,2022-04-11,2022-04-16,2179.0,1596.0,1.6158788435061955,0.525755198110443,1,2603.2532746370853,1.0,,,,,0.26755392381826526,
Oklahoma,2022-04-18,2022-04-23,1348.0,1686.0,1.5252225519287834,0.36837390665013037,1,1365.9605288817147,1.0,,,,,0.20047449584816132,
Oklahoma,2022-04-25,2022-04-30,1822.0,1567.0,2.0417124039517014,0.346965478160894,1,1642.730699327019,1.0,,,,,0.13995609220636662,
Oklahoma,2022-05-02,2022-05-07,1376.0,1655.0,1.7507267441860466,0.271180705764823,1,1360.7508309184018,1.0,,,,,0.16858006042296073,
Oklahoma,2022-05-09,2022-05-14,1605.0,2231.0,1.8037383177570094,0.14966541904118072,1,1638.4401410319967,1.0,,,,,0.2805916629314209,
Oklahoma,2022-05-16,2022-05-21,2534.0,2348.0,1.1468034727703236,0.3227244973218953,1,2674.386905818495,1.0,,,,,0.0734017363851618,
Oklahoma,2022-05-23,2022-05-28,2402.0,1772.0,1.2398001665278935,0.42226121828151914,1,2659.256100085201,1.0,,,,,0.2622814321398834,
Oklahoma,2022-05-30,2022-06-04,2258.0,4570.0,1.5597874224977857,0.23997984510080098,1,2317.1399743461443,1.0,,,,,0.5059080962800875,
Oklahoma,2022-06-06,2022-06-11,3719.0,4739.0,1.1408980908846464,0.31306438857097085,1,4203.526774121943,1.0,,,,,0.21523528170500106,
Oklahoma,2022-06-13,2022-06-18,4653.0,3495.0,1.6978293574038255,0.19243544765718637,1,4758.923595418727,1.0,,,,,0.2488716956802063,
Oklahoma,2022-06-20,2022-06-25,4596.0,8943.0,1.1803742384682332,0.12843090773512733,1,4426.632673883415,1.0,,,,,0.48607849714860785,
Oklahoma,2022-06-27,2022-07-02,8565.0,5615.0,1.212142440163456,0.2098281049626649,1,8269.551567328132,1.0,,,,,0.344424985405721,
Oklahoma,2022-07-04,2022-07-09,7446.0,8564.0,1.3811442385173247,0.1400457094826709,1,7140.65239439814,1.0,,,,,0.1305464736104624,
Oklahoma,2022-07-11,2022-07-16,8521.0,11996.0,1.3604037084849196,0.1184475330445731,1,8297.970305106568,1.0,,,,,0.28967989329776594,
Oklahoma,2022-07-18,2022-07-23,11170.0,11643.0,1.1698299015219338,0.20098405207897788,1,11205.666761260813,1.0,,,,,0.040625268401614706,
Oklahoma,2022-07-25,2022-07-30,11629.0,12381.0,0.9508126236133804,0.1335515261539435,1,11145.742221142014,1.0,,,,,0.06073822792989258,
Oklahoma,2022-08-01,2022-08-06,12124.0,11780.0,1.266413724843286,0.23143802729463409,1,11076.862302980035,1.0,,,,,0.02837347410095678,
Oklahoma,2022-08-08,2022-08-13,11879.0,11538.0,0.9887195891910093,0.1276321968109404,1,11472.782147466367,1.0,,,,,0.02870612004377473,
Oklahoma,2022-08-15,2022-08-20,11879.0,9219.0,1.0193618991497602,0.21984862878840397,1,11254.713994609981,1.0,,,,,0.22392457277548616,
Oklahoma,2022-08-22,2022-08-27,9361.0,9895.0,1.039846170280953,0.17429694223732464,1,9627.035181518335,1.0,,,,,0.053966649823143004,
Oklahoma,2022-08-29,2022-09-03,9786.0,10649.0,1.0525240138974044,0.14507619296907834,1,9311.42818522328,1.0,,,,,0.08104047328387642,
Oklahoma,2022-09-05,2022-09-10,9722.0,8056.0,1.1927586916272372,0.06988777423220494,1,9640.508890101572,1.0,,,,,0.1713639168895289,
Oklahoma,2022-09-12,2022-09-17,7675.0,7122.0,1.3364169381107491,0.2349917516820948,2,7253.190231538503,0.7428153571626361,10435.527679873881,0.2571846428373638,,,0.07205211726384365,1.0
Oklahoma,2022-09-19,2022-09-24,6527.0,4868.0,1.4351156733568255,0.17922084519532291,2,6408.100464072426,0.868677861105474,9347.26981391624,0.13132213889452599,,,0.25417496552780755,1.0
Oklahoma,2022-09-26,2022-10-01,4883.0,3701.0,1.4783944296539013,0.19213492920257133,2,4807.0659647852,0.8869737140046584,7231.55218571111,0.11302628599534165,,,0.24206430473069834,1.0
Oklahoma,2022-10-03,2022-10-08,3266.0,2888.0,1.4503980404164114,0.19549778665759543,1,3373.8102589189616,1.0,,,,,0.1157379056950398,
Oklahoma,2022-10-10,2022-10-15,2383.0,2819.0,2.0969366344943348,0.3154701175310572,1,2700.2894372785445,1.0,,,,,0.1546647747428166,
Oklahoma,2022-10-17,2022-10-22,2663.0,2050.0,1.3980473150582051,0.1452932945309563,1,2576.7533132771764,1.0,,,,,0.23019151333082988,
Oklahoma,2022-10-24,2022-10-29,1755.0,2797.0,1.5185185185185186,0.30197510662334853,1,1994.2300951407292,1.0,,,,,0.37254200929567394,
Oklahoma,2022-10-31,2022-11-05,2030.0,2894.0,1.1054187192118226,0.20222550354885147,1,2287.729253225453,1.0,,,,,0.2985487214927436,
Oklahoma,2022-11-07,2022-11-12,2835.0,3389.0,1.2098765432098766,0.16873372221344954,1,2818.0214336332238,1.0,,,,,0.16347005016228977,
Oklahoma,2022-11-14,2022-11-19,3292.0,3226.0,1.1315309842041312,0.129001731449737,1,3482.3892774726637,1.0,,,,,0.020048602673147023,
Oklahoma,2022-11-21,2022-11-26,3265.0,2895.0,1.1084226646248085,0.05144122512752276,1,3265.9398685620185,1.0,,,,,0.11332312404287902,
Oklahoma,2022-11-28,2022-12-03,3062.0,5277.0,1.345199216198563,0.13742261310128795,1,3068.7368288080042,1.0,,,,,0.41974606784157664,
Oklahoma,2022-12-05,2022-12-10,5090.0,6205.0,1.3115913555992142,0.24246831274893604,1,5142.386016450903,1.0,,,,,0.17969379532634971,
Oklahoma,2022-12-12,2022-12-17,6337.0,5579.0,1.3780968912734732,0.07835713463833169,1,6588.4231448320625,1.0,,,,,0.11961495976013886,
Oklahoma,2022-12-19,2022-12-24,6581.0,6340.0,1.246315149673302,0.11732596073583122,1,6107.092417882367,1.0,,,,,0.03662057438079319,
Oklahoma,2022-12-26,2022-12-31,6598.0,5892.0,1.4630190966959684,0.1076610358994041,1,6597.677726244525,1.0,,,,,0.1070021218551076,
Oklahoma,2023-01-02,2023-01-07,6173.0,5660.0,1.4443544467843836,0.13184919998480454,1,6467.588861712185,1.0,,,,,0.0831038393001782,
Oklahoma,2023-01-09,2023-01-14,5618.0,5637.0,1.4060163759344964,0.19564481025246294,1,5519.224812476809,1.0,,,,,0.0033705871917686712,
Oklahoma,2023-01-16,2023-01-21,5407.0,4475.0,1.4275938598113556,0.19526797306211147,1,5105.27375420655,1.0,,,,,0.17236915110042536,
Oklahoma,2023-01-23,2023-01-28,4562.0,4691.0,1.6959666812801404,0.2041772216281193,1,4651.280961650233,1.0,,,,,0.027499467064591773,
Oregon,2021-07-26,2021-07-31,4324.0,4886.0,1.015494912118409,0.12100708786974392,1,4166.922278444137,1.0,,,,,0.1150225133033156,
Oregon,2021-08-02,2021-08-07,9622.0,7144.0,0.6254416961130742,0.14196324610215516,1,9295.713662600474,1.0,,,,,0.25753481604656,
Oregon,2021-08-09,2021-08-14,13077.0,11564.0,0.9016594020035176,0.20208808299967315,1,12142.562706475712,1.0,,,,,0.11569931941576814,
Oregon,2021-08-16,2021-08-21,18653.0,14514.0,0.6336246180239103,0.15869199428367498,1,17790.884627167226,1.0,,,,,0.2218946014045998,
Oregon,2021-08-23,2021-08-28,17461.0,15424.0,0.34528377527060305,0.19432744924392611,1,18955.12170556534,1.0,,,,,0.11665998510967299,
Oregon,2021-08-30,2021-09-04,16189.0,15472.0,0.3239236518623757,0.11489675704974296,1,17709.77219970256,1.0,,,,,0.044289332262647474,
Oregon,2021-09-06,2021-09-11,15403.0,12952.0,0.3035123027981562,0.1135986639317262,1,16053.655106205237,1.0,,,,,0.15912484580925793,
Oregon,2021-09-13,2021-09-18,11682.0,13016.0,0.502482451634994,0.12003336522073736,1,12221.060267798204,1.0,,,,,0.10248924400737554,
Oregon,2021-09-20,2021-09-25,12457.0,11149.0,0.35666693425383317,0.04925336278968461,1,12614.711885921604,1.0,,,,,0.10500120414224934,
Oregon,2021-09-27,2021-10-02,10755.0,10719.0,0.7880055788005579,0.10527615625954924,1,10327.467360255467,1.0,,,,,0.0033472803347280333,
Oregon,2021-10-04,2021-10-09,9810.0,9404.0,0.4855249745158002,0.07182504296224448,1,9972.025915528015,1.0,,,,,0.04138634046890927,
Oregon,2021-10-11,2021-10-16,8675.0,7653.0,0.49095100864553315,0.09015410076901763,1,8684.596222244625,1.0,,,,,0.11780979827089337,
Oregon,2021-10-18,2021-10-23,6867.0,8760.0,0.7160332022717344,0.12285334783764577,1,6994.322240260964,1.0,,,,,0.2160958904109589,
Oregon,2021-10-25,2021-10-30,8261.0,7527.0,0.649558164871081,0.13822362625970175,1,7733.679959963855,1.0,,,,,0.08885122866481056,
Oregon,2021-11-01,2021-11-06,7424.0,7084.0,0.8317618534482759,0.14924394976847974,1,7311.038551987991,1.0,,,,,0.045797413793103446,
Oregon,2021-11-08,2021-11-13,6791.0,6037.0,0.6225887203651892,0.050083102422790376,1,6817.152328565077,1.0,,,,,0.11102930348991312,
Oregon,2021-11-15,2021-11-20,5832.0,5888.0,0.6524348422496571,0.03489296802033826,1,5811.074886167517,1.0,,,,,0.009510869565217392,
Oregon,2021-11-22,2021-11-27,5457.0,3423.0,0.6838922484881803,0.04397500779503573,1,5497.734244349744,1.0,,,,,0.3727322704782848,
Oregon,2021-11-29,2021-12-04,4092.0,7084.0,0.8729227761485826,0.26786664984314457,1,4247.157084955433,1.0,,,,,0.422360248447205,
Oregon,2021-12-06,2021-12-11,5140.0,5619.0,0.81284046692607,0.1526738701294522,1,5431.710331244961,1.0,,,,,0.08524648513970458,
Oregon,2021-12-13,2021-12-18,5942.0,5104.0,0.9718949848535846,0.12947837230381706,1,6263.606982331407,1.0,,,,,0.141029956243689,
Oregon,2021-12-20,2021-12-25,5076.0,5273.0,1.0130023640661938,0.10911024436321495,1,5078.75029388423,1.0,,,,,0.037360136544661485,
Oregon,2021-12-27,2022-01-01,6767.0,10698.0,1.2392492980641348,0.09500009263525748,1,6589.75281814389,1.0,,,,,0.3674518601607777,
Oregon,2022-01-03,2022-01-08,15302.0,38437.0,1.0341131878185859,0.08819402370720357,1,15242.281187404551,1.0,,,,,0.6018940083773447,
Oregon,2022-01-10,2022-01-15,55346.0,53691.0,1.1293499078524194,0.005936336005595914,1,55352.77222879431,1.0,,,,,0.029902793336465148,
Oregon,2022-01-17,2022-01-22,79865.0,57501.0,1.0207600325549364,0.033609045312759364,1,79683.3723608265,1.0,,,,,0.2800225380329306,
Oregon,2022-01-24,2022-01-29,54774.0,49760.0,0.8425165224376528,0.049009760788325286,1,52956.04481956706,1.0,,,,,0.09153978164822726,
Oregon,2022-01-31,2022-02-05,49742.0,33691.0,0.8757187085360459,0.004873996176108914,1,49737.831190010904,1.0,,,,,0.3226850548831973,
Oregon,2022-02-07,2022-02-12,33003.0,20157.0,0.7974426567281763,0.15777801339761477,3,19940.52996,0.16531950839669554,26855.85116339917,0.13359490502796476,34135.136640661454,0.7010855865753397,0.38923734205981275,1.0
Oregon,2022-02-14,2022-02-19,12991.0,11453.0,0.8654453082903548,0.34008575486041404,3,9097.3777,0.36388212462510566,12895.594433070866,0.4235536913913369,21415.91845590551,0.2125641839835575,0.11838965437610653,2.0
Oregon,2022-02-21,2022-02-26,8412.0,6308.0,1.4982168330955778,0.3056325346746044,3,4677.711034375704,0.35100943165599513,6338.258786411705,0.19275104394022374,7506.792389696298,0.45623952440378124,0.2501188777936281,2.0
Oregon,2022-02-28,2022-03-05,3605.0,4456.0,2.1436893203883494,0.329394443414048,1,3722.5313259642508,1.0,,,,,0.19097845601436267,
Oregon,2022-03-07,2022-03-12,3143.0,2645.0,1.4915685650652244,0.24908616609066112,1,2960.811616898455,1.0,,,,,0.15844734330257715,
Oregon,2022-03-14,2022-03-19,1316.0,1836.0,3.3290273556231003,0.8688123038296458,1,1619.7545936127995,1.0,,,,,0.28322440087145967,
Oregon,2022-03-21,2022-03-26,1161.0,1552.0,2.027562446167097,0.6238085941904483,1,1141.025895423904,1.0,,,,,0.25193298969072164,
Oregon,2022-03-28,2022-04-02,1612.0,1765.0,1.7444168734491314,0.9364653248331687,1,1675.458097530456,1.0,,,,,0.086685552407932,
Oregon,2022-04-04,2022-04-09,1717.0,2172.0,1.580663948747816,0.4280111304751909,2,203.09597225639763,0.3035884904218893,1840.7112162432331,0.6964115095781107,,,0.2094843462246777,2.0
Oregon,2022-04-11,2022-04-16,2298.0,2899.0,1.3272410791993037,0.5207666760363722,2,2234.5064924093713,0.6484573894174915,4027.0621157336104,0.3515426105825085,,,0.2073128665056916,1.0
Oregon,2022-04-18,2022-04-23,2787.0,4760.0,1.208826695371367,0.4110944545930709,2,780.168911221781,0.12036406101001096,2573.075260986832,0.8796359389899892,,,0.41449579831932776,2.0
Oregon,2022-04-25,2022-04-30,5199.0,6965.0,1.1104058472783227,0.36642228638381774,2,4726.091425150771,0.5753290662887814,5881.812598475619,0.42467093371121867,,,0.25355348169418523,2.0
Oregon,2022-05-02,2022-05-07,6988.0,8101.0,0.9469089868345736,0.24915896606770324,1,6740.620321089165,1.0,,,,,0.13739044562399705,
Oregon,2022-05-09,2022-05-14,8510.0,9418.0,0.7595769682726204,0.07564899136589624,1,8533.37683892523,1.0,,,,,0.09641112762794649,
Oregon,2022-05-16,2022-05-21,9749.0,10891.0,0.7669504564570725,0.15742964041958268,1,9573.041627812465,1.0,,,,,0.10485722155908549,
Oregon,2022-05-23,2022-05-28,11007.0,11082.0,0.9664758789860998,0.1649477879458519,1,10555.647055112246,1.0,,,,,0.00676773145641581,
Oregon,2022-05-30,2022-06-04,11234.0,9390.0,0.7069610112159516,0.10848531424732406,1,11109.642674449784,1.0,,,,,0.16414456115364073,
Oregon,2022-06-06,2022-06-11,8816.0,10934.0,0.9053992740471869,0.17224691391618452,2,7281.7871892396815,0.18800996985532337,9177.381253163056,0.8119900301446766,,,0.19370770074995428,2.0
Oregon,2022-06-13,2022-06-18,10897.0,10153.0,0.8565660273469762,0.16908688660275528,2,5044.2,0.10696451786598085,10839.026976943154,0.8930354821340192,,,0.06827567220335873,2.0
Oregon,2022-06-20,2022-06-25,10173.0,10876.0,0.7774501130443331,0.17186281831681988,2,5281.851564521443,0.1583445142741824,10225.535169389375,0.8416554857258177,,,0.06463773446119897,2.0
Oregon,2022-06-27,2022-07-02,10456.0,10894.0,0.7323068094873757,0.14136535866613123,1,10235.500947747565,1.0,,,,,0.04020561777125023,
Oregon,2022-07-04,2022-07-09,10946.0,10197.0,0.8942992874109263,0.1704272888060619,1,10401.864345200585,1.0,,,,,0.06842682258359219,
Oregon,2022-07-11,2022-07-16,9651.0,10093.0,1.0584395399440472,0.12121410768721307,1,9465.12985025973,1.0,,,,,0.04379272763301298,
Oregon,2022-07-18,2022-07-23,10099.0,9011.0,0.9019704921279335,0.07952784500269502,1,9702.330280365415,1.0,,,,,0.10773343895435192,
Oregon,2022-07-25,2022-07-30,8830.0,8001.0,0.9082672706681767,0.11436816164510274,1,8498.314420295777,1.0,,,,,0.09388448471121177,
Oregon,2022-08-01,2022-08-06,7750.0,8439.0,1.2188387096774194,0.10023231408058587,1,7434.596226509146,1.0,,,,,0.08164474463799028,
Oregon,2022-08-08,2022-08-13,8042.0,6142.0,0.9002735637901019,0.07463088442291708,1,7833.80454939946,1.0,,,,,0.23625963690624222,
Oregon,2022-08-15,2022-08-20,6293.0,5757.0,1.2768155092960431,0.19686829624218838,1,5710.723917479584,1.0,,,,,0.085174002860321,
Oregon,2022-08-22,2022-08-27,5566.0,4719.0,0.9252605102407474,0.04998259223141804,1,5595.682740287438,1.0,,,,,0.15217391304347827,
Oregon,2022-08-29,2022-09-03,4568.0,4231.0,1.0998248686514887,0.05585885613099364,1,4546.193838759927,1.0,,,,,0.07377408056042031,
Oregon,2022-09-05,2022-09-10,4205.0,3728.0,1.0673008323424495,0.05797237105532595,1,4092.9355474765857,1.0,,,,,0.11343638525564803,
Oregon,2022-09-12,2022-09-17,3736.0,2595.0,1.0179336188436832,0.07462942380211524,1,3645.857103144413,1.0,,,,,0.305406852248394,
Oregon,2022-09-19,2022-09-24,2648.0,4544.0,1.1487915407854985,0.09300945365216011,1,2688.975137678381,1.0,,,,,0.41725352112676056,
Oregon,2022-09-26,2022-10-01,4608.0,4269.0,0.8331163194444444,0.1338883774987941,1,4518.846742980743,1.0,,,,,0.07356770833333333,
Oregon,2022-10-03,2022-10-08,4865.0,4237.0,0.895169578622816,0.13913940937195685,1,4655.052784552264,1.0,,,,,0.1290853031860226,
Oregon,2022-10-10,2022-10-15,4449.0,3306.0,0.9593167003821084,0.12185091789808916,1,4386.335695662641,1.0,,,,,0.25691166554281863,
Oregon,2022-10-17,2022-10-22,3421.0,3563.0,1.1999415375621163,0.22122715213156952,1,3408.2078965751443,1.0,,,,,0.039854055571147906,
Oregon,2022-10-24,2022-10-29,3396.0,2306.0,1.1575382803297998,0.11618545141119407,1,3493.5852221139066,1.0,,,,,0.3209658421672556,
Oregon,2022-10-31,2022-11-05,2405.0,2505.0,1.3093555093555094,0.225589946732278,1,2441.7688724894188,1.0,,,,,0.03992015968063872,
Oregon,2022-11-07,2022-11-12,2276.0,3116.0,1.2368189806678382,0.10091812432970831,1,2280.0762178115,1.0,,,,,0.26957637997432604,
Oregon,2022-11-14,2022-11-19,2848.0,3355.0,1.2559691011235956,0.1401717740825471,1,3001.179009774616,1.0,,,,,0.1511177347242921,
Oregon,2022-11-21,2022-11-26,3328.0,3554.0,0.9957932692307693,0.21434548463369824,1,3498.2642564936573,1.0,,,,,0.06359032076533483,
Oregon,2022-11-28,2022-12-03,3606.0,3914.0,1.2895174708818635,0.10975739410916723,1,3576.32602960817,1.0,,,,,0.07869187531936638,
Oregon,2022-12-05,2022-12-10,3961.0,4495.0,1.2570058066144914,0.08917051530216244,1,3982.9192952445815,1.0,,,,,0.11879866518353727,
Oregon,2022-12-12,2022-12-17,4831.0,3981.0,1.4527013040778307,0.05875224123654643,1,4796.602725798384,1.0,,,,,0.1759470089008487,
Oregon,2022-12-19,2022-12-24,4278.0,3613.0,1.4083683964469378,0.129596968582201,1,4007.9995844597806,1.0,,,,,0.15544647031323047,
Oregon,2022-12-26,2022-12-31,3748.0,2582.0,1.2769477054429028,0.10796160612716056,1,3641.844598048542,1.0,,,,,0.3110992529348986,
Oregon,2023-01-02,2023-01-07,2722.0,2818.0,1.289860396767083,0.24672852063702397,1,2877.4808765340654,1.0,,,,,0.034066713981547196,
Oregon,2023-01-09,2023-01-14,2729.0,2501.0,1.5991205569805789,0.21416398848544288,1,2438.1322064132155,1.0,,,,,0.08354708684499816,
Oregon,2023-01-16,2023-01-21,2473.0,2105.0,1.5737970076829761,0.1894939971208292,1,2262.8253001841726,1.0,,,,,0.1488071168621108,
Oregon,2023-01-23,2023-01-28,2144.0,2174.0,1.3446828358208955,0.12753097878730682,1,2058.0096738031334,1.0,,,,,0.013799448022079117,
Pennsylvania,2021-07-26,2021-07-31,5884.0,6245.0,1.0526852481305236,0.0905342142511091,1,5743.517918422203,1.0,,,,,0.0578062449959968,
Pennsylvania,2021-08-02,2021-08-07,10263.0,10198.0,0.6691026015784858,0.12526567100854086,1,9966.461044146961,1.0,,,,,0.0063334307707298065,
Pennsylvania,2021-08-09,2021-08-14,15807.0,13089.0,0.8620864174100082,0.13537068499331886,1,15520.179933868643,1.0,,,,,0.17194913645853102,
Pennsylvania,2021-08-16,2021-08-21,16770.0,17491.0,0.7800238521168754,0.09240194469549123,1,16904.49958446649,1.0,,,,,0.04122119947401521,
Pennsylvania,2021-08-23,2021-08-28,20418.0,21831.0,0.5822313644823195,0.09369610350041797,1,20661.42531145477,1.0,,,,,0.06472447437130685,
Pennsylvania,2021-08-30,2021-09-04,24617.0,25073.0,0.5969858228053784,0.042549731693252095,1,24632.92236677104,1.0,,,,,0.018186894268735293,
Pennsylvania,2021-09-06,2021-09-11,26844.0,27863.0,0.7254880047682909,0.06483935619512113,1,26540.35799785151,1.0,,,,,0.03657179772458099,
Pennsylvania,2021-09-13,2021-09-18,28562.0,32936.0,0.610041313633499,0.10434252988932588,1,28854.79943233251,1.0,,,,,0.1328030119018703,
Pennsylvania,2021-09-20,2021-09-25,35044.0,32595.0,0.7269147357607579,0.08079807916809262,1,34918.449947141155,1.0,,,,,0.06988357493436823,
Pennsylvania,2021-09-27,2021-10-02,33344.0,31944.0,0.7391734644913628,0.10487887942506736,1,34224.93336903441,1.0,,,,,0.041986564299424184,
Pennsylvania,2021-10-04,2021-10-09,30846.0,36694.0,0.7165272644751345,0.048714047054343526,1,30657.608381326798,1.0,,,,,0.15937210443124217,
Pennsylvania,2021-10-11,2021-10-16,36238.0,31928.0,0.652133119929356,0.11318799944759095,1,35659.383486904364,1.0,,,,,0.1189359236160936,
Pennsylvania,2021-10-18,2021-10-23,30893.0,28846.0,0.669989965364322,0.09437578173833054,1,30044.95009373573,1.0,,,,,0.06626096526721263,
Pennsylvania,2021-10-25,2021-10-30,26668.0,27310.0,0.6781160941952903,0.08892196955649471,1,26321.153759757544,1.0,,,,,0.023507872574148665,
Pennsylvania,2021-11-01,2021-11-06,25788.0,28650.0,0.6275399410578564,0.13218198188232883,1,26812.58561573414,1.0,,,,,0.09989528795811518,
Pennsylvania,2021-11-08,2021-11-13,27307.0,34041.0,0.5953784743838576,0.09376772002663884,1,26224.46192243553,1.0,,,,,0.19782027555007198,
Pennsylvania,2021-11-15,2021-11-20,38373.0,40158.0,0.8949000599379773,0.1911821151061708,1,42523.780000376646,1.0,,,,,0.044449424772150005,
Pennsylvania,2021-11-22,2021-11-27,39574.0,40991.0,0.6875221104765755,0.06453647820740446,1,39918.50299885125,1.0,,,,,0.03456856383108487,
Pennsylvania,2021-11-29,2021-12-04,41063.0,51317.0,0.47709616930083043,0.11767861843739946,1,43174.40323721281,1.0,,,,,0.19981682483387572,
Pennsylvania,2021-12-06,2021-12-11,47736.0,56291.0,0.5192936148818502,0.11985759573656368,1,48122.13632286938,1.0,,,,,0.1519781137304365,
Pennsylvania,2021-12-13,2021-12-18,56652.0,53677.0,0.5423639059521288,0.04347849415948795,1,56927.73724396943,1.0,,,,,0.052513591753159644,
Pennsylvania,2021-12-20,2021-12-25,56384.0,64621.0,0.6564628263337117,0.09211519975138883,1,57979.54053998335,1.0,,,,,0.12746630352362234,
Pennsylvania,2021-12-27,2022-01-01,64787.0,111964.0,0.8440427863614614,0.032790905715566546,1,64475.613714725114,1.0,,,,,0.42135865099496267,
Pennsylvania,2022-01-03,2022-01-08,127792.0,180936.0,0.9896941905596595,0.12325915002935035,1,132913.9982287551,1.0,,,,,0.2937171154441349,
Pennsylvania,2022-01-10,2022-01-15,264610.0,184907.0,1.1177582101961376,0.0038361713169801706,1,264584.1337621463,1.0,,,,,0.3012093269339783,
Pennsylvania,2022-01-17,2022-01-22,226242.0,134711.0,1.0695361603946216,0.027192084894530805,1,226119.75509377886,1.0,,,,,0.40457121135774965,
Pennsylvania,2022-01-24,2022-01-29,128983.0,89080.0,0.7903987347169782,0.11168442696269763,1,119889.47572470768,1.0,,,,,0.3093663506043432,
Pennsylvania,2022-01-31,2022-02-05,85773.0,47995.0,0.47160528371398924,0.011002784082769154,1,85755.27604401883,1.0,,,,,0.4404416308162242,
Pennsylvania,2022-02-07,2022-02-12,51034.0,25153.0,0.3646784496610103,0.19802027170605074,1,50783.29338338505,1.0,,,,,0.5071324999020261,
Pennsylvania,2022-02-14,2022-02-19,20059.0,20357.0,0.6659853432374495,0.36488734928189465,1,21197.267003789922,1.0,,,,,0.014638699218941887,
Pennsylvania,2022-02-21,2022-02-26,18855.0,12978.0,0.6468841156191991,0.23564481360123354,1,15993.744774579092,1.0,,,,,0.3116945107398568,
Pennsylvania,2022-02-28,2022-03-05,10613.0,7303.0,1.0088570620936588,0.3115975455866539,1,9870.151541091454,1.0,,,,,0.31188165457457834,
Pennsylvania,2022-03-07,2022-03-12,5787.0,6303.0,0.9559357179885951,0.37047632330870284,1,5357.495970667011,1.0,,,,,0.08186577820085673,
Pennsylvania,2022-03-14,2022-03-19,5267.0,5117.0,2.060565786975508,0.44950323430145533,1,4503.25976279156,1.0,,,,,0.028479210176571103,
Pennsylvania,2022-03-21,2022-03-26,4832.0,4193.0,1.384726821192053,0.4844572834451012,1,4017.666773814807,1.0,,,,,0.1322433774834437,
Pennsylvania,2022-03-28,2022-04-02,4336.0,4181.0,0.6510608856088561,0.4875649290970574,1,3817.3070078789083,1.0,,,,,0.035747232472324725,
Pennsylvania,2022-04-04,2022-04-09,3353.0,5917.0,1.0656128839844916,0.5158714507077453,1,3499.4212391422207,1.0,,,,,0.4333276998478959,
Pennsylvania,2022-04-11,2022-04-16,5338.0,8131.0,1.1215811165230423,0.4867267121931576,1,6228.420949967653,1.0,,,,,0.34350018447915387,
Pennsylvania,2022-04-18,2022-04-23,8341.0,10109.0,1.050473564320825,0.31037247626550124,1,8352.556584365411,1.0,,,,,0.17489365911563953,
Pennsylvania,2022-04-25,2022-04-30,10175.0,13235.0,0.8480589680589681,0.3344024329093502,1,10284.382477813679,1.0,,,,,0.23120513789195316,
Pennsylvania,2022-05-02,2022-05-07,12672.0,8808.0,0.7073074494949495,0.30487401678955656,1,12578.90739842297,1.0,,,,,0.30492424242424243,
Pennsylvania,2022-05-09,2022-05-14,11653.0,21316.0,0.817815154895735,0.2567306725770705,1,12187.327623312282,1.0,,,,,0.4533214486770501,
Pennsylvania,2022-05-16,2022-05-21,21650.0,27317.0,0.9734411085450346,0.3938873429334257,3,2629.0,0.19164905572377186,16022.145559954928,0.1835688796933929,21854.644432838526,0.6247820645828353,0.2074532342497346,3.0
Pennsylvania,2022-05-23,2022-05-28,22766.0,29664.0,1.119300711587455,0.6373177955148966,3,6907.766748350539,0.28941363056621444,16082.377995601437,0.2793455326742489,48010.025136034565,0.4312408367595367,0.23253775620280476,2.0
Pennsylvania,2022-05-30,2022-06-04,31765.0,24862.0,0.90417125767354,0.3094891182887602,3,16182.614173228347,0.2808994023414136,31797.417322834648,0.43471329824115584,36056.0,0.28438729941743063,0.21731465449393986,2.0
Pennsylvania,2022-06-06,2022-06-11,25289.0,22564.0,1.024595674008462,0.29459048591469006,3,16711.845013938077,0.3661419955883274,25222.168484354966,0.23042031864796114,33152.24262724344,0.4034376857637116,0.10775435960298944,2.0
Pennsylvania,2022-06-13,2022-06-18,18506.0,20281.0,0.8793904679563385,0.2186029551157044,2,7846.381889763779,0.10696451786598087,16323.729921259843,0.8930354821340192,,,0.08752033923376559,2.0
Pennsylvania,2022-06-20,2022-06-25,17920.0,12326.0,0.8885602678571428,0.25915911447780077,2,8403.20472440945,0.1583445142741824,18647.8031496063,0.8416554857258177,,,0.31216517857142856,1.0
Pennsylvania,2022-06-27,2022-07-02,12429.0,18900.0,1.196395526591037,0.23287006530897517,2,8282.820022497192,0.3795371399714156,13384.861642294725,0.6204628600285845,,,0.3423809523809524,2.0
Pennsylvania,2022-07-04,2022-07-09,15628.0,11872.0,0.7759150243153314,0.2685079399407175,2,8225.330708661419,0.17248271206389446,15829.20472440945,0.8275172879361055,,,0.2403378551318147,1.0
Pennsylvania,2022-07-11,2022-07-16,13560.0,19947.0,1.185103244837758,0.34839426678083707,2,631.0,0.11000123713958757,13666.769329972118,0.8899987628604125,,,0.3201985260941495,2.0
Pennsylvania,2022-07-18,2022-07-23,17631.0,20240.0,1.021042481991946,0.24960413229911227,1,17480.802764097116,1.0,,,,,0.12890316205533597,
Pennsylvania,2022-07-25,2022-07-30,20303.0,22277.0,1.0128059892626706,0.27605848422737156,3,15903.796490798135,0.31555840933534857,20527.361497596772,0.4049622002090316,25322.16965279536,0.27947939045561976,0.08861157247385196,2.0
Pennsylvania,2022-08-01,2022-08-06,16453.0,24748.0,1.2654834984501306,0.33336069706588417,3,10670.572440944881,0.34372096282865494,15368.685826771653,0.32995821143160226,22546.35905511811,0.3263208257397429,0.3351786002909326,3.0
Pennsylvania,2022-08-08,2022-08-13,23954.0,20626.0,0.9353343909159222,0.38592579385693637,3,1556.0,0.19719145123983434,24666.10643247462,0.5621084116203209,31647.284417284664,0.24070013713984478,0.13893295483009102,2.0
Pennsylvania,2022-08-15,2022-08-20,17961.0,24281.0,0.931017203941874,0.40621620469248704,3,432.0,0.11991746881082682,8955.547960629921,0.2053898311828544,20320.27857480315,0.6746927000063189,0.26028582018862484,3.0
Pennsylvania,2022-08-22,2022-08-27,22478.0,17390.0,0.8305009342468191,0.2719888494788948,3,14597.536798174342,0.28912425387070184,22796.76649111068,0.6061721686673377,33480.611242512576,0.10470357746196048,0.22635465788771242,1.0
Pennsylvania,2022-08-29,2022-09-03,18308.0,18264.0,0.7933690190080839,0.20139492318716237,1,16520.623685445196,1.0,,,,,0.002403320952589032,
Pennsylvania,2022-09-05,2022-09-10,14936.0,16909.0,1.0370915907873595,0.1006231470501812,1,15557.73837299038,1.0,,,,,0.11668342302915607,
Pennsylvania,2022-09-12,2022-09-17,16621.0,18183.0,0.9443475121833824,0.16641245385620052,1,15307.283864214793,1.0,,,,,0.08590441621294616,
Pennsylvania,2022-09-19,2022-09-24,17765.0,18304.0,0.9133689839572192,0.20707215459844222,1,16305.552065550293,1.0,,,,,0.029447115384615384,
Pennsylvania,2022-09-26,2022-10-01,18793.0,15205.0,1.0233065503112861,0.3055165251924827,1,17128.73320486014,1.0,,,,,0.19092215186505615,
Pennsylvania,2022-10-03,2022-10-08,15909.0,12431.0,1.1160978062731788,0.20690984074392701,1,17141.094523032025,1.0,,,,,0.21861839210509773,
Pennsylvania,2022-10-10,2022-10-15,12002.0,13256.0,1.04807532077987,0.3026829376929567,1,12938.40167182448,1.0,,,,,0.09459867229933615,
Pennsylvania,2022-10-17,2022-10-22,12526.0,11399.0,0.9690244291872905,0.05903549264605972,1,12530.206566538005,1.0,,,,,0.08997285645856619,
Pennsylvania,2022-10-24,2022-10-29,10710.0,13227.0,0.7901960784313725,0.0738447700251992,1,10689.24321442066,1.0,,,,,0.19029258335223406,
Pennsylvania,2022-10-31,2022-11-05,13442.0,13038.0,0.9530575807171552,0.11945472341783711,1,12648.871769399091,1.0,,,,,0.030055051331647077,
Pennsylvania,2022-11-07,2022-11-12,13327.0,12208.0,1.151346889772642,0.1000013971136269,1,13050.234122538443,1.0,,,,,0.0839648833195768,
Pennsylvania,2022-11-14,2022-11-19,11966.0,9953.0,0.8550894200233996,0.06809993103949666,1,11869.71684132015,1.0,,,,,0.16822664215276617,
Pennsylvania,2022-11-21,2022-11-26,9755.0,10052.0,0.906099436186571,0.10442398648895491,1,9673.489810115754,1.0,,,,,0.029546358933545562,
Pennsylvania,2022-11-28,2022-12-03,9140.0,10730.0,0.8987964989059081,0.14037414648651333,1,9541.14605580935,1.0,,,,,0.14818266542404473,
Pennsylvania,2022-12-05,2022-12-10,10811.0,13936.0,0.8642123762834151,0.2678431607031842,1,11552.24010737967,1.0,,,,,0.22423938002296212,
Pennsylvania,2022-12-12,2022-12-17,12797.0,13838.0,0.703602406814097,0.1325478215268982,1,13613.818326346856,1.0,,,,,0.07522763405116346,
Pennsylvania,2022-12-19,2022-12-24,14488.0,14606.0,0.7087244616234125,0.05689177134814082,1,13934.146376033368,1.0,,,,,0.008078871696563057,
Pennsylvania,2022-12-26,2022-12-31,14640.0,12965.0,0.7526639344262295,0.04257076176362617,1,14349.514246084349,1.0,,,,,0.11441256830601093,
Pennsylvania,2023-01-02,2023-01-07,14119.0,15719.0,0.7691762872724697,0.10309568508383218,1,13562.99404089427,1.0,,,,,0.10178764552452446,
Pennsylvania,2023-01-09,2023-01-14,14853.0,15230.0,0.7716286272133576,0.22765844765638205,1,13822.710542418772,1.0,,,,,0.0247537754432042,
Pennsylvania,2023-01-16,2023-01-21,14252.0,11045.0,0.9409205725512209,0.2405648932503799,1,13002.237717191581,1.0,,,,,0.2250210496772383,
Pennsylvania,2023-01-23,2023-01-28,11052.0,10940.0,0.9700506695620702,0.14744544398817594,1,11110.460324535949,1.0,,,,,0.010133912414042706,
Rhode Island,2021-07-26,2021-07-31,764.0,892.0,1.3350785340314135,0.19367262398570062,1,766.0640999675621,1.0,,,,,0.14349775784753363,
Rhode Island,2021-08-02,2021-08-07,1833.0,1486.0,1.4909983633387889,0.168238911047924,2,1146.754099448819,0.14632169647262705,1932.7433403937007,0.853678303527373,,,0.18930714675395527,1.0
Rhode Island,2021-08-09,2021-08-14,3331.0,1764.0,1.365055538877214,0.2019165825864054,2,2138.517515984252,0.34364869315819385,3408.2217407086614,0.6563513068418062,,,0.47042930051035725,1.0
Rhode Island,2021-08-16,2021-08-21,2558.0,2121.0,0.6958561376075059,0.20742530712733184,2,2550.202594015748,0.6330151164262056,3397.592903464567,0.36698488357379444,,,0.17083659108678656,1.0
Rhode Island,2021-08-23,2021-08-28,2597.0,1991.0,0.47747400847131305,0.23096298724255954,1,2761.259556346225,1.0,,,,,0.2333461686561417,
Rhode Island,2021-08-30,2021-09-04,2146.0,2041.0,0.41425908667287975,0.08247385558608011,1,2233.898131630477,1.0,,,,,0.048928238583411,
Rhode Island,2021-09-06,2021-09-11,2062.0,2107.0,0.6241513094083414,0.14210542707969412,1,2194.2442356644615,1.0,,,,,0.021357380161366873,
Rhode Island,2021-09-13,2021-09-18,2111.0,2600.0,0.5646612979630506,0.1877908238902989,1,2178.0422786462086,1.0,,,,,0.18807692307692309,
Rhode Island,2021-09-20,2021-09-25,2722.0,2251.0,0.5033063923585599,0.2267454231246495,1,2877.759762417364,1.0,,,,,0.1730345334313005,
Rhode Island,2021-09-27,2021-10-02,2217.0,2019.0,1.297699594046008,0.1993997377085216,1,2390.653205708791,1.0,,,,,0.08930987821380243,
Rhode Island,2021-10-04,2021-10-09,2017.0,1851.0,0.8190381755081805,0.08840838130881686,1,2071.3365871890574,1.0,,,,,0.08230044620723848,
Rhode Island,2021-10-11,2021-10-16,1787.0,1835.0,0.672076105204253,0.2277038768312314,1,1868.1982569919855,1.0,,,,,0.026158038147138966,
Rhode Island,2021-10-18,2021-10-23,1752.0,1593.0,0.8110730593607306,0.25066203542778515,1,1717.765426823376,1.0,,,,,0.09075342465753425,
Rhode Island,2021-10-25,2021-10-30,1630.0,1407.0,1.030674846625767,0.19998107508453453,1,1678.6767345839858,1.0,,,,,0.13680981595092023,
Rhode Island,2021-11-01,2021-11-06,1396.0,1674.0,0.9541547277936963,0.3305077364786101,1,1520.274607226478,1.0,,,,,0.16606929510155316,
Rhode Island,2021-11-08,2021-11-13,1627.0,2178.0,0.9557467732022127,0.21353530555096983,1,1627.2137658246825,1.0,,,,,0.2529843893480257,
Rhode Island,2021-11-15,2021-11-20,2083.0,3130.0,0.643302928468555,0.1702872510780174,1,2110.3607143697636,1.0,,,,,0.3345047923322684,
Rhode Island,2021-11-22,2021-11-27,3106.0,2174.0,0.7414681262073406,0.25544540485938544,3,1935.80612244898,0.3741188017210471,2979.0227694505147,0.23039772568640052,3636.7028295166992,0.39548347259255245,0.30006439150032194,1.0
Rhode Island,2021-11-29,2021-12-04,2747.0,6297.0,0.8937022206042956,0.2247711365352068,3,2097.5684233070865,0.2821020601060542,2728.8948157480318,0.5292985189091036,3508.7685946456695,0.18859942098484228,0.5637605208829601,3.0
Rhode Island,2021-12-06,2021-12-11,3123.0,6417.0,0.9612552033301313,0.5161095277589963,3,2182.0,0.2382100777798951,3120.1109694480892,0.4271729498953432,5380.1055776639405,0.33461697232476173,0.5133239831697055,3.0
Rhode Island,2021-12-13,2021-12-18,6520.0,7478.0,0.8348159509202454,0.34397160328338255,3,3125.78571428571,0.3300704222681149,7019.941979371236,0.5507043311221337,9548.614878777422,0.11922524660975141,0.1281091200855844,2.0
Rhode Island,2021-12-20,2021-12-25,7908.0,8475.0,0.5316135558927668,0.2820560760086724,3,4558.10204081632,0.2462210874127992,8123.199651649204,0.45062730348273244,10090.150057625968,0.3031516091044683,0.06690265486725663,2.0
Rhode Island,2021-12-27,2022-01-01,10219.0,13868.0,0.721890595948723,0.2926157615944446,3,6780.22448979592,0.49853500899856096,12059.739137140343,0.23236638330932868,13838.101965719516,0.2690986076921104,0.26312373810210554,3.0
Rhode Island,2022-01-03,2022-01-08,18071.0,34970.0,0.9602678324387139,0.08293430551623963,1,17941.738647980994,1.0,,,,,0.4832427795253074,
Rhode Island,2022-01-10,2022-01-15,51767.0,36043.0,1.0402186721270308,0.008517566257157804,1,51756.17645506137,1.0,,,,,0.30374562945505823,
Rhode Island,2022-01-17,2022-01-22,47559.0,25000.0,1.0331167602346558,0.07699152210639566,1,47121.028720322356,1.0,,,,,0.474337139132446,
Rhode Island,2022-01-24,2022-01-29,24870.0,14298.0,0.9725774024929634,0.1033596490380403,1,24008.74770111688,1.0,,,,,0.42509047044632087,
Rhode Island,2022-01-31,2022-02-05,26604.0,6494.0,0.6841452413170952,0.023834687681302362,1,26593.335362025344,1.0,,,,,0.755901368215306,
Rhode Island,2022-02-07,2022-02-12,15212.0,3943.0,1.2573626084669998,0.44282178369605874,3,2086.08211473566,0.17786781795618145,6556.258074883503,0.12382729544817693,18923.7448979592,0.6983048865956417,0.7407967394162503,1.0
Rhode Island,2022-02-14,2022-02-19,2797.0,2201.0,1.0933142652842331,1.3445803551285702,3,1339.7320424232717,0.38779569019197724,2823.612405592165,0.40194690893258544,11290.4591836735,0.21025740087543737,0.21308544869503038,2.0
Rhode Island,2022-02-21,2022-02-26,1715.0,1464.0,0.8967930029154519,1.1284647716388492,3,1236.5339868230753,0.7117492517012292,2395.0679736461507,0.13401375269693974,6475.12244897959,0.15423699560183118,0.14635568513119535,1.0
Rhode Island,2022-02-28,2022-03-05,1134.0,1274.0,1.9029982363315696,0.7671771667021395,1,1197.9294832225264,1.0,,,,,0.10989010989010989,
Rhode Island,2022-03-07,2022-03-12,921.0,1019.0,1.711183496199783,0.6487768400315962,1,973.2638015305668,1.0,,,,,0.09617271835132483,
Rhode Island,2022-03-14,2022-03-19,722.0,1262.0,3.3310249307479225,0.6349913514410677,1,654.9883448368391,1.0,,,,,0.42789223454833597,
Rhode Island,2022-03-21,2022-03-26,879.0,1108.0,2.249146757679181,0.6857976006234591,1,742.8849220687712,1.0,,,,,0.20667870036101083,
Rhode Island,2022-03-28,2022-04-02,753.0,1336.0,0.6162018592297477,0.7293264658622237,1,800.7541044366408,1.0,,,,,0.43637724550898205,
Rhode Island,2022-04-04,2022-04-09,798.0,1864.0,1.4837092731829573,0.6743581068972231,1,796.3038297777941,1.0,,,,,0.5718884120171673,
Rhode Island,2022-04-11,2022-04-16,1321.0,2508.0,0.9462528387585163,0.5006419986589942,1,1390.6106304732496,1.0,,,,,0.4732854864433812,
Rhode Island,2022-04-18,2022-04-23,2235.0,2366.0,0.9011185682326622,2.1719982671167806,1,3660.2136857060705,1.0,,,,,0.05536770921386306,
Rhode Island,2022-04-25,2022-04-30,2437.0,3383.0,0.8727944193680756,1.9550247498938167,1,3527.028574100626,1.0,,,,,0.2796334614247709,
Rhode Island,2022-05-02,2022-05-07,3407.0,4268.0,0.9134135603169944,0.3044331744880793,3,1449.7168226771653,0.17954343209841683,3393.655289448819,0.5438327347629803,3986.7212623622045,0.2766238331386028,0.20173383317713214,3.0
Rhode Island,2022-05-09,2022-05-14,4449.0,5374.0,0.6925151719487526,0.16167189217275693,3,4145.993637009557,0.44344892109046424,4936.439551590787,0.23445716993093949,5517.649782900515,0.3220939089785963,0.17212504652028285,3.0
Rhode Island,2022-05-16,2022-05-21,5480.0,5812.0,0.8164233576642336,0.729826068487299,3,3713.586145725909,0.18558077918375182,5424.558437177727,0.6224656119607648,6707.78765576659,0.19195360885548352,0.05712319339298004,2.0
Rhode Island,2022-05-23,2022-05-28,5697.0,4192.0,1.4088116552571528,0.605664200543164,3,4715.896003620819,0.2742042279170509,5389.595432709508,0.1981948538799801,5894.870004526024,0.5276009182029691,0.26417412673336843,1.0
Rhode Island,2022-05-30,2022-06-04,4335.0,3298.0,0.9926182237600922,0.13416411812201848,1,4225.711937244626,1.0,,,,,0.23921568627450981,
Rhode Island,2022-06-06,2022-06-11,3368.0,2614.0,1.3836104513064134,0.24481454297935168,1,3250.3972385030747,1.0,,,,,0.22387173396674584,
Rhode Island,2022-06-13,2022-06-18,2636.0,2095.0,1.5584218512898331,0.26555143553684896,1,2674.174752859804,1.0,,,,,0.20523520485584218,
Rhode Island,2022-06-20,2022-06-25,2250.0,1826.0,1.1142222222222222,0.1880460338045881,1,2404.4190743282543,1.0,,,,,0.18844444444444444,
Rhode Island,2022-06-27,2022-07-02,1813.0,1944.0,1.4699393270821843,0.2532167540607775,1,1846.208862858703,1.0,,,,,0.06738683127572016,
Rhode Island,2022-07-04,2022-07-09,1947.0,1552.0,1.086286594761171,0.15772547024649883,1,1915.6485394269937,1.0,,,,,0.20287621982537238,
Rhode Island,2022-07-11,2022-07-16,1545.0,2064.0,1.5553398058252428,0.24087842455295158,1,1696.5786010917438,1.0,,,,,0.251453488372093,
Rhode Island,2022-07-18,2022-07-23,2001.0,1864.0,1.1849075462268865,0.16249924442817,1,2037.2677289940143,1.0,,,,,0.06846576711644178,
Rhode Island,2022-07-25,2022-07-30,1899.0,1867.0,1.1664033701948393,0.09159495097498502,1,1961.3446043300546,1.0,,,,,0.01685097419694576,
Rhode Island,2022-08-01,2022-08-06,1865.0,2078.0,1.6300268096514745,0.10841842003128029,1,1924.3667206842479,1.0,,,,,0.10250240615976901,
Rhode Island,2022-08-08,2022-08-13,2076.0,782.0,1.0573217726396917,0.1137940062336566,1,2124.8161159280967,1.0,,,,,0.6233140655105973,
Rhode Island,2022-08-15,2022-08-20,1321.0,1672.0,1.4072672218016653,0.34333916808571363,1,1234.8442877856633,1.0,,,,,0.20992822966507177,
Rhode Island,2022-08-22,2022-08-27,1700.0,1707.0,1.1441176470588235,0.09980512791719613,1,1732.3144959404535,1.0,,,,,0.004100761570005858,
Rhode Island,2022-08-29,2022-09-03,1692.0,1997.0,1.2653664302600474,0.043982020762963814,1,1716.0747121542774,1.0,,,,,0.1527290936404607,
Rhode Island,2022-09-05,2022-09-10,1869.0,1540.0,1.4034242910647405,0.08537748952417641,1,1853.9336132884089,1.0,,,,,0.1760299625468165,
Rhode Island,2022-09-12,2022-09-17,1807.0,1564.0,1.3060320973990038,0.11235270455203952,1,1740.9313802371357,1.0,,,,,0.1344770337576093,
Rhode Island,2022-09-19,2022-09-24,1565.0,1824.0,1.2900958466453674,0.1096503671356489,1,1493.4317624326577,1.0,,,,,0.14199561403508773,
Rhode Island,2022-09-26,2022-10-01,1734.0,1898.0,1.1349480968858132,0.13007183780603282,1,1677.7784354179598,1.0,,,,,0.08640674394099052,
Rhode Island,2022-10-03,2022-10-08,1805.0,1781.0,1.3141274238227147,0.09715436882885636,1,1764.8129411038851,1.0,,,,,0.013296398891966758,
Rhode Island,2022-10-10,2022-10-15,1837.0,1632.0,1.357103973870441,0.12139296026398555,1,1794.5134709677066,1.0,,,,,0.1115949918345128,
Rhode Island,2022-10-17,2022-10-22,1665.0,1762.0,1.0276276276276277,0.11177864746520956,1,1604.4787595915097,1.0,,,,,0.055051078320090804,
Rhode Island,2022-10-24,2022-10-29,1791.0,1406.0,1.3696259073143495,0.14375099322552506,1,1742.2299736801099,1.0,,,,,0.21496370742601897,
Rhode Island,2022-10-31,2022-11-05,1389.0,1306.0,1.3275737940964722,0.11640706738125518,1,1452.525892786014,1.0,,,,,0.059755219582433405,
Rhode Island,2022-11-07,2022-11-12,1365.0,1305.0,1.046886446886447,0.11694813660462319,1,1279.0560978970348,1.0,,,,,0.04395604395604396,
Rhode Island,2022-11-14,2022-11-19,1314.0,1125.0,1.3226788432267884,0.054314695198344906,1,1322.9074625380417,1.0,,,,,0.14383561643835616,
Rhode Island,2022-11-21,2022-11-26,1169.0,1126.0,1.3165098374679214,0.10270766670488525,1,1144.0844411563814,1.0,,,,,0.036783575705731396,
Rhode Island,2022-11-28,2022-12-03,1116.0,1068.0,1.300179211469534,0.14667698254958686,1,1178.4117386785606,1.0,,,,,0.043010752688172046,
Rhode Island,2022-12-05,2022-12-10,1110.0,1801.0,1.3855855855855856,0.18078155336947882,1,1080.1123906843197,1.0,,,,,0.38367573570238755,
Rhode Island,2022-12-12,2022-12-17,1825.0,1919.0,1.5397260273972602,0.20918520702183493,1,1989.43702634285,1.0,,,,,0.04898384575299635,
Rhode Island,2022-12-19,2022-12-24,1940.0,1953.0,1.279381443298969,0.12522984072914323,1,1997.410486400672,1.0,,,,,0.006656426011264721,
Rhode Island,2022-12-26,2022-12-31,2004.0,0.0,1.30938123752495,0.08868423406740218,1,1988.117191734956,1.0,,,,,1.0,
Rhode Island,2023-01-02,2023-01-07,1215.0,4561.0,1.8987654320987655,0.6909620030244209,3,52.44094488188976,0.28064639824842774,1188.6614173228347,0.27903789012555164,2062.677165354331,0.4403157116260207,0.7336110502082877,3.0
Rhode Island,2023-01-09,2023-01-14,2197.0,2353.0,1.1297223486572598,0.8316724361771816,3,320.02581787109375,0.12413282518622694,2125.9999476233133,0.6180908267571482,4552.777684477858,0.2577763480566249,0.06629834254143646,2.0
Rhode Island,2023-01-16,2023-01-21,2069.0,1998.0,2.024166263895602,0.38158093294385004,3,1138.0821138463953,0.4882364301531921,2375.0829431425896,0.4076476838376846,3569.42857142857,0.10411588600912333,0.03431609473175447,2.0
Rhode Island,2023-01-23,2023-01-28,1993.0,1654.0,1.5188158554942297,0.19006786450632535,1,2033.0111346448425,1.0,,,,,0.17009533366783744,
South Carolina,2021-07-26,2021-07-31,8753.0,10315.0,0.9265394721809666,0.13644644639561754,1,8358.642437073395,1.0,,,,,0.1514299563742123,
South Carolina,2021-08-02,2021-08-07,21804.0,17162.0,2.3181984956888644,0.15721192448076587,1,20872.312758809683,1.0,,,,,0.2128967161988626,
South Carolina,2021-08-09,2021-08-14,27952.0,22003.0,0.8584716657126502,0.19704502712682054,1,28881.91961322306,1.0,,,,,0.21282913566113337,
South Carolina,2021-08-16,2021-08-21,29206.0,25346.0,0.5057180031500377,0.12437887320546777,1,28549.3573167863,1.0,,,,,0.13216462370745738,
South Carolina,2021-08-23,2021-08-28,27712.0,32606.0,0.4522589491916859,0.10813963715879452,2,26378.158742834647,0.618615678221255,32656.765677244097,0.38138432177874504,,,0.15009507452616083,2.0
South Carolina,2021-08-30,2021-09-04,36424.0,38113.0,0.3709092905776411,0.060407252806169175,2,35098.24680314961,0.5405103828144178,38384.57392913387,0.45948961718558223,,,0.044315587857161595,2.0
South Carolina,2021-09-06,2021-09-11,40196.0,31674.0,0.4753955617474376,0.11126191750795553,2,39799.85039370079,0.6374732023841226,45558.11811023622,0.3625267976158773,,,0.21201114538760077,1.0
South Carolina,2021-09-13,2021-09-18,28000.0,35152.0,0.5230714285714285,0.12460453072057324,1,29878.593765177593,1.0,,,,,0.20345926263086025,
South Carolina,2021-09-20,2021-09-25,32147.0,22396.0,0.40395682334276917,0.12622811149113386,1,31141.671631408586,1.0,,,,,0.30332534917721715,
South Carolina,2021-09-27,2021-10-02,20243.0,18769.0,0.8391542755520427,0.12625086078896458,1,19598.12401414758,1.0,,,,,0.07281529417576446,
South Carolina,2021-10-04,2021-10-09,14555.0,13644.0,0.6288560632085194,0.1349256219162155,1,15058.88579276724,1.0,,,,,0.06259017519752662,
South Carolina,2021-10-11,2021-10-16,10915.0,9969.0,0.6499312872194228,0.13715870531012264,1,11068.653992925412,1.0,,,,,0.08666972056802565,
South Carolina,2021-10-18,2021-10-23,8036.0,7090.0,0.8526630164260827,0.15547656277827404,1,8079.883179210168,1.0,,,,,0.11772025883524141,
South Carolina,2021-10-25,2021-10-30,5560.0,6080.0,1.0719424460431655,0.18722427886074045,1,5698.706075722859,1.0,,,,,0.08552631578947369,
South Carolina,2021-11-01,2021-11-06,5541.0,5177.0,0.9449557841544848,0.22200466415956016,1,5193.067373490767,1.0,,,,,0.06569211333694279,
South Carolina,2021-11-08,2021-11-13,4797.0,4616.0,0.7627683969147384,0.12621848262642207,1,4768.511372275263,1.0,,,,,0.03773191578069627,
South Carolina,2021-11-15,2021-11-20,4483.0,4679.0,0.773142984608521,0.11366010862597792,1,4434.483824147407,1.0,,,,,0.04188929258388545,
South Carolina,2021-11-22,2021-11-27,4739.0,4060.0,0.7412956319898713,0.1298490177273597,1,4891.443214378465,1.0,,,,,0.1432791728212703,
South Carolina,2021-11-29,2021-12-04,4378.0,6038.0,0.8896756509821836,0.10593364861564801,1,4455.23936428078,1.0,,,,,0.2749254720105995,
South Carolina,2021-12-06,2021-12-11,5014.0,7355.0,0.8226964499401676,0.14880108404566905,1,5490.958906284329,1.0,,,,,0.31828687967369135,
South Carolina,2021-12-13,2021-12-18,7958.0,7130.0,0.9033676803216889,0.07918082691416861,1,8077.259081943849,1.0,,,,,0.10404624277456648,
South Carolina,2021-12-20,2021-12-25,7733.0,8367.0,0.9467218414586835,0.07962480148805759,1,8000.695722324326,1.0,,,,,0.07577387355085455,
South Carolina,2021-12-27,2022-01-01,10922.0,30746.0,1.0401941036440212,0.05783535935536196,1,10835.485772865033,1.0,,,,,0.6447667989331946,
South Carolina,2022-01-03,2022-01-08,41941.0,72932.0,1.0047447604968884,0.08139758851327072,1,41202.571045337754,1.0,,,,,0.4249300718477486,
South Carolina,2022-01-10,2022-01-15,139186.0,104873.0,1.0544954233902835,0.0035522851018064913,1,139183.01202006932,1.0,,,,,0.24652623108645985,
South Carolina,2022-01-17,2022-01-22,128186.0,112585.0,1.0193624888833415,0.028882152219857685,1,127973.02747187874,1.0,,,,,0.12170595852901253,
South Carolina,2022-01-24,2022-01-29,102668.0,89406.0,0.8207620680250906,0.041976867346078924,1,105156.1777935279,1.0,,,,,0.12917364709549226,
South Carolina,2022-01-31,2022-02-05,75692.0,51817.0,0.764902499603657,0.002781669627248762,1,75694.85505841284,1.0,,,,,0.3154230301749194,
South Carolina,2022-02-07,2022-02-12,61292.0,24134.0,0.49180969783984857,0.2627797916521511,3,31501.301723780478,0.18464042422237667,40822.80250731706,0.10496634966279703,65058.70454451218,0.7103932261148264,0.6062455132806892,1.0
South Carolina,2022-02-14,2022-02-19,15461.0,18570.0,1.5673630424940173,0.546309369226133,3,6384.0,0.2753778937994193,15548.976377952755,0.5143647053251434,30633.0,0.21025740087543737,0.16742057081313946,2.0
South Carolina,2022-02-21,2022-02-26,10053.0,9433.0,1.3393017009847807,0.4338360613155704,3,6895.813273340819,0.6350707509526099,13016.461192350926,0.21069225344555897,16756.8571428571,0.15423699560183118,0.06167313239828907,1.0
South Carolina,2022-02-28,2022-03-05,6567.0,3776.0,1.243490178163545,0.38686815178125045,3,954.0,0.1129068832535248,3287.9482564679306,0.21557878233033803,6934.742407199072,0.6715143344161372,0.42500380691335465,2.0
South Carolina,2022-03-07,2022-03-12,1768.0,2281.0,1.9253393665158371,0.7524841459288064,1,1893.295456704831,1.0,,,,,0.22490135905304692,
South Carolina,2022-03-14,2022-03-19,1908.0,612.0,2.2657232704402515,0.42037737640411826,1,1458.7702796905955,1.0,,,,,0.6792452830188679,
South Carolina,2022-03-21,2022-03-26,1116.0,1376.0,3.8127240143369177,0.9512976803288165,1,1385.6309976178263,1.0,,,,,0.18895348837209303,
South Carolina,2022-03-28,2022-04-02,1440.0,1025.0,1.6722222222222223,0.7646575240651978,1,1332.661859319828,1.0,,,,,0.2881944444444444,
South Carolina,2022-04-04,2022-04-09,730.0,1566.0,1.926027397260274,0.786538734724967,1,747.7057590660105,1.0,,,,,0.5338441890166028,
South Carolina,2022-04-11,2022-04-16,1336.0,891.0,2.0965568862275448,0.48266605325293943,1,1455.8787240675213,1.0,,,,,0.33308383233532934,
South Carolina,2022-04-18,2022-04-23,822.0,1496.0,1.9586374695863746,0.5896579950851858,1,805.9229308655077,1.0,,,,,0.4505347593582888,
South Carolina,2022-04-25,2022-04-30,1600.0,2181.0,1.659375,0.5405967608005571,1,1550.1620947291535,1.0,,,,,0.26639156350298027,
South Carolina,2022-05-02,2022-05-07,1574.0,3071.0,1.809402795425667,0.7944979997535232,1,1818.553462498605,1.0,,,,,0.48746336698143927,
South Carolina,2022-05-09,2022-05-14,4287.0,4630.0,1.3214369022626546,90.34912309517895,1,160774.45506070944,1.0,,,,,0.07408207343412528,
South Carolina,2022-05-16,2022-05-21,4903.0,5753.0,1.1201305323271467,0.5637661196201128,1,5086.005983804769,1.0,,,,,0.14774900052146706,
South Carolina,2022-05-23,2022-05-28,5748.0,8034.0,1.984168406402227,0.5618266085126014,2,5747.740157480315,0.7418348029303569,11053.346456692914,0.2581651970696432,,,0.28454070201643017,1.0
South Carolina,2022-05-30,2022-06-04,8736.0,9205.0,0.9325778388278388,0.1426622205798006,2,7994.574015748031,0.6804382110354985,10403.262992125983,0.31956178896450144,,,0.05095057034220532,2.0
South Carolina,2022-06-06,2022-06-11,9332.0,9456.0,0.9322760394342049,0.13895855270995913,2,9034.075817805295,0.6832949980042404,11181.722481129022,0.31670500199575957,,,0.01311336717428088,1.0
South Carolina,2022-06-13,2022-06-18,10369.0,10348.0,1.016491464943582,0.08182994477459725,1,10247.746424766014,1.0,,,,,0.0020252676246504003,
South Carolina,2022-06-20,2022-06-25,10394.0,10621.0,0.8770444487204156,0.0739673349935131,1,10363.97372349063,1.0,,,,,0.021372752094906317,
South Carolina,2022-06-27,2022-07-02,10640.0,11014.0,1.1011278195488723,0.06727261145342198,1,10597.177820371802,1.0,,,,,0.03395678227710187,
South Carolina,2022-07-04,2022-07-09,11015.0,13733.0,0.9314571039491603,0.08171878926074391,1,10595.095570966318,1.0,,,,,0.19791742518022282,
South Carolina,2022-07-11,2022-07-16,12731.0,13446.0,0.9830335401775194,0.10940258814387638,1,12859.460016699197,1.0,,,,,0.05317566562546482,
South Carolina,2022-07-18,2022-07-23,13663.0,13918.0,0.9811900753860792,0.07485367696881531,1,13591.780413393715,1.0,,,,,0.018321597930737173,
South Carolina,2022-07-25,2022-07-30,13968.0,17662.0,0.8291809851088202,0.0639710960590667,1,13600.884453274944,1.0,,,,,0.20914958668327482,
South Carolina,2022-08-01,2022-08-06,16333.0,15956.0,1.1045123369864691,0.16573039300421502,1,15115.346669650455,1.0,,,,,0.023082103716402375,
South Carolina,2022-08-08,2022-08-13,15878.0,15987.0,1.094344375865978,0.13947438877868665,1,15517.881218091183,1.0,,,,,0.006818039657221492,
South Carolina,2022-08-15,2022-08-20,16149.0,13640.0,1.0403740169669948,0.21342506366061437,1,15802.104896532994,1.0,,,,,0.1553656573162425,
South Carolina,2022-08-22,2022-08-27,13717.0,10272.0,0.8206604942771744,0.10439441098835074,1,13897.918407513233,1.0,,,,,0.2511482102500547,
South Carolina,2022-08-29,2022-09-03,9572.0,13261.0,1.0500417885499373,0.1404922475400599,1,9878.620673083906,1.0,,,,,0.2781841490083704,
South Carolina,2022-09-05,2022-09-10,12076.0,13359.0,0.922656508777741,0.12312442362334182,1,11746.568093495407,1.0,,,,,0.09604012276367992,
South Carolina,2022-09-12,2022-09-17,12779.0,9106.0,0.9322325690586117,0.1281378085444625,2,7630.1213782603345,0.10237207085786196,12820.387480007383,0.897627929142138,,,0.28742468111745834,1.0
South Carolina,2022-09-19,2022-09-24,8178.0,6693.0,1.1293714844705307,0.17602238808618548,2,8036.612438703936,0.8656706132059514,11520.0714285714,0.13432938679404854,,,0.18158473954512105,1.0
South Carolina,2022-09-26,2022-10-01,5957.0,4635.0,1.0983716635890548,0.20315311633808109,2,5639.520260009059,0.8805649620299413,8792.06608759006,0.11943503797005861,,,0.22192378714117844,1.0
South Carolina,2022-10-03,2022-10-08,4014.0,4207.0,1.0281514698555057,0.1980063181006957,1,4093.724352705698,1.0,,,,,0.04587592108390777,
South Carolina,2022-10-10,2022-10-15,3771.0,3153.0,1.1012993900822063,0.30645175585872764,1,3814.5596886276817,1.0,,,,,0.16388225934765313,
South Carolina,2022-10-17,2022-10-22,2970.0,3166.0,1.4774410774410773,0.1539590413279954,1,2871.6490931853646,1.0,,,,,0.06190777005685408,
South Carolina,2022-10-24,2022-10-29,2836.0,3093.0,0.9961212976022567,0.17762087859929196,1,2785.0273613223576,1.0,,,,,0.08309085030714516,
South Carolina,2022-10-31,2022-11-05,3128.0,3467.0,1.0693734015345269,0.11812933257046625,1,2984.0241736098424,1.0,,,,,0.09777905970579752,
South Carolina,2022-11-07,2022-11-12,3681.0,4173.0,1.1032328171692476,0.144813641646657,1,3493.688450167982,1.0,,,,,0.11790079079798706,
South Carolina,2022-11-14,2022-11-19,4022.0,2954.0,0.7498756837394331,0.18455158563243568,1,4049.6029556615526,1.0,,,,,0.26553953257086027,
South Carolina,2022-11-21,2022-11-26,2764.0,3064.0,1.1255426917510853,0.17160210582352362,1,2976.423760839235,1.0,,,,,0.097911227154047,
South Carolina,2022-11-28,2022-12-03,2904.0,3028.0,1.034435261707989,0.13840102939508797,1,2931.635783406809,1.0,,,,,0.04095112285336856,
South Carolina,2022-12-05,2022-12-10,3172.0,6789.0,0.9451450189155107,0.24047849345406533,1,3284.500319003172,1.0,,,,,0.5327736043599941,
South Carolina,2022-12-12,2022-12-17,7868.0,6478.0,1.1742501270971022,0.21618729236021775,1,8287.927864685244,1.0,,,,,0.1766649720386375,
South Carolina,2022-12-19,2022-12-24,7084.0,8558.0,0.9049971767363072,0.11413582568549928,1,6763.79251206084,1.0,,,,,0.17223650385604114,
South Carolina,2022-12-26,2022-12-31,8610.0,9855.0,0.9441347270615563,0.08239687227790252,1,8495.146669797834,1.0,,,,,0.1263318112633181,
South Carolina,2023-01-02,2023-01-07,10502.0,10590.0,0.9772424300133308,0.07461312317509793,1,10174.472274392736,1.0,,,,,0.008309726156751653,
South Carolina,2023-01-09,2023-01-14,10010.0,11284.0,1.0497502497502498,0.21595412716799348,2,3841.417970111598,0.10519942433007763,10653.212905168639,0.8948005756699224,,,0.11290322580645161,2.0
South Carolina,2023-01-16,2023-01-21,10631.0,8033.0,1.5662684601636723,0.3207952360850158,2,4266.385826771653,0.18586910446529076,11319.984251968504,0.8141308955347093,,,0.24437964443608315,2.0
South Carolina,2023-01-23,2023-01-28,8029.0,7053.0,1.0188068252584381,0.2668522802210429,2,3370.4718785151863,0.2085316630926522,8084.246344206977,0.7914683369073477,,,0.12155934736579897,2.0
South Dakota,2021-07-26,2021-07-31,343.0,265.0,1.282798833819242,0.15124717787016825,1,324.02700612492487,1.0,,,,,0.22740524781341107,
South Dakota,2021-08-02,2021-08-07,527.0,374.0,0.9620493358633776,0.24698270714964424,1,517.9592892570457,1.0,,,,,0.2903225806451613,
South Dakota,2021-08-09,2021-08-14,518.0,1150.0,1.084942084942085,0.14434831162394154,1,494.34532382535355,1.0,,,,,0.5495652173913044,
South Dakota,2021-08-16,2021-08-21,1484.0,1548.0,0.681266846361186,0.2237195710415907,1,1475.3608424037154,1.0,,,,,0.041343669250646,
South Dakota,2021-08-23,2021-08-28,2009.0,2479.0,0.9099054255848681,0.2513343775415722,1,2259.794092918236,1.0,,,,,0.18959257765227913,
South Dakota,2021-08-30,2021-09-04,3358.0,3079.0,1.0276950565812983,0.18275327813882736,1,3669.273230109512,1.0,,,,,0.08308516974389518,
South Dakota,2021-09-06,2021-09-11,3729.0,2917.0,1.2837221775274872,0.22532999403602957,1,3981.5670416539983,1.0,,,,,0.21775274872620004,
South Dakota,2021-09-13,2021-09-18,2926.0,3184.0,1.0095693779904307,0.21794684867415265,1,3173.784408139817,1.0,,,,,0.08103015075376885,
South Dakota,2021-09-20,2021-09-25,3188.0,2844.0,0.907465495608532,0.09753863558460818,1,3339.593310480524,1.0,,,,,0.10790464240903387,
South Dakota,2021-09-27,2021-10-02,2807.0,2674.0,0.970074812967581,0.12413157137968242,1,2859.7125452125592,1.0,,,,,0.04738154613466334,
South Dakota,2021-10-04,2021-10-09,2528.0,2346.0,0.9636075949367089,0.05628126662956082,1,2573.8419593573144,1.0,,,,,0.07199367088607594,
South Dakota,2021-10-11,2021-10-16,2151.0,2176.0,0.9683867968386797,0.10227855826024604,1,2160.701837966301,1.0,,,,,0.011488970588235295,
South Dakota,2021-10-18,2021-10-23,2019.0,2312.0,1.0579494799405647,0.11434716605190112,1,1927.7146953508468,1.0,,,,,0.12673010380622837,
South Dakota,2021-10-25,2021-10-30,2155.0,2174.0,1.0357308584686775,0.19338566271314803,1,2054.260622995548,1.0,,,,,0.008739650413983441,
South Dakota,2021-11-01,2021-11-06,2243.0,2513.0,1.1083370485956308,0.1745685712680939,1,2168.6743923898975,1.0,,,,,0.10744130521289295,
South Dakota,2021-11-08,2021-11-13,2504.0,2348.0,0.9337060702875399,0.05055744626825243,1,2487.97142348014,1.0,,,,,0.06230031948881789,
South Dakota,2021-11-15,2021-11-20,2398.0,3032.0,1.103419516263553,0.05984684795386978,1,2397.5509626278345,1.0,,,,,0.2091029023746702,
South Dakota,2021-11-22,2021-11-27,2964.0,1917.0,0.8943994601889339,0.09074782354236534,1,2985.1562812311954,1.0,,,,,0.3532388663967611,
South Dakota,2021-11-29,2021-12-04,2260.0,3979.0,0.856637168141593,0.1700925509827508,3,1790.0,0.28210206010605415,2261.930818897638,0.3214749812447933,2639.4754740157477,0.3964229586491525,0.4320180949987434,3.0
South Dakota,2021-12-06,2021-12-11,3266.0,2977.0,0.8606858542559707,0.09909305750493982,3,3088.536234013696,0.6202292067440481,3529.5689608357625,0.2504148202253571,4091.6694950207493,0.12935597303059482,0.08848744641763626,1.0
South Dakota,2021-12-13,2021-12-18,3078.0,2407.0,1.1254061078622482,0.14212146365477296,3,3033.9861531895917,0.5693355071732022,3703.7246151421014,0.2636943069385625,4096.0,0.1669701858882352,0.2179987004548408,1.0
South Dakota,2021-12-20,2021-12-25,2392.0,2022.0,1.214046822742475,0.09369189159514389,3,2046.106570577416,0.3342729704911441,2405.56594725224,0.5198211547915981,2720.092901842711,0.1459058747172579,0.15468227424749165,1.0
South Dakota,2021-12-27,2022-01-01,2423.0,3527.0,1.3305819232356584,0.08904461082714467,1,2403.012533076457,1.0,,,,,0.31301389282676495,
South Dakota,2022-01-03,2022-01-08,5169.0,10207.0,0.9820081253627394,0.1182378248505157,1,4938.534916767462,1.0,,,,,0.4935828353091016,
South Dakota,2022-01-10,2022-01-15,16096.0,13726.0,1.1516525844930416,0.003709416557874358,1,16095.036288173947,1.0,,,,,0.14724155069582506,
South Dakota,2022-01-17,2022-01-22,22089.0,13519.0,1.0874190773688261,0.0470102064295209,1,22006.247095665145,1.0,,,,,0.38797591561410655,
South Dakota,2022-01-24,2022-01-29,13940.0,8727.0,0.8592539454806313,0.10522462910298538,1,13620.8671653645,1.0,,,,,0.37395982783357246,
South Dakota,2022-01-31,2022-02-05,10345.0,4857.0,0.8324794586756887,0.010194762752687419,1,10343.252357284606,1.0,,,,,0.5304978250362494,
South Dakota,2022-02-07,2022-02-12,4990.0,2485.0,0.8937875751503006,0.2024264533623825,3,1864.92252,0.17740784791588024,4775.856990551185,0.12428726548847811,5165.71428571429,0.6983048865956416,0.5020040080160321,1.0
South Dakota,2022-02-14,2022-02-19,1592.0,2236.0,1.3260050251256281,0.4269279260585539,3,929.8481439820015,0.38542211913893004,1614.1608548931367,0.4043204799856326,2723.85714285714,0.21025740087543737,0.2880143112701252,3.0
South Dakota,2022-02-21,2022-02-26,1776.0,826.0,1.8079954954954955,0.4231683916943449,3,1021.4602434645669,0.25710848851991397,1318.3491070866141,0.19507649158841328,1890.9204869291339,0.5478150198916728,0.5349099099099099,1.0
South Dakota,2022-02-28,2022-03-05,858.0,489.0,2.0023310023310024,0.4353931241719215,3,57.0,0.1129068832535248,443.6929133858276,0.21557878233033803,841.4341957255359,0.6715143344161372,0.43006993006993005,2.0
South Dakota,2022-03-07,2022-03-12,404.0,326.0,1.693069306930693,0.4407033707294684,1,353.35870606408776,1.0,,,,,0.19306930693069307,
South Dakota,2022-03-14,2022-03-19,300.0,243.0,3.3466666666666667,0.5495648050431438,1,304.8026803367498,1.0,,,,,0.19,
South Dakota,2022-03-21,2022-03-26,330.0,110.0,2.415151515151515,0.44986015802547363,1,262.265307898235,1.0,,,,,0.6666666666666666,
South Dakota,2022-03-28,2022-04-02,210.0,154.0,2.4952380952380953,0.4655955296685999,1,156.14591585760573,1.0,,,,,0.26666666666666666,
South Dakota,2022-04-04,2022-04-09,153.0,137.0,2.2483660130718954,0.495244255188439,1,115.90211773980369,1.0,,,,,0.10457516339869281,
South Dakota,2022-04-11,2022-04-16,177.0,124.0,2.0677966101694913,0.970752379221439,1,274.6970414069996,1.0,,,,,0.2994350282485876,
South Dakota,2022-04-18,2022-04-23,121.0,165.0,2.553719008264463,0.19534892676889104,1,112.29578806792155,1.0,,,,,0.26666666666666666,
South Dakota,2022-04-25,2022-04-30,164.0,277.0,2.481707317073171,0.34852611000262773,1,150.8946877396949,1.0,,,,,0.40794223826714804,
South Dakota,2022-05-02,2022-05-07,225.0,373.0,1.8844444444444444,0.6185355398563682,1,246.26024963351077,1.0,,,,,0.3967828418230563,
South Dakota,2022-05-09,2022-05-14,373.0,450.0,1.7319034852546917,0.18290439835746353,1,373.1721790042412,1.0,,,,,0.1711111111111111,
South Dakota,2022-05-16,2022-05-21,480.0,475.0,1.7541666666666667,0.44335757167835294,1,533.5929866117732,1.0,,,,,0.010416666666666666,
South Dakota,2022-05-23,2022-05-28,523.0,594.0,1.615678776290631,0.3963421245960243,1,560.5981945083281,1.0,,,,,0.11952861952861953,
South Dakota,2022-05-30,2022-06-04,606.0,653.0,1.6683168316831682,0.20065625123525013,1,622.9945852439041,1.0,,,,,0.07197549770290965,
South Dakota,2022-06-06,2022-06-11,683.0,969.0,1.7847730600292826,0.21255742719718707,1,701.7998441636779,1.0,,,,,0.2951496388028896,
South Dakota,2022-06-13,2022-06-18,994.0,972.0,1.4366197183098592,0.11619773910773092,1,983.8314308603871,1.0,,,,,0.022132796780684104,
South Dakota,2022-06-20,2022-06-25,1008.0,971.0,1.7291666666666667,0.08441135227786689,1,1039.4951313049899,1.0,,,,,0.03670634920634921,
South Dakota,2022-06-27,2022-07-02,1030.0,1254.0,1.492233009708738,0.07734807118936174,1,1053.6192708810381,1.0,,,,,0.17862838915470494,
South Dakota,2022-07-04,2022-07-09,1251.0,1182.0,1.4116706634692247,0.1011311943401151,1,1230.9165423146121,1.0,,,,,0.05515587529976019,
South Dakota,2022-07-11,2022-07-16,1233.0,1569.0,1.8150851581508516,0.13737122624856551,1,1231.071021281707,1.0,,,,,0.21414913957934992,
South Dakota,2022-07-18,2022-07-23,1547.0,1514.0,1.2921784098254687,0.08151075314302372,1,1531.0796123000184,1.0,,,,,0.021331609566903685,
South Dakota,2022-07-25,2022-07-30,1550.0,1498.0,1.4645161290322581,0.060950819029651805,1,1532.7312467459642,1.0,,,,,0.03354838709677419,
South Dakota,2022-08-01,2022-08-06,1506.0,1574.0,1.5889774236387781,0.12991104143667329,1,1451.38264523315,1.0,,,,,0.043202033036848796,
South Dakota,2022-08-08,2022-08-13,1560.0,1372.0,1.2371794871794872,0.04860060264765956,1,1544.5373771203094,1.0,,,,,0.12051282051282051,
South Dakota,2022-08-15,2022-08-20,1428.0,1438.0,1.5182072829131652,0.3444464950109931,1,1418.8226996186988,1.0,,,,,0.006954102920723227,
South Dakota,2022-08-22,2022-08-27,1393.0,1585.0,1.1414213926776742,0.04442459346648681,1,1410.0897898510104,1.0,,,,,0.12113564668769716,
South Dakota,2022-08-29,2022-09-03,1519.0,1292.0,1.1757735352205398,0.036200274552610635,1,1523.8144350522116,1.0,,,,,0.14944042132982224,
South Dakota,2022-09-05,2022-09-10,1383.0,963.0,1.3101952277657267,0.04942669240719547,1,1376.6972468962972,1.0,,,,,0.3036876355748373,
South Dakota,2022-09-12,2022-09-17,1039.0,1173.0,1.4571703561116458,0.12931988866337496,1,1007.6991672403033,1.0,,,,,0.11423699914748509,
South Dakota,2022-09-19,2022-09-24,1014.0,956.0,1.2909270216962525,0.11062373309364738,1,983.4287281796985,1.0,,,,,0.05719921104536489,
South Dakota,2022-09-26,2022-10-01,952.0,732.0,1.3665966386554622,0.14423105839947672,1,878.4929317703765,1.0,,,,,0.23109243697478993,
South Dakota,2022-10-03,2022-10-08,726.0,842.0,1.662534435261708,0.14747870215013015,1,718.4416286408573,1.0,,,,,0.1377672209026128,
South Dakota,2022-10-10,2022-10-15,775.0,624.0,1.6670967741935483,0.11186802513586797,1,776.0323710391979,1.0,,,,,0.19483870967741934,
South Dakota,2022-10-17,2022-10-22,630.0,631.0,1.5476190476190477,0.11688651632775639,1,620.4302278218862,1.0,,,,,0.001584786053882726,
South Dakota,2022-10-24,2022-10-29,599.0,719.0,1.5909849749582639,0.06648107732492331,1,596.9381533023799,1.0,,,,,0.16689847009735745,
South Dakota,2022-10-31,2022-11-05,691.0,832.0,1.5441389290882779,0.10260309150161889,1,697.396717341976,1.0,,,,,0.16947115384615385,
South Dakota,2022-11-07,2022-11-12,824.0,871.0,1.4283980582524272,0.13630098328130008,1,833.2647486578604,1.0,,,,,0.0539609644087256,
South Dakota,2022-11-14,2022-11-19,862.0,953.0,1.3990719257540603,0.07124695033309823,1,872.8779213531585,1.0,,,,,0.09548793284365163,
South Dakota,2022-11-21,2022-11-26,934.0,846.0,1.3383297644539613,0.07064349346517942,1,926.0264261640838,1.0,,,,,0.09421841541755889,
South Dakota,2022-11-28,2022-12-03,865.0,1108.0,1.430057803468208,0.06499866395113676,1,842.9172860810572,1.0,,,,,0.21931407942238268,
South Dakota,2022-12-05,2022-12-10,1052.0,1089.0,1.4895437262357414,0.1465629345749684,1,1052.2697983109538,1.0,,,,,0.03397612488521579,
South Dakota,2022-12-12,2022-12-17,1069.0,923.0,1.6024321796071095,0.058421370517435255,1,1084.762693895445,1.0,,,,,0.13657623947614594,
South Dakota,2022-12-19,2022-12-24,952.0,624.0,1.3960084033613445,0.11134310785088787,1,908.3991498665332,1.0,,,,,0.3445378151260504,
South Dakota,2022-12-26,2022-12-31,683.0,423.0,1.8550512445095169,0.2707519117858142,1,647.4091399108183,1.0,,,,,0.3806734992679356,
South Dakota,2023-01-02,2023-01-07,456.0,511.0,2.026315789473684,0.30939349859249743,1,471.6614210635585,1.0,,,,,0.10763209393346379,
South Dakota,2023-01-09,2023-01-14,508.0,523.0,1.5905511811023623,0.10671117316462159,1,481.7376642550924,1.0,,,,,0.028680688336520075,
South Dakota,2023-01-16,2023-01-21,482.0,464.0,1.7717842323651452,0.20684009621118937,1,463.13163642892914,1.0,,,,,0.03734439834024896,
South Dakota,2023-01-23,2023-01-28,465.0,575.0,1.6064516129032258,0.09137948747777182,1,471.4111571933428,1.0,,,,,0.19130434782608696,
Tennessee,2021-07-26,2021-07-31,14155.0,15345.0,1.5300600494524903,0.15859816796161497,1,13457.151906365816,1.0,,,,,0.07754969045291626,
Tennessee,2021-08-02,2021-08-07,27162.0,22380.0,1.7704145497386055,0.16281761633706554,2,14745.98031496063,0.1698081890057777,27507.5,0.8301918109942223,,,0.17605478241661143,2.0
Tennessee,2021-08-09,2021-08-14,35877.0,30440.0,1.1254842935585472,0.16789297749757906,2,26569.228346456694,0.3195233654262773,38316.0,0.6804766345737228,,,0.15154555843576664,1.0
Tennessee,2021-08-16,2021-08-21,37502.0,41641.0,0.6712975307983574,0.1284861324939433,2,31118.55905511811,0.43451249934410463,39867.535433070865,0.5654875006558954,,,0.09939722869287482,2.0
Tennessee,2021-08-23,2021-08-28,41174.0,41759.0,0.4199009083402147,0.12305352129233808,2,39462.16090813304,0.6669422362879088,49810.32226142934,0.33305776371209117,,,0.014008956153164586,1.0
Tennessee,2021-08-30,2021-09-04,47588.0,49296.0,0.4265150878372699,0.09291366056590188,2,47092.001795464115,0.569835782109841,55777.89077457972,0.43016421789015896,,,0.034647841609866926,1.0
Tennessee,2021-09-06,2021-09-11,49980.0,65666.0,0.485094037615046,0.08103588117314924,1,50670.75619990339,1.0,,,,,0.23887552157889927,
Tennessee,2021-09-13,2021-09-18,51940.0,37911.0,0.443107431651906,0.1952973791984128,1,49266.546232125234,1.0,,,,,0.27010011551790525,
Tennessee,2021-09-20,2021-09-25,50094.0,26336.0,0.3968738771110313,0.10670933925121606,1,49071.556834480056,1.0,,,,,0.4742683754541462,
Tennessee,2021-09-27,2021-10-02,25468.0,21504.0,0.8646929480131931,0.22637422587200867,1,25012.694991400713,1.0,,,,,0.15564630124077272,
Tennessee,2021-10-04,2021-10-09,16679.0,16053.0,0.7620960489237963,0.1562329758171823,1,17528.229905040476,1.0,,,,,0.03753222615264704,
Tennessee,2021-10-11,2021-10-16,13193.0,12395.0,0.9353445008716744,0.13205860321226412,1,13702.08701447398,1.0,,,,,0.060486621693322216,
Tennessee,2021-10-18,2021-10-23,11457.0,9522.0,0.9276424893078468,0.1685666312229002,1,11448.03233821186,1.0,,,,,0.16889238020424194,
Tennessee,2021-10-25,2021-10-30,7673.0,7111.0,1.034927668447804,0.16789247079135458,1,7773.057308265587,1.0,,,,,0.07324384204352925,
Tennessee,2021-11-01,2021-11-06,7065.0,6802.0,1.0343949044585987,0.25630477323381834,1,6480.060348043655,1.0,,,,,0.03722576079263978,
Tennessee,2021-11-08,2021-11-13,5844.0,8213.0,0.7405886379192334,0.15004516359094466,1,5788.459533927822,1.0,,,,,0.2884451479361987,
Tennessee,2021-11-15,2021-11-20,7896.0,9471.0,0.8413120567375887,0.1469668064098955,1,7990.6342232589195,1.0,,,,,0.1662971175166297,
Tennessee,2021-11-22,2021-11-27,9464.0,7289.0,0.7920540997464074,0.061469983526434575,1,9388.957132307956,1.0,,,,,0.22981825866441252,
Tennessee,2021-11-29,2021-12-04,7646.0,12876.0,1.0481297410410673,0.17864695108020315,1,7646.3270605384905,1.0,,,,,0.4061820441130786,
Tennessee,2021-12-06,2021-12-11,10529.0,12553.0,0.8347421407541077,0.23718624079502526,1,11677.808547776802,1.0,,,,,0.16123635784274676,
Tennessee,2021-12-13,2021-12-18,12824.0,13884.0,1.1127573300062383,0.11710586138832955,1,13477.204785208978,1.0,,,,,0.07634687409968309,
Tennessee,2021-12-20,2021-12-25,13661.0,27483.0,1.0095161408388844,0.10966468804417609,1,13854.985532035198,1.0,,,,,0.5029290834333952,
Tennessee,2021-12-27,2022-01-01,24546.0,65421.0,0.94606045791575,0.1446376463440687,1,25104.26943633087,1.0,,,,,0.6247993763470445,
Tennessee,2022-01-03,2022-01-08,92493.0,93491.0,1.0315591450163797,0.1487793157291131,1,92490.99774974848,1.0,,,,,0.010674824314639913,
Tennessee,2022-01-10,2022-01-15,143797.0,112887.0,0.9672315834127276,0.004229697722777846,1,143792.76051007173,1.0,,,,,0.2149558057539448,
Tennessee,2022-01-17,2022-01-22,57735.0,117483.0,1.0673768078288732,0.014569203094503082,1,57765.085520148095,1.0,,,,,0.5085671969561554,
Tennessee,2022-01-24,2022-01-29,102595.0,95970.0,1.0414347677762075,0.08727512016231714,1,100905.18944380432,1.0,,,,,0.06457429699303086,
Tennessee,2022-01-31,2022-02-05,106060.0,71527.0,0.6483028474448426,0.000941222361820856,1,106060.51728932495,1.0,,,,,0.3255987177069583,
Tennessee,2022-02-07,2022-02-12,91056.0,34725.0,0.6043753294675804,0.4061328138084017,1,96941.31025708812,1.0,,,,,0.6186412756984713,
Tennessee,2022-02-14,2022-02-19,26209.0,21928.0,2.035789232706322,0.9034896762787961,1,35842.783453090575,1.0,,,,,0.16334083711702088,
Tennessee,2022-02-21,2022-02-26,18143.0,11513.0,1.3379815906961363,0.806353472237014,1,18356.913397610166,1.0,,,,,0.3654301934630436,
Tennessee,2022-02-28,2022-03-05,12151.0,6714.0,1.9274956793679532,0.5806930001165438,1,10918.033071173342,1.0,,,,,0.44745288453625215,
Tennessee,2022-03-07,2022-03-12,5741.0,3245.0,1.4561923009928583,0.5872034255747879,1,5506.537645579341,1.0,,,,,0.4347674621146142,
Tennessee,2022-03-14,2022-03-19,2655.0,2090.0,4.165725047080979,0.8571965152357123,1,2913.375577436879,1.0,,,,,0.2128060263653484,
Tennessee,2022-03-21,2022-03-26,1365.0,1705.0,2.8014652014652013,0.8046649036935423,1,1298.0823161609105,1.0,,,,,0.19941348973607037,
Tennessee,2022-03-28,2022-04-02,2170.0,1681.0,1.2087557603686636,0.38245806874806254,1,1480.5289429886884,1.0,,,,,0.22534562211981568,
Tennessee,2022-04-04,2022-04-09,1400.0,1959.0,1.8314285714285714,0.6497292393670763,1,1261.1487525103928,1.0,,,,,0.28534966819806024,
Tennessee,2022-04-11,2022-04-16,1346.0,2168.0,2.3313521545319467,0.5141672694074986,1,1453.7644304646408,1.0,,,,,0.37915129151291516,
Tennessee,2022-04-18,2022-04-23,2066.0,2796.0,1.554211035818006,0.26270497016687694,1,1867.815142632548,1.0,,,,,0.26108726752503575,
Tennessee,2022-04-25,2022-04-30,2291.0,3585.0,1.3020515058926234,0.4516421420360026,1,2442.157474934964,1.0,,,,,0.3609483960948396,
Tennessee,2022-05-02,2022-05-07,1771.0,4830.0,1.4009034443817052,0.5332389266334006,1,1883.9968780427141,1.0,,,,,0.6333333333333333,
Tennessee,2022-05-09,2022-05-14,3587.0,6519.0,1.7691664343462503,0.21241024506911316,1,3350.3000272773434,1.0,,,,,0.4497622334713913,
Tennessee,2022-05-16,2022-05-21,4846.0,8984.0,1.1846884028064384,0.3641048124939323,1,5464.281732484346,1.0,,,,,0.4605966162065895,
Tennessee,2022-05-23,2022-05-28,6348.0,10464.0,1.1444549464398235,0.4417030645631237,1,6852.316079536247,1.0,,,,,0.393348623853211,
Tennessee,2022-05-30,2022-06-04,8333.0,11258.0,1.201728069122765,0.6143832897532167,1,7033.161983172532,1.0,,,,,0.25981524249422633,
Tennessee,2022-06-06,2022-06-11,4456.0,12953.0,3.6220825852782763,1.221170500753723,1,5189.534059426949,1.0,,,,,0.6559870300316529,
Tennessee,2022-06-13,2022-06-18,10967.0,13344.0,1.0182365277651135,0.34649117826745274,1,12502.33217485855,1.0,,,,,0.17813249400479617,
Tennessee,2022-06-20,2022-06-25,12286.0,15586.0,0.993651310434641,0.22203598536355254,1,10767.340415977158,1.0,,,,,0.21172847427178237,
Tennessee,2022-06-27,2022-07-02,15424.0,16711.0,0.9102697095435685,0.17997945194044418,1,15917.272735285831,1.0,,,,,0.07701513972832266,
Tennessee,2022-07-04,2022-07-09,13990.0,17062.0,0.9655468191565404,0.16424855976395214,1,13725.529215778766,1.0,,,,,0.18004923221193295,
Tennessee,2022-07-11,2022-07-16,14333.0,19812.0,1.1389102072141213,0.25320729867649205,1,12538.069820174756,1.0,,,,,0.27654956591964464,
Tennessee,2022-07-18,2022-07-23,16016.0,20157.0,1.0238511488511488,0.2409730384050469,1,15658.197099754834,1.0,,,,,0.2054373170610706,
Tennessee,2022-07-25,2022-07-30,17726.0,18755.0,1.03762834254767,0.24738328319748565,2,11257.056748277559,0.4959865545437543,19356.898514394685,0.5040134454562457,,,0.0548653692348707,2.0
Tennessee,2022-08-01,2022-08-06,12183.0,17666.0,1.5578264795206436,0.3226996083580579,2,10898.48458942632,0.6443288769090115,18931.824184476925,0.3556711230909885,,,0.31037020264915655,2.0
Tennessee,2022-08-08,2022-08-13,17588.0,18167.0,1.0233682055947237,0.23240204951897522,2,10424.579453571576,0.48975009287371357,18001.313533780376,0.5102499071262865,,,0.031870974844498266,2.0
Tennessee,2022-08-15,2022-08-20,11434.0,28030.0,1.4079937029910792,0.3287823571982573,2,4541.401541299036,0.20304815694623216,12020.172716447527,0.7969518430537679,,,0.5920799143774528,2.0
Tennessee,2022-08-22,2022-08-27,11665.0,22432.0,1.0628375482211745,0.2543548065937438,1,12659.236594721066,1.0,,,,,0.4799839514978602,
Tennessee,2022-08-29,2022-09-03,14934.0,16127.0,1.1231418240257132,0.19465258501424854,1,15167.128014072436,1.0,,,,,0.0739753208904322,
Tennessee,2022-09-05,2022-09-10,9848.0,11049.0,2.0456945572705116,0.5836247683568851,1,12849.752505254837,1.0,,,,,0.10869761969408996,
Tennessee,2022-09-12,2022-09-17,6322.0,8564.0,2.2360012654223347,0.7345480070478638,1,9097.481801980628,1.0,,,,,0.2617935544138253,
Tennessee,2022-09-19,2022-09-24,6272.0,7199.0,1.3981186224489797,0.2912137210103011,1,7285.30444207617,1.0,,,,,0.12876788442839282,
Tennessee,2022-09-26,2022-10-01,4938.0,6029.0,1.0159983799108951,0.3702640078264702,1,4669.461890711329,1.0,,,,,0.18095869961851052,
Tennessee,2022-10-03,2022-10-08,4215.0,5541.0,0.9833926453143536,0.2479600781962477,1,3977.480141002981,1.0,,,,,0.23930698429886302,
Tennessee,2022-10-10,2022-10-15,3511.0,5101.0,1.495585303332384,0.3474858611325457,1,3452.4523745209476,1.0,,,,,0.3117035875318565,
Tennessee,2022-10-17,2022-10-22,2773.0,5474.0,1.1886043995672557,0.28806043097717754,1,3076.6652749330383,1.0,,,,,0.4934234563390574,
Tennessee,2022-10-24,2022-10-29,3379.0,7157.0,1.457531814146197,0.599306510452689,1,2802.662219257401,1.0,,,,,0.5278748078803969,
Tennessee,2022-10-31,2022-11-05,4018.0,7247.0,0.9221005475360876,0.5489517161441643,1,2989.6167185511063,1.0,,,,,0.445563681523389,
Tennessee,2022-11-07,2022-11-12,6428.0,6563.0,0.9276602364654636,0.4099623116221214,1,5980.702824548704,1.0,,,,,0.020569861343897607,
Tennessee,2022-11-14,2022-11-19,6723.0,5841.0,1.0246913580246915,0.5166292022195346,1,4880.819054647681,1.0,,,,,0.13119143239625167,
Tennessee,2022-11-21,2022-11-26,5235.0,5200.0,1.108691499522445,0.537169465587855,1,4852.873441290647,1.0,,,,,0.0066857688634192934,
Tennessee,2022-11-28,2022-12-03,4808.0,9995.0,1.096089850249584,0.5378683188382438,1,4024.1129340649873,1.0,,,,,0.5189594797398699,
Tennessee,2022-12-05,2022-12-10,2042.0,9415.0,1.2198824681684624,1.5866197840825342,1,2766.398280239731,1.0,,,,,0.7831120552310143,
Tennessee,2022-12-12,2022-12-17,6042.0,10507.0,1.7681231380337636,0.7337171166751877,2,84.42017026469476,0.47359128250129445,7681.977191504198,0.5264087174987057,,,0.42495479204339964,2.0
Tennessee,2022-12-19,2022-12-24,9878.0,9821.0,0.9424984814739826,0.5537090915159147,2,0.0,0.37682203680380544,10140.925196850394,0.6231779631961946,,,0.005770398866167241,2.0
Tennessee,2022-12-26,2022-12-31,6048.0,11066.0,2.043320105820106,0.8632763304411075,2,87.43148435957983,0.429455834827563,10666.288978347602,0.570544165172437,,,0.4534610518705946,2.0
Tennessee,2023-01-02,2023-01-07,10098.0,11436.0,0.9909883145177263,0.4917610227085466,2,0.0,0.280491474888353,10483.925196850394,0.719508525111647,,,0.11699895068205667,2.0
Tennessee,2023-01-09,2023-01-14,6138.0,8645.0,2.4874551971326166,0.8187559722362417,2,680.1051728627523,0.4815789993469383,10428.237033472697,0.5184210006530616,,,0.28999421631000577,2.0
Tennessee,2023-01-16,2023-01-21,6151.0,8329.0,2.0440578767680053,0.7054203081257445,1,6431.634805994324,1.0,,,,,0.2614959779085124,
Tennessee,2023-01-23,2023-01-28,703.0,8822.0,14.832147937411095,5.371470189357938,1,3338.1157637126935,1.0,,,,,0.9203128542280662,
Texas,2021-07-26,2021-07-31,53724.0,63026.0,1.191478668751396,0.07632920481842982,1,52821.61276288072,1.0,,,,,0.1475898835401263,
Texas,2021-08-02,2021-08-07,129520.0,93718.0,1.946108709079679,0.16878683341333303,1,120843.42120501061,1.0,,,,,0.27642063001852996,
Texas,2021-08-09,2021-08-14,138836.0,99495.0,0.7920712207208505,0.21554235939193137,1,143015.3643599843,1.0,,,,,0.28336310467025844,
Texas,2021-08-16,2021-08-21,116428.0,121992.0,0.9844625004294499,0.07566290310880008,2,99917.76377952757,0.20333236823952042,116580.91338582677,0.7966676317604796,,,0.04560954816709292,2.0
Texas,2021-08-23,2021-08-28,132530.0,107070.0,0.5792273447521316,0.057868849171400484,2,119811.47027796062,0.30465050332245913,134493.02976858558,0.695349496677541,,,0.1921074473704067,1.0
Texas,2021-08-30,2021-09-04,106017.0,131058.0,0.5515530528122848,0.09637167653563176,2,97956.9711115044,0.5312399059307662,117890.03571091445,0.4687600940692338,,,0.191068076729387,2.0
Texas,2021-09-06,2021-09-11,132329.0,121620.0,0.6111812225589252,0.073693291846383,1,131064.52594437938,1.0,,,,,0.0809270832546154,
Texas,2021-09-13,2021-09-18,117043.0,116660.0,0.5509171842826995,0.1269541301855128,1,119349.52236958739,1.0,,,,,0.003272301632733269,
Texas,2021-09-20,2021-09-25,99438.0,79509.0,0.5432329692873952,0.0809834752479625,1,103570.78427169402,1.0,,,,,0.20041633982984372,
Texas,2021-09-27,2021-10-02,72467.0,68850.0,0.9878841403673396,0.11683901422305805,1,73601.26206465178,1.0,,,,,0.0499123739081237,
Texas,2021-10-04,2021-10-09,56903.0,53348.0,0.7825949422701791,0.10008377762283485,1,58375.85065578688,1.0,,,,,0.06247473771154421,
Texas,2021-10-11,2021-10-16,41377.0,42960.0,0.6961355342339948,0.13486254134004882,1,40260.84956583888,1.0,,,,,0.03684823091247672,
Texas,2021-10-18,2021-10-23,41681.0,30489.0,0.892876850363475,0.18589363565373723,1,38601.394728709696,1.0,,,,,0.26851563062306566,
Texas,2021-10-25,2021-10-30,29843.0,29026.0,0.9091914351774285,0.17199313906100724,1,28524.13364813424,1.0,,,,,0.027376604228797372,
Texas,2021-11-01,2021-11-06,25053.0,21580.0,0.7797469364946313,0.16292225980549252,1,24989.43141220513,1.0,,,,,0.13862611264120064,
Texas,2021-11-08,2021-11-13,21572.0,23085.0,0.7226033747450399,0.116950271631912,1,21078.21997651069,1.0,,,,,0.06554039419536496,
Texas,2021-11-15,2021-11-20,22229.0,23271.0,1.046065949885285,0.1585532285044363,1,22674.364471503246,1.0,,,,,0.04477676077521379,
Texas,2021-11-22,2021-11-27,23910.0,16952.0,0.8067335842743621,0.0643227095920197,1,23663.037116551073,1.0,,,,,0.2910079464659138,
Texas,2021-11-29,2021-12-04,16978.0,31452.0,1.05613146424785,0.2318914507265893,1,18536.028869409776,1.0,,,,,0.4601933104413074,
Texas,2021-12-06,2021-12-11,23014.0,31888.0,0.7345528808551317,0.16144287825813125,1,24407.252176470658,1.0,,,,,0.2782865027596588,
Texas,2021-12-13,2021-12-18,35337.0,36380.0,0.911141296657894,0.0915959287937172,1,35673.63455626961,1.0,,,,,0.02866959868059373,
Texas,2021-12-20,2021-12-25,44395.0,80338.0,1.0677103277396103,0.12681914899796012,1,44528.35038535749,1.0,,,,,0.4473972466329757,
Texas,2021-12-27,2022-01-01,81041.0,142701.0,0.66618131563036,0.1711152574573203,1,80825.18373498486,1.0,,,,,0.43209227685860646,
Texas,2022-01-03,2022-01-08,156247.0,372655.0,1.0010368199069422,0.08495991126836631,1,156744.61271988155,1.0,,,,,0.5807194321825817,
Texas,2022-01-10,2022-01-15,545260.0,425976.0,1.0362377581337343,0.0035147738717630304,1,545272.4507518114,1.0,,,,,0.21876535964494004,
Texas,2022-01-17,2022-01-22,436793.0,404970.0,1.015570304469165,0.023772711575766874,1,436819.2127259363,1.0,,,,,0.0728560210442933,
Texas,2022-01-24,2022-01-29,391502.0,294362.0,0.8884552313908997,0.05623766231270042,1,390203.97712856357,1.0,,,,,0.248121337822029,
Texas,2022-01-31,2022-02-05,318754.0,197851.0,0.6867678523249904,0.006841918161456188,1,318694.5276953713,1.0,,,,,0.37929876958406794,
Texas,2022-02-07,2022-02-12,192862.0,109393.0,0.6045566259812716,0.2598257277786773,1,171939.516474463,1.0,,,,,0.43279132229262374,
Texas,2022-02-14,2022-02-19,67204.0,65327.0,0.9964585441342777,0.4223276270737194,1,75917.60683308588,1.0,,,,,0.027929885125885363,
Texas,2022-02-21,2022-02-26,41365.0,36662.0,1.0519521334461501,0.35408063348726326,2,48277.905795367,0.8457630043981688,69917.2379501451,0.15423699560183118,,,0.11369515290704701,1.0
Texas,2022-02-28,2022-03-05,27153.0,26463.0,0.9244282399734836,0.37393521022475196,2,5094.818714489704,0.1252983674208408,27657.9066472068,0.8747016325791592,,,0.025411556734062535,2.0
Texas,2022-03-07,2022-03-12,19603.0,31436.0,1.0583584145283884,0.38886191946138116,2,1966.4258841854846,0.15107432320983374,20352.566309829046,0.8489256767901662,,,0.3764155745005726,2.0
Texas,2022-03-14,2022-03-19,30930.0,18513.0,1.811800840607824,0.47669439791757795,1,27660.021734449037,1.0,,,,,0.401454898157129,
Texas,2022-03-21,2022-03-26,14324.0,36799.0,1.6885646467467188,0.49892833907331513,2,413.2186501384862,0.23890786823540996,14605.627491352996,0.76109213176459,,,0.6107502921275034,2.0
Texas,2022-03-28,2022-04-02,26212.0,19715.0,0.8205020601251335,0.5069002295568782,2,148.0,0.1638894076227377,30935.89588794288,0.8361105923772624,,,0.24786357393560202,2.0
Texas,2022-04-04,2022-04-09,19703.0,35143.0,0.7834847485154545,0.4353573546655923,2,243.0399756313583,0.2470558571935597,19828.317368186694,0.7529441428064403,,,0.4393478075292377,2.0
Texas,2022-04-11,2022-04-16,22600.0,13827.0,1.2911061946902656,0.5986691959641817,1,21571.91969545353,1.0,,,,,0.3881858407079646,
Texas,2022-04-18,2022-04-23,13667.0,23266.0,2.013755762054584,0.722614185934614,1,18281.8988968337,1.0,,,,,0.4125762915842861,
Texas,2022-04-25,2022-04-30,18452.0,17550.0,1.7969867765011922,0.5988897620760371,1,19299.15331535086,1.0,,,,,0.04888358985475829,
Texas,2022-05-02,2022-05-07,19965.0,21000.0,1.2387678437265215,0.3037845838127472,1,20777.272390378752,1.0,,,,,0.04928571428571429,
Texas,2022-05-09,2022-05-14,20057.0,24101.0,1.4607368998354688,0.1541251555685565,1,20972.646367728597,1.0,,,,,0.16779386747437866,
Texas,2022-05-16,2022-05-21,24916.0,26821.0,0.8142960346765131,0.14899834326037328,1,24900.788466174377,1.0,,,,,0.0710264345102718,
Texas,2022-05-23,2022-05-28,28658.0,29626.0,0.9531718891757973,0.2246226446918299,1,29519.6714712792,1.0,,,,,0.032674002565314254,
Texas,2022-05-30,2022-06-04,34589.0,46916.0,0.9977738587412183,0.09469297308983982,1,33614.549791100704,1.0,,,,,0.2627461846704749,
Texas,2022-06-06,2022-06-11,47406.0,47603.0,0.9947896890688942,0.13008604015843908,1,47456.71635782082,1.0,,,,,0.004138394638993341,
Texas,2022-06-13,2022-06-18,50822.0,48073.0,1.164790838613199,0.09201024683823876,1,50682.13665657392,1.0,,,,,0.05409074810121601,
Texas,2022-06-20,2022-06-25,49100.0,65918.0,0.7773930753564154,0.12456827460867421,1,48314.0472032541,1.0,,,,,0.2551351679359204,
Texas,2022-06-27,2022-07-02,66263.0,67008.0,0.9629808490409429,0.11550062748348708,1,66434.32478838603,1.0,,,,,0.011118075453677172,
Texas,2022-07-04,2022-07-09,71942.0,84371.0,0.7811570431736676,0.16185570955508438,2,38487.23146527894,0.11112204555499104,71378.23779488391,0.8888779544450088,,,0.14731365042490904,2.0
Texas,2022-07-11,2022-07-16,83043.0,90111.0,0.7950700239634888,0.13434306898640377,2,65733.75629082398,0.2559036857401916,85794.76671926794,0.7440963142598085,,,0.07843659486633152,2.0
Texas,2022-07-18,2022-07-23,92087.0,83996.0,0.7455015365903982,0.09321656163993472,2,91693.04740786637,0.7308501417894682,106854.26789647824,0.2691498582105319,,,0.087862564748553,1.0
Texas,2022-07-25,2022-07-30,83584.0,72908.0,0.7722052067381318,0.07766819425649163,1,83698.05420537668,1.0,,,,,0.12772779479326188,
Texas,2022-08-01,2022-08-06,72574.0,78209.0,0.868561743875217,0.20097612473029008,1,68519.81382282362,1.0,,,,,0.0720505312687798,
Texas,2022-08-08,2022-08-13,74539.0,75894.0,0.8497296717154778,0.06946448635831763,1,72089.80869835237,1.0,,,,,0.01785384878910059,
Texas,2022-08-15,2022-08-20,72963.0,58928.0,0.7489960664994586,0.19945326747583508,1,68703.22382302307,1.0,,,,,0.1923577703767663,
Texas,2022-08-22,2022-08-27,58858.0,53856.0,0.8944408576574128,0.08570536722066886,1,59451.62243847456,1.0,,,,,0.08498419925923409,
Texas,2022-08-29,2022-09-03,49815.0,57902.0,0.9102880658436214,0.07193234506319406,1,49004.101730351016,1.0,,,,,0.13966702359158578,
Texas,2022-09-05,2022-09-10,54079.0,41854.0,0.9565820373897447,0.08098045371540893,1,53070.19885810937,1.0,,,,,0.22605817415262855,
Texas,2022-09-12,2022-09-17,41660.0,36778.0,0.9615458473355737,0.14336921411486733,1,39871.01901617597,1.0,,,,,0.1171867498799808,
Texas,2022-09-19,2022-09-24,36955.0,24977.0,0.9692599107022054,0.11007477178425747,1,34870.72471481782,1.0,,,,,0.32412393451495064,
Texas,2022-09-26,2022-10-01,25345.0,21971.0,1.0347208522391005,0.11923889497060522,1,25175.748832567755,1.0,,,,,0.13312290392582363,
Texas,2022-10-03,2022-10-08,19480.0,14208.0,0.8954312114989733,0.09569698475664377,1,18714.89031393154,1.0,,,,,0.2706365503080082,
Texas,2022-10-10,2022-10-15,13344.0,13546.0,1.0398681055155876,0.11720526871741396,1,13544.26431097333,1.0,,,,,0.014912151188542742,
Texas,2022-10-17,2022-10-22,13260.0,11590.0,1.165686274509804,0.15281664717425705,1,12333.117982215603,1.0,,,,,0.12594268476621417,
Texas,2022-10-24,2022-10-29,11770.0,11688.0,0.8647408666100255,0.15224091006405355,1,11098.785395947023,1.0,,,,,0.006966864910790144,
Texas,2022-10-31,2022-11-05,11646.0,11519.0,0.9389489953632149,0.17701174494993194,1,12026.966236102771,1.0,,,,,0.010905031770565001,
Texas,2022-11-07,2022-11-12,12185.0,8965.0,1.0704144439885104,0.194810769105404,1,12871.343355980358,1.0,,,,,0.26425933524825607,
Texas,2022-11-14,2022-11-19,9429.0,18175.0,0.85003711952487,0.18201461993847917,1,9452.058134623845,1.0,,,,,0.4812104539202201,
Texas,2022-11-21,2022-11-26,16857.0,9913.0,1.0105594115204366,0.24257840815053858,1,17439.715021590117,1.0,,,,,0.41193569437029126,
Texas,2022-11-28,2022-12-03,15293.0,21190.0,1.0733015104949977,0.1830732144854506,1,15256.53551915691,1.0,,,,,0.27829164700330344,
Texas,2022-12-05,2022-12-10,21470.0,29993.0,0.7974382859804379,0.18594793148145758,1,20293.189586968045,1.0,,,,,0.28416630547127664,
Texas,2022-12-12,2022-12-17,31980.0,29560.0,1.2751094434021264,0.29270411017299386,1,28464.377586336843,1.0,,,,,0.07567229518449031,
Texas,2022-12-19,2022-12-24,35878.0,29889.0,0.7725625731646134,0.348141279588003,1,37530.21398372341,1.0,,,,,0.1669268075143542,
Texas,2022-12-26,2022-12-31,31422.0,33363.0,0.7981668894405194,0.14716328235880155,1,30791.677868987146,1.0,,,,,0.05817822138296916,
Texas,2023-01-02,2023-01-07,34559.0,38516.0,0.9725397146908186,0.5250263503653041,1,37929.54233755065,1.0,,,,,0.10273652508048603,
Texas,2023-01-09,2023-01-14,38948.0,35434.0,0.967238369107528,0.3930926107944881,1,43401.72502369705,1.0,,,,,0.09022286125089864,
Texas,2023-01-16,2023-01-21,37061.0,26429.0,1.0302744124551415,0.2541361686177952,1,33335.848389567764,1.0,,,,,0.28687838968187584,
Texas,2023-01-23,2023-01-28,29060.0,23662.0,1.0634893324156918,0.14204559705091463,1,28490.567196299526,1.0,,,,,0.1857536132140399,
Utah,2021-07-26,2021-07-31,4278.0,6049.0,1.783777466105657,0.13969697926478156,1,4213.664813457423,1.0,,,,,0.29277566539923955,
Utah,2021-08-02,2021-08-07,6617.0,6012.0,1.2605410306785552,0.07420495791804559,1,6548.320554382799,1.0,,,,,0.09143116215807767,
Utah,2021-08-09,2021-08-14,7604.0,5906.0,1.0800894266175698,0.11759411604439761,1,7548.580430483678,1.0,,,,,0.2233035244608101,
Utah,2021-08-16,2021-08-21,6411.0,7270.0,0.7103416003743566,0.11552448349287439,1,6187.118975340902,1.0,,,,,0.11815680880330123,
Utah,2021-08-23,2021-08-28,8058.0,8220.0,0.5879870935716058,0.11751224739143963,1,8100.05263197323,1.0,,,,,0.01970802919708029,
Utah,2021-08-30,2021-09-04,9377.0,9554.0,0.5594539831502613,0.0578313631721345,1,9440.88352815758,1.0,,,,,0.018526271718651875,
Utah,2021-09-06,2021-09-11,10151.0,10550.0,0.6279184316816078,0.15183681826669687,2,10018.410895643781,0.6755707370050922,11814.095409553349,0.3244292629949079,,,0.037819905213270145,1.0
Utah,2021-09-13,2021-09-18,10583.0,11006.0,0.7633941226495322,0.16099851320629904,2,6573.829854506418,0.1275430307958397,10723.599873261392,0.8724569692041603,,,0.038433581682718515,2.0
Utah,2021-09-20,2021-09-25,10939.0,9713.0,0.6301307249291526,0.12141514658016521,2,10930.616450321915,0.8787884758850438,13163.347452717819,0.12121152411495614,,,0.11207605814059786,1.0
Utah,2021-09-27,2021-10-02,7528.0,9511.0,1.1425345377258236,0.22860082592628617,2,6865.306259212596,0.5725463498306201,9779.039570258718,0.4274536501693798,,,0.20849542634843865,2.0
Utah,2021-10-04,2021-10-09,8675.0,9981.0,0.6840345821325649,0.1531295520957799,2,5951.314724840663,0.24018893252208945,8866.180650225322,0.7598110674779106,,,0.13084861236349063,2.0
Utah,2021-10-11,2021-10-16,9618.0,8957.0,0.8347889374090247,0.059998061987890934,1,9493.871249094414,1.0,,,,,0.06872530671657309,
Utah,2021-10-18,2021-10-23,6563.0,9748.0,0.9084260246838336,0.1879375487702909,1,7369.124343192988,1.0,,,,,0.32673368896183835,
Utah,2021-10-25,2021-10-30,8100.0,10987.0,1.0429629629629629,0.1753694513066426,1,8122.762976309365,1.0,,,,,0.26276508601073995,
Utah,2021-11-01,2021-11-06,10955.0,10722.0,0.7075308078502967,0.17901258291461128,2,7669.176593779527,0.27889283490004874,11254.056003464568,0.7211071650999512,,,0.021268827019625743,2.0
Utah,2021-11-08,2021-11-13,10749.0,10903.0,0.6305702856079636,0.13264262954941844,2,7482.42857142857,0.2622574566444959,10858.110109673791,0.7377425433555042,,,0.014124552875355407,2.0
Utah,2021-11-15,2021-11-20,10576.0,11422.0,0.6822049924357034,0.09934510861026341,2,8356.0,0.2567056161885726,10824.613243779528,0.7432943838114274,,,0.07406758886359657,2.0
Utah,2021-11-22,2021-11-27,11134.0,9201.0,0.525238009700018,0.11466783982279355,2,8838.57142857143,0.3741188017210471,11351.985128413948,0.6258811982789529,,,0.1736123585414047,1.0
Utah,2021-11-29,2021-12-04,8832.0,9822.0,0.574615036231884,0.14147576089873412,2,7239.57142857143,0.31532124436098885,9031.681496872892,0.6846787556390113,,,0.10079413561392792,2.0
Utah,2021-12-06,2021-12-11,8848.0,8729.0,0.48112567811934903,0.1509568814552197,2,6825.80952380952,0.3925744278220083,9562.878140232471,0.6074255721779916,,,0.013449367088607595,2.0
Utah,2021-12-13,2021-12-18,7913.0,7016.0,0.7033994692278529,0.09003749229584206,1,8102.981054296749,1.0,,,,,0.11335776570200935,
Utah,2021-12-20,2021-12-25,6313.0,6006.0,0.8381118327261207,0.11072506707498911,1,6399.49641846777,1.0,,,,,0.0486298115000792,
Utah,2021-12-27,2022-01-01,6242.0,13289.0,0.9288689522588914,0.10190180909129307,1,6158.006601027659,1.0,,,,,0.5302882082925728,
Utah,2022-01-03,2022-01-08,19609.0,45044.0,0.9623642205109898,0.15542490708733114,1,19124.451243368265,1.0,,,,,0.564670100346328,
Utah,2022-01-10,2022-01-15,75735.0,68298.0,1.1349838251799036,0.005337901753508952,1,75729.19576105193,1.0,,,,,0.09819766290354526,
Utah,2022-01-17,2022-01-22,99368.0,75655.0,1.04000281780855,0.05581384261347291,1,98778.08030819015,1.0,,,,,0.23863819338217535,
Utah,2022-01-24,2022-01-29,75421.0,49262.0,0.9529971758528791,0.18030656624057126,1,66677.98511955776,1.0,,,,,0.34683973959507297,
Utah,2022-01-31,2022-02-05,36780.0,23016.0,0.8138934203371397,0.0025728701153309476,1,36780.570551155986,1.0,,,,,0.37422512234910277,
Utah,2022-02-07,2022-02-12,17487.0,12633.0,0.6880539829587694,0.2053848712040169,2,13409.631569288988,0.22925361515127518,17600.16879951128,0.7707463848487249,,,0.27757762909589984,1.0
Utah,2022-02-14,2022-02-19,8544.0,7322.0,0.9544709737827716,0.28920873321013496,2,3984.5073115860514,0.3877956901919772,8769.415073115859,0.6122043098080229,,,0.1430243445692884,2.0
Utah,2022-02-21,2022-02-26,4444.0,3734.0,1.4727722772277227,0.32037299555197224,2,4038.693090579348,0.7117492517012292,5869.036415705749,0.28825074829877095,,,0.15976597659765976,1.0
Utah,2022-02-28,2022-03-05,2737.0,2292.0,1.8783339422725611,0.357181597959571,2,221.0,0.1129068832535248,2974.7427238582677,0.8870931167464753,,,0.16258677383997078,2.0
Utah,2022-03-07,2022-03-12,1303.0,1271.0,1.516500383729854,0.4560859038462956,1,1274.747583784153,1.0,,,,,0.024558710667689946,
Utah,2022-03-14,2022-03-19,791.0,923.0,2.738305941845765,0.5707260410075002,1,737.7507660592639,1.0,,,,,0.14301191765980498,
Utah,2022-03-21,2022-03-26,542.0,854.0,2.6088560885608856,0.5995912270072209,1,489.73234211311734,1.0,,,,,0.36533957845433257,
Utah,2022-03-28,2022-04-02,897.0,626.0,1.6688963210702341,0.4396300741867783,1,734.324068777365,1.0,,,,,0.30211817168338906,
Utah,2022-04-04,2022-04-09,636.0,699.0,1.889937106918239,0.5361228125123708,1,571.2141395782113,1.0,,,,,0.09012875536480687,
Utah,2022-04-11,2022-04-16,731.0,740.0,1.6839945280437756,1.0032704662228606,1,1174.274022674129,1.0,,,,,0.012162162162162163,
Utah,2022-04-18,2022-04-23,676.0,1197.0,1.7884615384615385,0.3201488498801221,1,737.0118326178272,1.0,,,,,0.4352548036758563,
Utah,2022-04-25,2022-04-30,1339.0,1695.0,1.4055265123226288,0.3395905865872823,1,1248.9385112815844,1.0,,,,,0.21002949852507374,
Utah,2022-05-02,2022-05-07,1692.0,3226.0,1.1560283687943262,0.3232845145434822,1,1644.5862910382266,1.0,,,,,0.4755114693118413,
Utah,2022-05-09,2022-05-14,3503.0,3385.0,1.0162717670568084,0.10920956025280358,1,3623.768921648225,1.0,,,,,0.03368541250356837,
Utah,2022-05-16,2022-05-21,3824.0,4504.0,0.9824790794979079,0.1733058817501555,1,3930.384053696316,1.0,,,,,0.15097690941385436,
Utah,2022-05-23,2022-05-28,5250.0,5611.0,1.1428571428571428,0.30673161763347323,1,4456.09556118447,1.0,,,,,0.06433790768134022,
Utah,2022-05-30,2022-06-04,6036.0,5728.0,1.0324718356527502,0.14619052307712987,2,4270.5,0.20774118064202965,6282.02305984252,0.7922588193579704,,,0.051027170311464545,2.0
Utah,2022-06-06,2022-06-11,5824.0,7502.0,0.9505494505494505,0.17233754527744638,2,4654.175336862779,0.33877114369083483,5984.958720369774,0.6612288563091652,,,0.22367368701679552,2.0
Utah,2022-06-13,2022-06-18,7658.0,6522.0,0.9238704622616871,0.1614957637300762,2,5471.4928712273095,0.3227665389982538,7976.525514082557,0.6772334610017462,,,0.1483416035518412,1.0
Utah,2022-06-20,2022-06-25,6327.0,6776.0,1.0722301248617039,0.14733361964988761,2,5938.253422225069,0.814442355439183,8140.656513153648,0.18555764456081697,,,0.06626328217237308,1.0
Utah,2022-06-27,2022-07-02,6516.0,7388.0,0.893646408839779,0.1379668047591398,2,5353.442854860814,0.3124494260396677,6606.071371520355,0.6875505739603324,,,0.11802923659989172,2.0
Utah,2022-07-04,2022-07-09,7368.0,6872.0,1.1080347448425625,0.17154663941553294,2,5355.709238971657,0.3960824530703867,7516.260189039793,0.6039175469296134,,,0.06731813246471227,2.0
Utah,2022-07-11,2022-07-16,7074.0,7789.0,1.5298275374611252,0.17720145840016094,2,6897.878884712791,0.6647310958659403,8492.033977817098,0.33526890413405974,,,0.09179612273719348,2.0
Utah,2022-07-18,2022-07-23,7788.0,6870.0,0.9599383667180277,0.15102015872354546,2,5471.083193196702,0.22329160081545077,7977.593920943489,0.7767083991845493,,,0.11787365177195686,2.0
Utah,2022-07-25,2022-07-30,6720.0,5866.0,0.888095238095238,0.14134691286650247,2,6802.781161304839,0.7761819016372014,8324.362367379077,0.22381809836279865,,,0.12708333333333333,1.0
Utah,2022-08-01,2022-08-06,5785.0,5150.0,1.2261019878997408,0.1255560866429174,1,5999.2791956494,1.0,,,,,0.1097666378565255,
Utah,2022-08-08,2022-08-13,5158.0,4688.0,0.9327258627374951,0.18003784483151059,1,5349.888464829558,1.0,,,,,0.09112058937572702,
Utah,2022-08-15,2022-08-20,4345.0,3539.0,1.2672036823935557,0.21997649598782892,1,4118.196744498204,1.0,,,,,0.1855005753739931,
Utah,2022-08-22,2022-08-27,3323.0,3143.0,1.1685224195004513,0.1265934402656217,1,3530.2009776867394,1.0,,,,,0.05416792055371652,
Utah,2022-08-29,2022-09-03,2901.0,2947.0,1.3478110996208204,0.09445725054333612,1,2911.0583079592716,1.0,,,,,0.015609093993892093,
Utah,2022-09-05,2022-09-10,2753.0,2370.0,1.3287322920450417,0.14593762472918062,1,2643.760680318352,1.0,,,,,0.1391209589538685,
Utah,2022-09-12,2022-09-17,2093.0,2487.0,1.4051600573339704,0.1645149069601105,1,2175.22345963038,1.0,,,,,0.1584238037796542,
Utah,2022-09-19,2022-09-24,2105.0,1919.0,1.081710213776722,0.16467513544755638,1,2215.7855930151727,1.0,,,,,0.08836104513064133,
Utah,2022-09-26,2022-10-01,1737.0,1881.0,1.1393206678180772,0.20074717710918846,1,1810.2818661166204,1.0,,,,,0.07655502392344497,
Utah,2022-10-03,2022-10-08,1805.0,1731.0,1.371191135734072,0.16907853189862534,1,1810.3698118975676,1.0,,,,,0.040997229916897505,
Utah,2022-10-10,2022-10-15,1689.0,1504.0,1.532267613972765,0.29790259317656076,1,1701.8087920364908,1.0,,,,,0.10953226761397276,
Utah,2022-10-17,2022-10-22,1425.0,1702.0,1.3894736842105264,0.14449660832818745,1,1460.0243200921093,1.0,,,,,0.1627497062279671,
Utah,2022-10-24,2022-10-29,1741.0,2119.0,1.4801838024124068,0.1507266352747574,1,1712.1721022498352,1.0,,,,,0.17838603114676735,
Utah,2022-10-31,2022-11-05,2285.0,2410.0,1.3986870897155361,0.16125893352763315,1,2273.7363342477656,1.0,,,,,0.05186721991701245,
Utah,2022-11-07,2022-11-12,2623.0,3381.0,1.3587495234464353,0.1362961251468183,1,2530.342529389323,1.0,,,,,0.22419402543626146,
Utah,2022-11-14,2022-11-19,3587.0,2787.0,1.2982994145525508,0.1887000845418528,1,3555.25438999153,1.0,,,,,0.2230275996654586,
Utah,2022-11-21,2022-11-26,2890.0,4824.0,1.3183391003460208,0.17451131904578093,1,2952.205430460075,1.0,,,,,0.4009121061359867,
Utah,2022-11-28,2022-12-03,5287.0,4394.0,1.2939285038774353,0.2727802957043702,2,2540.11004398376,0.2859490968149515,5378.7103761687995,0.7140509031850485,,,0.16890486097976168,2.0
Utah,2022-12-05,2022-12-10,4918.0,3182.0,1.2960553070353802,0.2425862414353206,2,3303.27738700326,0.24566332552588596,4872.796284833292,0.754336674474114,,,0.3529890199267995,1.0
Utah,2022-12-12,2022-12-17,3014.0,3253.0,1.6562707365627074,0.35509133137861537,2,2726.3142033858267,0.6978342591925633,4889.99837,0.3021657408074368,,,0.07347064248386105,1.0
Utah,2022-12-19,2022-12-24,3257.0,2878.0,1.4455019957015658,0.20335269761169014,1,3385.8597550125032,1.0,,,,,0.11636475284003685,
Utah,2022-12-26,2022-12-31,2831.0,2247.0,1.4457788767220063,0.20315651108142763,1,2707.9299260134408,1.0,,,,,0.20628753090780644,
Utah,2023-01-02,2023-01-07,2090.0,2223.0,1.313397129186603,0.21223448579782916,1,2265.3153848870907,1.0,,,,,0.05982905982905983,
Utah,2023-01-09,2023-01-14,2111.0,1950.0,1.5405021316911416,0.15339853562777536,1,1993.8030833232224,1.0,,,,,0.07626717195641876,
Utah,2023-01-16,2023-01-21,1842.0,1066.0,1.495656894679696,0.1607073387266544,1,1736.909394381701,1.0,,,,,0.4212812160694897,
Utah,2023-01-23,2023-01-28,1071.0,1279.0,1.626517273576097,0.23907141394412232,1,1058.4615851391309,1.0,,,,,0.16262705238467554,
Vermont,2021-07-26,2021-07-31,206.0,213.0,0.9563106796116505,0.13828175806206372,1,198.98593540217635,1.0,,,,,0.03286384976525822,
Vermont,2021-08-02,2021-08-07,350.0,431.0,1.1285714285714286,0.13347322975895,1,340.33810181687653,1.0,,,,,0.18793503480278423,
Vermont,2021-08-09,2021-08-14,854.0,720.0,1.2084309133489461,0.19023823361581582,1,753.1870406206381,1.0,,,,,0.15690866510538642,
Vermont,2021-08-16,2021-08-21,1351.0,884.0,0.8534418948926721,0.15225651444547816,1,1291.052017882785,1.0,,,,,0.3456698741672835,
Vermont,2021-08-23,2021-08-28,1043.0,911.0,0.50143815915628,0.09661613751068102,1,1041.1823836242083,1.0,,,,,0.12655800575263662,
Vermont,2021-08-30,2021-09-04,1044.0,1049.0,0.4157088122605364,0.028022468938926622,1,1043.8977596613734,1.0,,,,,0.004766444232602479,
Vermont,2021-09-06,2021-09-11,1156.0,1050.0,0.5164359861591695,0.09445941599529885,1,1161.5430504328926,1.0,,,,,0.09169550173010381,
Vermont,2021-09-13,2021-09-18,1115.0,1427.0,0.4860986547085202,0.09100678532589057,1,1148.2221794786997,1.0,,,,,0.21864050455501052,
Vermont,2021-09-20,2021-09-25,1648.0,1429.0,0.47512135922330095,0.08738939879292472,1,1584.3814784372178,1.0,,,,,0.1328883495145631,
Vermont,2021-09-27,2021-10-02,1495.0,1291.0,1.0421404682274247,0.16833529025078114,1,1585.6940782217173,1.0,,,,,0.13645484949832776,
Vermont,2021-10-04,2021-10-09,1278.0,1378.0,0.6134585289514867,0.07361606784971028,1,1249.0823768501668,1.0,,,,,0.07256894049346879,
Vermont,2021-10-11,2021-10-16,1382.0,1610.0,0.557163531114327,0.11832630908414335,1,1310.046578754612,1.0,,,,,0.14161490683229813,
Vermont,2021-10-18,2021-10-23,1622.0,1504.0,0.8754623921085081,0.14119351168162458,1,1636.8793315926287,1.0,,,,,0.07274969173859433,
Vermont,2021-10-25,2021-10-30,1554.0,1350.0,0.9813384813384813,0.13925710475271658,1,1571.9892500438928,1.0,,,,,0.13127413127413126,
Vermont,2021-11-01,2021-11-06,1355.0,1985.0,0.6966789667896679,0.03859488547053799,1,1363.4510179643087,1.0,,,,,0.31738035264483627,
Vermont,2021-11-08,2021-11-13,1814.0,2582.0,0.7155457552370452,0.06978666037767854,1,1823.0999604085646,1.0,,,,,0.2974438419829589,
Vermont,2021-11-15,2021-11-20,2725.0,2406.0,0.7177981651376146,0.06393679839045519,1,2709.088101062345,1.0,,,,,0.11706422018348624,
Vermont,2021-11-22,2021-11-27,2627.0,1224.0,0.848115721355158,0.05874312868519715,1,2584.6755465754877,1.0,,,,,0.5340692805481538,
Vermont,2021-11-29,2021-12-04,2405.0,4075.0,0.8498960498960499,0.17687372627671308,1,2311.4123075508273,1.0,,,,,0.4098159509202454,
Vermont,2021-12-06,2021-12-11,2617.0,3122.0,0.980894153611005,0.1851080718227459,1,2647.0128913342305,1.0,,,,,0.16175528507367073,
Vermont,2021-12-13,2021-12-18,3288.0,2930.0,0.8391119221411192,0.08335997366711367,1,3360.971450725851,1.0,,,,,0.10888077858880779,
Vermont,2021-12-20,2021-12-25,2849.0,2018.0,1.0544050544050545,0.0915076889938579,1,2927.9220343792463,1.0,,,,,0.2916812916812917,
Vermont,2021-12-27,2022-01-01,3112.0,4182.0,1.0989717223650386,0.12456290707916945,1,2881.853790327465,1.0,,,,,0.25585844093735055,
Vermont,2022-01-03,2022-01-08,4851.0,11974.0,0.9435168006596578,0.0633091515880667,1,4793.644261459436,1.0,,,,,0.5948722231501586,
Vermont,2022-01-10,2022-01-15,13211.0,11683.0,1.1323896752706077,0.007281196185339989,1,13209.37537210947,1.0,,,,,0.11566119143138294,
Vermont,2022-01-17,2022-01-22,16459.0,9890.0,1.0486056261012213,0.0750961643968377,1,16324.445188783031,1.0,,,,,0.3991129473236527,
Vermont,2022-01-24,2022-01-29,8357.0,5555.0,1.0403254756491565,0.11443357742168485,1,8277.347348388406,1.0,,,,,0.3352877826971401,
Vermont,2022-01-31,2022-02-05,5965.0,3141.0,0.7882648784576698,0.013142138678984328,1,5963.459097901575,1.0,,,,,0.4734283319362951,
Vermont,2022-02-07,2022-02-12,2445.0,2279.0,0.758282208588957,0.19136905840459217,1,2416.945786333259,1.0,,,,,0.06789366053169735,
Vermont,2022-02-14,2022-02-19,1344.0,1710.0,0.8779761904761905,0.1637917338305608,1,1319.1738840256994,1.0,,,,,0.21403508771929824,
Vermont,2022-02-21,2022-02-26,1192.0,1344.0,0.8691275167785235,0.2772396464140531,1,1080.5988340663284,1.0,,,,,0.1130952380952381,
Vermont,2022-02-28,2022-03-05,1064.0,1084.0,1.762218045112782,0.2761821618275745,1,959.9026401244375,1.0,,,,,0.01845018450184502,
Vermont,2022-03-07,2022-03-12,941.0,841.0,1.7927736450584484,0.6058390803027491,1,982.2985507605026,1.0,,,,,0.10626992561105207,
Vermont,2022-03-14,2022-03-19,637.0,920.0,2.6891679748822606,0.5063945130930212,1,594.5257271542646,1.0,,,,,0.3076086956521739,
Vermont,2022-03-21,2022-03-26,827.0,981.0,1.9081015719467957,0.41308736334495405,1,635.0384144954191,1.0,,,,,0.15698267074413863,
Vermont,2022-03-28,2022-04-02,787.0,951.0,1.2172808132147395,0.45804306013855034,1,759.3393556948623,1.0,,,,,0.17245005257623555,
Vermont,2022-04-04,2022-04-09,699.0,1191.0,1.782546494992847,0.5017627983261584,3,9.0,0.2267127821926562,690.0151856017995,0.37179612454501987,919.5708661417319,0.4014910932623239,0.41309823677581864,3.0
Vermont,2022-04-11,2022-04-16,1068.0,1622.0,1.3408239700374531,0.4146081589684706,3,186.091991972757,0.3284140610563902,1101.260121880567,0.5669992364002358,1336.8479573023794,0.10458670254337413,0.34155363748458695,3.0
Vermont,2022-04-18,2022-04-23,1513.0,1921.0,1.3364177131526769,0.29733992523410147,3,691.467947985727,0.1322086931255063,1486.084872375774,0.43825960789884744,1943.591586418528,0.4295316989756463,0.21238938053097345,3.0
Vermont,2022-04-25,2022-04-30,2003.0,2308.0,0.9585621567648527,0.1508905492888389,3,1508.0,0.21880411927697918,2012.4905929350548,0.39360233662366073,2271.5533298476503,0.3875935440993601,0.13214904679376083,3.0
Vermont,2022-05-02,2022-05-07,2402.0,2257.0,0.992089925062448,0.30901972391938276,3,993.9813622788319,0.18623219522101417,2429.4861140173116,0.3890731650758198,3199.7569564135692,0.424694639703166,0.060366361365528726,2.0
Vermont,2022-05-09,2022-05-14,2208.0,2372.0,0.7391304347826086,0.08874288602024842,1,2236.57409561206,1.0,,,,,0.06913996627318718,
Vermont,2022-05-16,2022-05-21,2423.0,1383.0,0.7882789929839042,0.17464602624446696,1,2352.4853982009795,1.0,,,,,0.42921997523730915,
Vermont,2022-05-23,2022-05-28,1809.0,1606.0,1.6246545052515202,0.2643668764335354,3,1377.0585542436677,0.5020175769560656,1998.2981715652702,0.18065325810462649,2235.4987527244275,0.31732916493930796,0.11221669430624655,1.0
Vermont,2022-05-30,2022-06-04,1355.0,1216.0,1.111439114391144,0.17069629919005064,3,1102.803081004673,0.39718942036827204,1307.1837686201975,0.20774118064202968,1589.7100132651874,0.3950693989896984,0.1025830258302583,2.0
Vermont,2022-06-06,2022-06-11,1172.0,993.0,1.25,0.23231655533557327,3,1050.6771722682975,0.5308589342098824,1227.8878066917575,0.3444408298035606,1620.282782915133,0.12470023598655698,0.15273037542662116,1.0
Vermont,2022-06-13,2022-06-18,992.0,746.0,1.6401209677419355,0.12131267745986281,1,1035.792968308103,1.0,,,,,0.24798387096774194,
Vermont,2022-06-20,2022-06-25,784.0,615.0,1.6109693877551021,0.10017936872186711,1,766.4157670094961,1.0,,,,,0.21556122448979592,
Vermont,2022-06-27,2022-07-02,593.0,638.0,1.4401349072512648,0.16073824846390347,1,616.2314761819646,1.0,,,,,0.07053291536050156,
Vermont,2022-07-04,2022-07-09,587.0,477.0,1.4684838160136287,0.19879032492763057,1,630.538168513296,1.0,,,,,0.18739352640545145,
Vermont,2022-07-11,2022-07-16,476.0,550.0,1.8130252100840336,0.34312669591950185,1,519.9043522861028,1.0,,,,,0.13454545454545455,
Vermont,2022-07-18,2022-07-23,519.0,569.0,1.4065510597302504,0.1819395029269541,1,537.8606322182533,1.0,,,,,0.08787346221441125,
Vermont,2022-07-25,2022-07-30,512.0,385.0,1.5234375,0.17674245028975502,1,560.9787121739344,1.0,,,,,0.248046875,
Vermont,2022-08-01,2022-08-06,410.0,496.0,1.9365853658536585,0.46717828561093183,1,505.8492471342548,1.0,,,,,0.17338709677419356,
Vermont,2022-08-08,2022-08-13,456.0,634.0,1.769736842105263,0.2890529570954214,1,497.40560481363195,1.0,,,,,0.2807570977917981,
Vermont,2022-08-15,2022-08-20,599.0,447.0,1.35559265442404,0.17912299830530493,1,583.7131267513333,1.0,,,,,0.25375626043405675,
Vermont,2022-08-22,2022-08-27,504.0,543.0,1.5297619047619047,0.06316495964861914,1,494.63971852647455,1.0,,,,,0.0718232044198895,
Vermont,2022-08-29,2022-09-03,534.0,539.0,1.50374531835206,0.11481322850676441,1,523.9984714310607,1.0,,,,,0.00927643784786642,
Vermont,2022-09-05,2022-09-10,529.0,432.0,1.5746691871455576,0.1003521402514551,1,527.5777177369661,1.0,,,,,0.1833648393194707,
Vermont,2022-09-12,2022-09-17,457.0,542.0,1.5448577680525164,0.11144526255467367,1,456.2534671488531,1.0,,,,,0.15682656826568267,
Vermont,2022-09-19,2022-09-24,514.0,558.0,1.2762645914396886,0.14194136411772793,1,476.70849490941225,1.0,,,,,0.07885304659498207,
Vermont,2022-09-26,2022-10-01,530.0,603.0,1.1886792452830188,0.08078573863147448,1,531.494787467483,1.0,,,,,0.12106135986733002,
Vermont,2022-10-03,2022-10-08,610.0,606.0,1.2049180327868851,0.09057681167750825,1,582.362934017544,1.0,,,,,0.006557377049180328,
Vermont,2022-10-10,2022-10-15,619.0,634.0,1.4248788368336025,0.13415819228653375,1,608.5889531577452,1.0,,,,,0.02365930599369085,
Vermont,2022-10-17,2022-10-22,639.0,663.0,1.4241001564945226,0.14574750694439784,1,709.1414945706939,1.0,,,,,0.03619909502262444,
Vermont,2022-10-24,2022-10-29,676.0,549.0,1.4023668639053255,0.09115929060410749,1,670.3477882407007,1.0,,,,,0.1878698224852071,
Vermont,2022-10-31,2022-11-05,536.0,514.0,1.2332089552238805,0.1513634706905059,1,537.2594013486934,1.0,,,,,0.041044776119402986,
Vermont,2022-11-07,2022-11-12,497.0,429.0,1.1750503018108651,0.0965019360128376,1,490.89757207446036,1.0,,,,,0.13682092555331993,
Vermont,2022-11-14,2022-11-19,444.0,305.0,1.364864864864865,0.09872877803890602,1,421.01570677605736,1.0,,,,,0.3130630630630631,
Vermont,2022-11-21,2022-11-26,327.0,299.0,1.5504587155963303,0.221950575187306,1,327.99652272297334,1.0,,,,,0.0856269113149847,
Vermont,2022-11-28,2022-12-03,275.0,335.0,1.6109090909090908,0.30016664171575225,1,297.8445836984956,1.0,,,,,0.1791044776119403,
Vermont,2022-12-05,2022-12-10,303.0,444.0,1.7194719471947195,0.24683313978547616,1,332.38648405197114,1.0,,,,,0.31756756756756754,
Vermont,2022-12-12,2022-12-17,449.0,436.0,1.645879732739421,0.16439112362915193,1,457.4928174835617,1.0,,,,,0.028953229398663696,
Vermont,2022-12-19,2022-12-24,432.0,374.0,1.8680555555555556,0.0646116507751481,1,423.7108437118276,1.0,,,,,0.13425925925925927,
Vermont,2022-12-26,2022-12-31,383.0,362.0,1.9373368146214098,0.10608966308897921,1,366.2544681972269,1.0,,,,,0.05483028720626632,
Vermont,2023-01-02,2023-01-07,361.0,442.0,1.9833795013850415,0.06400848715832334,1,369.61870676259406,1.0,,,,,0.1832579185520362,
Vermont,2023-01-09,2023-01-14,411.0,463.0,1.7591240875912408,0.2605662513644764,1,403.4221628688321,1.0,,,,,0.11231101511879049,
Vermont,2023-01-16,2023-01-21,425.0,389.0,1.5529411764705883,0.1846393145975923,1,408.4872230692428,1.0,,,,,0.08470588235294117,
Vermont,2023-01-23,2023-01-28,389.0,503.0,1.673521850899743,0.10604506447976854,1,373.0905526694696,1.0,,,,,0.22664015904572565,
Virginia,2021-07-26,2021-07-31,7242.0,6084.0,1.1763325048329192,0.19847828012308175,1,6958.920513843476,1.0,,,,,0.15990057995028997,
Virginia,2021-08-02,2021-08-07,11125.0,10280.0,1.2480898876404494,0.14152373124935447,1,10872.025274810416,1.0,,,,,0.07595505617977528,
Virginia,2021-08-09,2021-08-14,16417.0,13162.0,1.003045623439118,0.13539794443162065,2,13689.584278031496,0.2566783014888066,17052.719026220475,0.7433216985111935,,,0.198270085886581,1.0
Virginia,2021-08-16,2021-08-21,19106.0,16253.0,0.521982623259709,0.1288466274482209,2,15620.751968503937,0.31277852884302443,19342.1062992126,0.6872214711569755,,,0.1493248194284518,1.0
Virginia,2021-08-23,2021-08-28,18933.0,20573.0,0.42528917762636664,0.11698454244024128,2,18186.881971653544,0.5624312707584262,22172.763943307087,0.4375687292415738,,,0.07971613279541147,2.0
Virginia,2021-08-30,2021-09-04,23380.0,23515.0,0.4893926432848589,0.09433780552851805,2,23076.25476535433,0.5538234725627719,27240.959256692913,0.44617652743722813,,,0.005741016372528174,1.0
Virginia,2021-09-06,2021-09-11,25236.0,23660.0,0.5317799968299255,0.15295235434814666,2,25230.27125919548,0.5744557958792055,29894.663975191714,0.4255442041207946,,,0.06245046758598827,1.0
Virginia,2021-09-13,2021-09-18,23589.0,25370.0,0.5414388062232397,0.08995058924528544,1,24152.404455730033,1.0,,,,,0.07020102483247931,
Virginia,2021-09-20,2021-09-25,24545.0,22668.0,0.5496842534121003,0.07159208659226678,1,24785.18354545453,1.0,,,,,0.07647178651456508,
Virginia,2021-09-27,2021-10-02,22690.0,19463.0,0.7741295724988982,0.05433335712290067,1,22936.56051738715,1.0,,,,,0.14222124283825474,
Virginia,2021-10-04,2021-10-09,17486.0,18831.0,0.6327919478439895,0.07353989192286876,1,18009.924862431726,1.0,,,,,0.07142477829111571,
Virginia,2021-10-11,2021-10-16,17380.0,14779.0,0.6645569620253164,0.09110617029495814,1,17055.918223341763,1.0,,,,,0.1496547756041427,
Virginia,2021-10-18,2021-10-23,13184.0,11817.0,0.7328580097087378,0.1874741021411719,1,12577.027115799636,1.0,,,,,0.10368628640776699,
Virginia,2021-10-25,2021-10-30,11023.0,10016.0,0.7540596933684115,0.15219524523760938,1,10559.919892200309,1.0,,,,,0.09135444071486891,
Virginia,2021-11-01,2021-11-06,9338.0,8771.0,0.955343756693082,0.1528206620204226,1,9030.41135463728,1.0,,,,,0.060719640179910044,
Virginia,2021-11-08,2021-11-13,8119.0,9295.0,0.8853307057519398,0.1010242872311736,1,7987.176122735058,1.0,,,,,0.1265196342119419,
Virginia,2021-11-15,2021-11-20,9161.0,10623.0,0.9775133719026308,0.11049853043019937,1,9339.518039580762,1.0,,,,,0.13762590605290406,
Virginia,2021-11-22,2021-11-27,10673.0,10279.0,0.8813829288859739,0.0654554836280186,1,10602.288779876279,1.0,,,,,0.03691558137355945,
Virginia,2021-11-29,2021-12-04,10747.0,12860.0,0.7539778542849167,0.11314032537352761,1,10981.864199290234,1.0,,,,,0.16430793157076204,
Virginia,2021-12-06,2021-12-11,12476.0,17470.0,0.8472266752164155,0.09611487889086599,1,12260.614051686827,1.0,,,,,0.28586147681740126,
Virginia,2021-12-13,2021-12-18,18246.0,19321.0,0.8384303408966349,0.09113575142452478,1,18674.255393481882,1.0,,,,,0.05563894208374308,
Virginia,2021-12-20,2021-12-25,20958.0,35946.0,0.8554728504628304,0.11150034713809612,1,21800.22195980578,1.0,,,,,0.4169587714905692,
Virginia,2021-12-27,2022-01-01,39823.0,69182.0,0.7798508399668533,0.36581117836662336,1,49400.44722733511,1.0,,,,,0.4243733919227545,
Virginia,2022-01-03,2022-01-08,111902.0,102518.0,0.9910904184018159,0.05480310343471559,1,111311.072632684,1.0,,,,,0.08385909099033083,
Virginia,2022-01-10,2022-01-15,165284.0,130381.0,1.0884719634084363,0.002945010143020712,1,165280.06822778127,1.0,,,,,0.2111698652017134,
Virginia,2022-01-17,2022-01-22,140785.0,100296.0,1.0440458855701957,0.021127899830726174,1,140636.58344939805,1.0,,,,,0.28759455907944736,
Virginia,2022-01-24,2022-01-29,83792.0,73890.0,0.9035826809241932,0.11388401726658012,1,86441.51401980485,1.0,,,,,0.11817357265610082,
Virginia,2022-01-31,2022-02-05,72243.0,46419.0,0.5505862159655607,0.011914713225740444,1,72221.46552856357,1.0,,,,,0.35746023836219426,
Virginia,2022-02-07,2022-02-12,45483.0,30655.0,0.44478156673922126,0.19415573060360383,1,43966.047584111584,1.0,,,,,0.3260119165402458,
Virginia,2022-02-14,2022-02-19,20107.0,20008.0,1.1691450738548763,0.3108103152673764,1,21215.033738012586,1.0,,,,,0.004923658427413338,
Virginia,2022-02-21,2022-02-26,16483.0,13825.0,1.1286173633440515,0.24579832291319376,1,14317.020111749474,1.0,,,,,0.16125705272098526,
Virginia,2022-02-28,2022-03-05,9708.0,9281.0,1.403790688092295,0.2086107174001634,1,9967.62089598299,1.0,,,,,0.04398434281005356,
Virginia,2022-03-07,2022-03-12,7105.0,7421.0,0.9815622800844476,0.3311726043698257,2,4255.560327465811,0.3937709476956268,8741.603574644603,0.6062290523043732,,,0.04258186228271123,2.0
Virginia,2022-03-14,2022-03-19,5428.0,6498.0,2.3424834193072956,0.3591999567005085,2,1577.7562663629,0.1943751205775032,5469.573985960819,0.8056248794224968,,,0.1646660510926439,2.0
Virginia,2022-03-21,2022-03-26,4841.0,5372.0,1.7132823796736212,0.3789322092659541,2,1390.129577281083,0.23890786823540996,4923.380593789404,0.76109213176459,,,0.09884586746090841,2.0
Virginia,2022-03-28,2022-04-02,5624.0,4668.0,0.8170341394025604,0.3046679711448107,2,863.0,0.1638894076227377,5258.2230621707595,0.8361105923772624,,,0.16998577524893316,2.0
Virginia,2022-04-04,2022-04-09,4584.0,6095.0,1.2227312390924956,0.39383771084646063,2,500.0,0.2267127821926562,4609.545784110128,0.7732872178073438,,,0.2479081214109926,2.0
Virginia,2022-04-11,2022-04-16,6929.0,7422.0,1.174484052532833,0.15699307184070665,1,6595.840607947399,1.0,,,,,0.06642414443546214,
Virginia,2022-04-18,2022-04-23,7899.0,8001.0,0.9506266616027346,0.1927174814779727,1,7143.17867230712,1.0,,,,,0.01274840644919385,
Virginia,2022-04-25,2022-04-30,8158.0,10190.0,0.9252267712674676,1.1969201396900278,1,11251.389227796037,1.0,,,,,0.19941118743866537,
Virginia,2022-05-02,2022-05-07,9914.0,14020.0,0.991426265886625,0.1801473563739403,1,9728.207110700478,1.0,,,,,0.292867332382311,
Virginia,2022-05-09,2022-05-14,14422.0,17710.0,0.7356815975592844,0.06738997926086322,1,14214.246936002932,1.0,,,,,0.18565782044042914,
Virginia,2022-05-16,2022-05-21,18903.0,22102.0,0.8092366291064911,0.186974497731342,1,17938.34164701668,1.0,,,,,0.14473803275721653,
Virginia,2022-05-23,2022-05-28,23069.0,22523.0,1.1380640686635746,0.24829512046947316,1,22118.4180749437,1.0,,,,,0.02366812605661277,
Virginia,2022-05-30,2022-06-04,23314.0,19887.0,0.7462039975980098,0.1152384230429485,1,22894.407603007938,1.0,,,,,0.14699322295616368,
Virginia,2022-06-06,2022-06-11,19369.0,20114.0,0.814652279415561,0.15482062501675115,1,18604.405923394228,1.0,,,,,0.037038878393158996,
Virginia,2022-06-13,2022-06-18,19954.0,17777.0,0.9145033577227624,0.14993610925464498,1,18598.71186382506,1.0,,,,,0.10910093214393105,
Virginia,2022-06-20,2022-06-25,17698.0,17379.0,0.849191999095943,0.14350322596387924,1,16769.40733255049,1.0,,,,,0.01802463555203978,
Virginia,2022-06-27,2022-07-02,17139.0,19654.0,0.7089095046385436,0.09816322280212601,1,16524.6199299388,1.0,,,,,0.12796377327770428,
Virginia,2022-07-04,2022-07-09,19570.0,18349.0,0.9131834440470107,0.14897781170686913,1,18241.01757208536,1.0,,,,,0.062391415431783344,
Virginia,2022-07-11,2022-07-16,18222.0,21244.0,0.9366150806717155,0.11241846979927592,1,17308.160406531773,1.0,,,,,0.14225192995669367,
Virginia,2022-07-18,2022-07-23,21029.0,21149.0,0.7439726092538875,0.08384198471552382,1,20854.909781165195,1.0,,,,,0.005674027140763156,
Virginia,2022-07-25,2022-07-30,20651.0,21350.0,0.7204009491065808,0.12334655635529486,1,19928.954869770467,1.0,,,,,0.03274004683840749,
Virginia,2022-08-01,2022-08-06,20374.0,20291.0,0.8499067438892707,0.16000685900712974,1,19012.011713512376,1.0,,,,,0.0040738195739668205,
Virginia,2022-08-08,2022-08-13,19355.0,18867.0,0.7900800826659777,0.09794595811636472,1,18698.5410232627,1.0,,,,,0.025213123223973132,
Virginia,2022-08-15,2022-08-20,18577.0,17183.0,0.8651558378640254,0.1920613027668867,1,17001.89989734046,1.0,,,,,0.07503902675351241,
Virginia,2022-08-22,2022-08-27,17170.0,17422.0,0.7111240535818287,0.0729847765812115,1,16971.379540931906,1.0,,,,,0.01446447021007921,
Virginia,2022-08-29,2022-09-03,16813.0,16908.0,0.833581157437697,0.09378161677720916,1,16789.526897289394,1.0,,,,,0.005618642062928791,
Virginia,2022-09-05,2022-09-10,16604.0,13195.0,0.8488316068417249,0.06576754125792132,1,16351.119087344405,1.0,,,,,0.20531197301854975,
Virginia,2022-09-12,2022-09-17,12808.0,11600.0,0.83947532792005,0.11057941350220234,1,12411.905692334827,1.0,,,,,0.09431605246720799,
Virginia,2022-09-19,2022-09-24,11664.0,10080.0,0.8476508916323731,0.0847970814899708,1,11057.299321532499,1.0,,,,,0.13580246913580246,
Virginia,2022-09-26,2022-10-01,9413.0,7098.0,0.8693296504833741,0.08605155473483578,1,9185.363645300486,1.0,,,,,0.2459364708382025,
Virginia,2022-10-03,2022-10-08,6097.0,8522.0,1.1991143185173037,0.117993030545877,1,6571.409110601312,1.0,,,,,0.2845576155831964,
Virginia,2022-10-10,2022-10-15,7612.0,7047.0,0.9687335785601682,0.14521625158865029,1,7288.105890256255,1.0,,,,,0.07422490803993693,
Virginia,2022-10-17,2022-10-22,6721.0,7142.0,1.0553489064127362,0.11586592346064743,1,6756.394314693508,1.0,,,,,0.05894707364883786,
Virginia,2022-10-24,2022-10-29,7488.0,7537.0,0.8114316239316239,0.12461762154984289,1,7044.4329352815175,1.0,,,,,0.006501260448454292,
Virginia,2022-10-31,2022-11-05,7462.0,7324.0,0.8433395872420263,0.08985172923266208,1,7351.077222577751,1.0,,,,,0.018493701420530688,
Virginia,2022-11-07,2022-11-12,7727.0,6962.0,0.8621716060566843,0.09930504900321666,1,7484.106796428104,1.0,,,,,0.09900349424097321,
Virginia,2022-11-14,2022-11-19,6885.0,5865.0,0.8954248366013072,0.09953949987967882,1,6889.212608270524,1.0,,,,,0.14814814814814814,
Virginia,2022-11-21,2022-11-26,5654.0,6045.0,0.9136894234170498,0.09641241849265408,1,5830.765312896762,1.0,,,,,0.06468155500413565,
Virginia,2022-11-28,2022-12-03,5675.0,9419.0,0.9087224669603524,0.09519093030815212,1,5857.862020236304,1.0,,,,,0.39749442615988956,
Virginia,2022-12-05,2022-12-10,8988.0,10147.0,0.9465954606141522,0.33908686562113216,1,9786.436971794687,1.0,,,,,0.11422095200551888,
Virginia,2022-12-12,2022-12-17,11389.0,12379.0,0.9347616120818334,0.11853065306100412,1,11921.255446454341,1.0,,,,,0.0799741497697714,
Virginia,2022-12-19,2022-12-24,12666.0,14950.0,0.9358913627033002,0.10446775238613623,1,13088.03199174864,1.0,,,,,0.15277591973244148,
Virginia,2022-12-26,2022-12-31,16034.0,8603.0,0.9436821753773232,0.09196436196577153,1,15668.784875047766,1.0,,,,,0.46345266309093175,
Virginia,2023-01-02,2023-01-07,12320.0,12646.0,1.0371753246753246,0.35308473625406794,3,8560.086614173228,0.4007972251061389,12566.622047244095,0.34746330948916104,18843.527559055117,0.2517394654047001,0.025778902419737466,2.0
Virginia,2023-01-09,2023-01-14,12348.0,17929.0,1.001538710722384,0.2613452478696636,3,8425.33356249,0.22347218869753033,12446.262281867599,0.6411980851244199,19117.348566289525,0.13532972617804978,0.31128339561604107,3.0
Virginia,2023-01-16,2023-01-21,14522.0,10554.0,1.0285084699077263,0.3092997087299065,3,12937.010296357366,0.5923523161623154,17857.004952678228,0.20775577943104476,22057.00039100091,0.19989190440663984,0.27324060046825505,1.0
Virginia,2023-01-23,2023-01-28,10471.0,10611.0,1.2144016808327762,0.34179038857036603,3,6233.487687967721,0.2314827286834487,10197.082526240169,0.3860834405789974,14666.668194930375,0.382433830737554,0.013193855433041184,2.0
Washington,2021-07-26,2021-07-31,7884.0,6841.0,1.0292998477929984,0.13049043269188118,1,7611.659321575562,1.0,,,,,0.13229325215626586,
Washington,2021-08-02,2021-08-07,10907.0,15564.0,1.4674062528651324,0.13493370953788716,2,7277.531496062992,0.1556808017016687,11127.5,0.8443191982983314,,,0.29921613980981754,2.0
Washington,2021-08-09,2021-08-14,20116.0,18654.0,1.0207297673493736,0.27642464772935005,2,15771.034427646526,0.26970797592611084,20789.16676295219,0.7302920240738893,,,0.07267846490355935,2.0
Washington,2021-08-16,2021-08-21,24716.0,21159.0,1.497086907266548,0.16323203574937345,2,23838.000772397143,0.5465103733562839,28701.540795587855,0.45348962664371606,,,0.14391487295678912,1.0
Washington,2021-08-23,2021-08-28,23969.0,22535.0,0.4638074179148066,0.15601975826580225,2,22514.233480731724,0.5624312707584262,28998.989405203734,0.43756872924157375,,,0.0598272768993283,1.0
Washington,2021-08-30,2021-09-04,24516.0,24502.0,0.27492249959210313,0.07090880014218388,1,24106.557874730424,1.0,,,,,0.0005710556371349323,
Washington,2021-09-06,2021-09-11,25085.0,22242.0,0.3846521825792306,0.11836502193592041,1,25614.389835557366,1.0,,,,,0.11333466214869443,
Washington,2021-09-13,2021-09-18,21304.0,23020.0,0.4561115283514833,0.15226554017562785,1,21444.456448687353,1.0,,,,,0.07454387489139878,
Washington,2021-09-20,2021-09-25,22142.0,19744.0,0.36667871014361847,0.07784206686176565,1,22622.89087329455,1.0,,,,,0.10830096648902539,
Washington,2021-09-27,2021-10-02,19169.0,20414.0,0.834680995357087,0.11873572184638556,1,19627.74250506683,1.0,,,,,0.060987557558538255,
Washington,2021-10-04,2021-10-09,19389.0,17085.0,0.6360307390788591,0.038738221786428474,1,19761.141785398242,1.0,,,,,0.11883026458301099,
Washington,2021-10-11,2021-10-16,16444.0,17021.0,0.5741911943566043,0.07851550603840055,1,15886.365688636433,1.0,,,,,0.033899300863639036,
Washington,2021-10-18,2021-10-23,16064.0,15495.0,0.6325323705179283,0.08867181451526515,2,12520.645669291338,0.1674599610864049,16097.850393700788,0.8325400389135951,,,0.03542081673306773,2.0
Washington,2021-10-25,2021-10-30,14250.0,14924.0,0.5816842105263158,0.17591416465356016,2,7034.31083,0.10392340944392225,14695.564802834644,0.8960765905560777,,,0.04516215491825248,2.0
Washington,2021-11-01,2021-11-06,14450.0,12263.0,0.7023529411764706,0.1562366531101277,2,10872.163810403084,0.15169437181577244,14736.435483690606,0.8483056281842276,,,0.15134948096885814,1.0
Washington,2021-11-08,2021-11-13,12474.0,12779.0,0.703944203944204,0.044716931891098974,1,12302.139827653242,1.0,,,,,0.023867282259957743,
Washington,2021-11-15,2021-11-20,12100.0,11641.0,0.6940495867768595,0.03942174686914553,1,11966.255399335194,1.0,,,,,0.03793388429752066,
Washington,2021-11-22,2021-11-27,11680.0,6033.0,0.6486301369863013,0.050786902658649095,1,11685.463663602977,1.0,,,,,0.48347602739726026,
Washington,2021-11-29,2021-12-04,7610.0,12684.0,0.9886990801576873,0.14530301662843426,1,7847.2566040269,1.0,,,,,0.40003153579312517,
Washington,2021-12-06,2021-12-11,8865.0,9577.0,0.849746192893401,0.16614089975080515,1,8776.640907429084,1.0,,,,,0.07434478437924194,
Washington,2021-12-13,2021-12-18,10226.0,9917.0,0.9242127909250929,0.08734280894199194,1,10315.85768650242,1.0,,,,,0.03021709368276941,
Washington,2021-12-20,2021-12-25,9970.0,13412.0,1.1074222668004012,0.10927213885632207,1,10280.047057165764,1.0,,,,,0.2566358484938861,
Washington,2021-12-27,2022-01-01,18248.0,35334.0,1.0523345024112232,0.15160845945428886,1,18232.276849511334,1.0,,,,,0.48355691402049017,
Washington,2022-01-03,2022-01-08,61128.0,81996.0,0.9692775814683942,0.11770544450543399,1,61142.89311945127,1.0,,,,,0.2545002195229036,
Washington,2022-01-10,2022-01-15,112695.0,110385.0,1.1480899773725541,0.004187286072055142,1,112693.687294482,1.0,,,,,0.020497803806734993,
Washington,2022-01-17,2022-01-22,148263.0,110379.0,1.0620788733534328,0.033150808234468476,1,147825.63060808132,1.0,,,,,0.25551890896582424,
Washington,2022-01-24,2022-01-29,99909.0,142662.0,0.9363821077180234,0.024657522550131712,1,100866.45397159916,1.0,,,,,0.2996803633763721,
Washington,2022-01-31,2022-02-05,123661.0,73266.0,0.6307243189041007,0.003318131901237781,1,123661.8443719251,1.0,,,,,0.4075254122156541,
Washington,2022-02-07,2022-02-12,82391.0,42833.0,0.6587491352210799,0.24257676576616347,1,77633.76926225427,1.0,,,,,0.480125256399364,
Washington,2022-02-14,2022-02-19,19775.0,-1343.0,1.1290012642225031,0.39123969935329767,1,22255.21811255961,1.0,,,,,1.0679140328697851,
Washington,2022-02-21,2022-02-26,11831.0,8245.0,1.4399459048263037,0.4984337759377439,1,9391.659673728216,1.0,,,,,0.3031020201166427,
Washington,2022-02-28,2022-03-05,4298.0,12737.0,3.0304792926942765,3.645385920589322,1,12687.564854208827,1.0,,,,,0.6625579021747664,
Washington,2022-03-07,2022-03-12,13260.0,7679.0,1.9391402714932127,1.0099733963034667,1,17765.08896304958,1.0,,,,,0.4208898944193062,
Washington,2022-03-14,2022-03-19,6380.0,7309.0,1.9489028213166144,0.4837814330770394,2,1343.9972652982678,0.33165483712016225,6439.438469211027,0.6683451628798378,,,0.12710357093993707,2.0
Washington,2022-03-21,2022-03-26,6859.0,6004.0,1.7836419303105409,0.4636542502688019,2,526.4077073178221,0.23890786823540996,6872.054731751504,0.76109213176459,,,0.12465373961218837,2.0
Washington,2022-03-28,2022-04-02,5251.0,5037.0,1.3795467529994287,0.4694591974494511,2,120.0,0.1638894076227377,4986.831214408479,0.8361105923772624,,,0.04075414206817749,2.0
Washington,2022-04-04,2022-04-09,4248.0,10795.0,1.4682203389830508,0.4642895718657319,2,49.0,0.2267127821926562,4454.260404949378,0.7732872178073438,,,0.6064844835572024,2.0
Washington,2022-04-11,2022-04-16,6973.0,7489.0,1.393948085472537,0.4930715396826621,2,3809.2719002206395,0.5958476916234929,10216.583013485802,0.404152308376507,,,0.06890105488049139,2.0
Washington,2022-04-18,2022-04-23,6543.0,8784.0,1.3495338529726426,0.4020894627879288,2,5487.37500474536,0.5651349656623391,8831.452116153761,0.4348650343376609,,,0.2551229508196721,2.0
Washington,2022-04-25,2022-04-30,8994.0,14784.0,1.40527018012008,0.4040993456545394,1,8550.730909341537,1.0,,,,,0.39163961038961037,
Washington,2022-05-02,2022-05-07,15332.0,9949.0,1.108009392121054,0.29832465891740884,1,14062.098599794756,1.0,,,,,0.35109574745630057,
Washington,2022-05-09,2022-05-14,11581.0,22365.0,1.5717122873672393,0.8213501791299733,3,5903.0,0.15126683017445036,10097.66870908239,0.29218209091601394,18240.26090906586,0.5565510789095358,0.4821819807735301,3.0
Washington,2022-05-16,2022-05-21,17343.0,22526.0,1.0190855100040361,0.28394148771486627,3,9849.253921484762,0.22366484685705318,12612.17401855952,0.21042112654493028,20060.045584587133,0.5659140265980165,0.23008967415431059,3.0
Washington,2022-05-23,2022-05-28,22585.0,20695.0,1.056409121098074,0.27369881011517044,3,18422.162989387853,0.2630022495061347,22785.3068552955,0.5766531648842159,30784.403942792855,0.16034458560964937,0.08368386096967013,2.0
Washington,2022-05-30,2022-06-04,20504.0,18003.0,0.9873683183769021,0.24148261622656242,1,17758.868026410477,1.0,,,,,0.12197619976589934,
Washington,2022-06-06,2022-06-11,18044.0,19139.0,1.0844047882952783,0.12968947769279338,1,17232.27194410741,1.0,,,,,0.05721302053398819,
Washington,2022-06-13,2022-06-18,19148.0,17590.0,1.0035512847294756,0.12153535522947985,1,18333.072033533434,1.0,,,,,0.08136620012533946,
Washington,2022-06-20,2022-06-25,17596.0,18274.0,0.9413503068879291,0.1252551879281748,1,16406.514171182826,1.0,,,,,0.03710189340045967,
Washington,2022-06-27,2022-07-02,17742.0,19644.0,1.0080599706910156,0.14799288039138028,2,12322.6084503937,0.11784055967131274,17326.48422464567,0.8821594403286872,,,0.09682345754428834,2.0
Washington,2022-07-04,2022-07-09,19685.0,18367.0,1.0148336296672593,0.1340763279662589,2,11926.762153937008,0.11669026879315061,19960.23656496063,0.8833097312068493,,,0.06695453390906782,2.0
Washington,2022-07-11,2022-07-16,18058.0,11247.0,1.3289954590763096,0.19578901373846258,2,9799.533453399237,0.15967388545017397,18328.571409269873,0.8403261145498261,,,0.3771735518883597,1.0
Washington,2022-07-18,2022-07-23,12566.0,23861.0,1.1004297310202134,0.12458316891341052,1,12744.483899159663,1.0,,,,,0.47336658145090316,
Washington,2022-07-25,2022-07-30,19278.0,10173.0,1.109866168689698,0.1587546599927631,1,19076.40215026402,1.0,,,,,0.47230003112356056,
Washington,2022-08-01,2022-08-06,12142.0,18645.0,1.8281172788667435,0.13785683143906943,1,11946.584594168502,1.0,,,,,0.34877983373558596,
Washington,2022-08-08,2022-08-13,14081.0,11982.0,1.5297209005042256,0.16644592182674633,1,14417.405836332466,1.0,,,,,0.14906611746324835,
Washington,2022-08-15,2022-08-20,11295.0,10073.0,1.6211598052235503,0.33916792418111796,1,9202.98590136417,1.0,,,,,0.10818946436476316,
Washington,2022-08-22,2022-08-27,10090.0,7772.0,1.3889990089197224,0.1154577047893933,1,9823.08104965257,1.0,,,,,0.22973240832507433,
Washington,2022-08-29,2022-09-03,7853.0,8791.0,1.2149497007513053,0.06479668411765621,1,7841.228652608561,1.0,,,,,0.10670003412581049,
Washington,2022-09-05,2022-09-10,8472.0,6353.0,1.5086166194523134,0.137394661722615,1,8079.930074011495,1.0,,,,,0.25011803588290843,
Washington,2022-09-12,2022-09-17,6773.0,7234.0,1.7733648309464047,0.21821998677867455,1,6455.915549982051,1.0,,,,,0.06372684545203207,
Washington,2022-09-19,2022-09-24,7401.0,7502.0,1.4829077151736252,0.21778878196193047,1,7409.49458698927,1.0,,,,,0.013463076512929885,
Washington,2022-09-26,2022-10-01,8196.0,7882.0,1.4455832113225964,0.20188680102255788,1,8472.28739605586,1.0,,,,,0.03831137140068326,
Washington,2022-10-03,2022-10-08,8870.0,6361.0,1.1446448703494927,0.09995644545514057,1,8556.317590257937,1.0,,,,,0.28286358511837656,
Washington,2022-10-10,2022-10-15,7305.0,5087.0,1.1300479123887748,0.12244300260123553,1,7490.204336197403,1.0,,,,,0.30362765229295,
Washington,2022-10-17,2022-10-22,4999.0,4826.0,0.904380876175235,0.17486685676012653,1,4634.692594029353,1.0,,,,,0.03460692138427685,
Washington,2022-10-24,2022-10-29,4871.0,2618.0,1.0178608088688155,0.15246671366412615,1,4657.74705049548,1.0,,,,,0.4625333607062205,
Washington,2022-10-31,2022-11-05,3846.0,4242.0,1.220228809152366,0.23052544139368278,1,3727.2764693021963,1.0,,,,,0.09335219236209336,
Washington,2022-11-07,2022-11-12,4323.0,4591.0,0.962294702752718,0.12302309770726794,1,4208.946789755463,1.0,,,,,0.05837508168155086,
Washington,2022-11-14,2022-11-19,4591.0,4823.0,0.9921585711174036,0.15749527468244442,1,4406.2622406091305,1.0,,,,,0.048102840555670746,
Washington,2022-11-21,2022-11-26,4772.0,5459.0,1.1376781223805532,0.12187164861947866,1,4765.741669510577,1.0,,,,,0.12584722476644075,
Washington,2022-11-28,2022-12-03,5629.0,5668.0,0.9994670456564221,0.08155840698505651,1,5729.712843829207,1.0,,,,,0.006880733944954129,
Washington,2022-12-05,2022-12-10,5977.0,6485.0,0.9464614355027606,0.1567634944597366,1,5814.965190859063,1.0,,,,,0.07833461835003855,
Washington,2022-12-12,2022-12-17,7025.0,6494.0,1.9720996441281138,0.32683327860390143,1,8375.208862598734,1.0,,,,,0.07558718861209965,
Washington,2022-12-19,2022-12-24,6701.0,6302.0,0.8827040740188031,0.07643629537478717,1,6486.928533969159,1.0,,,,,0.05954335173854648,
Washington,2022-12-26,2022-12-31,6431.0,4537.0,1.0055978852433525,0.044741533520114125,1,6423.269667427585,1.0,,,,,0.2945109625252682,
Washington,2023-01-02,2023-01-07,5566.0,5525.0,1.227093065037729,0.17559921712142254,1,5295.904631564342,1.0,,,,,0.0073661516349263385,
Washington,2023-01-09,2023-01-14,5263.0,5595.0,1.2492874786243586,0.2322938582347809,1,5189.83525771337,1.0,,,,,0.05933869526362824,
Washington,2023-01-16,2023-01-21,5215.0,4605.0,1.1043144774688398,0.18155957948217186,1,4942.433379197643,1.0,,,,,0.11697027804410355,
Washington,2023-01-23,2023-01-28,4555.0,4797.0,0.969264544456641,0.18724485137865082,1,4498.169185433829,1.0,,,,,0.050448196789660206,
West Virginia,2021-07-26,2021-07-31,1113.0,1314.0,1.1320754716981132,0.1760164474793221,1,1061.2571794695207,1.0,,,,,0.15296803652968036,
West Virginia,2021-08-02,2021-08-07,2152.0,2146.0,0.9660780669144982,0.12330544134813848,1,2100.565376848511,1.0,,,,,0.0027881040892193307,
West Virginia,2021-08-09,2021-08-14,3444.0,2835.0,1.0098722415795587,0.18354949065670384,3,2110.6830162758033,0.11730094809110407,2839.566832481374,0.22131248218088095,3795.2145026175667,0.6613865697280149,0.17682926829268292,2.0
West Virginia,2021-08-16,2021-08-21,4122.0,5536.0,0.6215429403202329,0.17822101161141893,3,3201.8385826771655,0.3493165354649522,4145.13779527559,0.4233171841042367,5053.5,0.22736628043081109,0.2554190751445087,3.0
West Virginia,2021-08-23,2021-08-28,7649.0,8760.0,0.5252974244999347,0.14475149306020182,3,6731.831637795275,0.3128328620511057,7676.275177952755,0.33305776371209117,8305.90420472441,0.3541093742368031,0.12682648401826485,3.0
West Virginia,2021-08-30,2021-09-04,11355.0,10191.0,0.4260678115367679,0.047257832130332564,1,11203.671679685629,1.0,,,,,0.10250990752972258,
West Virginia,2021-09-06,2021-09-11,11591.0,11561.0,0.5044431024070399,0.11766016979702223,1,11848.675887455422,1.0,,,,,0.0025882149943922007,
West Virginia,2021-09-13,2021-09-18,12293.0,13468.0,0.46725778898560155,0.12619727234501008,1,12333.933182292432,1.0,,,,,0.08724383724383725,
West Virginia,2021-09-20,2021-09-25,13657.0,11913.0,0.46423079739327816,0.06639604417140776,1,13591.581354050591,1.0,,,,,0.12770008054477558,
West Virginia,2021-09-27,2021-10-02,11514.0,10245.0,0.8464478026750043,0.06559617631652002,1,11544.313831495974,1.0,,,,,0.11021365294424179,
West Virginia,2021-10-04,2021-10-09,9479.0,8396.0,0.5405633505644055,0.07342158123713703,1,9445.208828405703,1.0,,,,,0.11425255828673911,
West Virginia,2021-10-11,2021-10-16,7224.0,7518.0,0.5628460686600222,0.22555896536102665,1,7627.9175075375515,1.0,,,,,0.03910614525139665,
West Virginia,2021-10-18,2021-10-23,6672.0,6294.0,0.684652278177458,0.20269912167120183,1,6810.0402082618475,1.0,,,,,0.05665467625899281,
West Virginia,2021-10-25,2021-10-30,5433.0,5992.0,0.7211485367200442,0.16188538204852224,1,5819.25383975075,1.0,,,,,0.09329105473965286,
West Virginia,2021-11-01,2021-11-06,5681.0,5262.0,0.8014434078507305,0.2026308937394626,1,5541.679389121142,1.0,,,,,0.07375462066537582,
West Virginia,2021-11-08,2021-11-13,4962.0,5272.0,0.7885933091495365,0.08269734169887519,1,4915.042127504214,1.0,,,,,0.05880121396054628,
West Virginia,2021-11-15,2021-11-20,5029.0,6097.0,0.70908729369656,0.13117275787736835,1,5309.629582453835,1.0,,,,,0.17516811546662292,
West Virginia,2021-11-22,2021-11-27,5801.0,2407.0,0.7493535597310809,0.0667015610729942,1,5927.530690948704,1.0,,,,,0.5850715393897604,
West Virginia,2021-11-29,2021-12-04,4791.0,8918.0,1.121477770820288,0.38379838759296336,1,4295.52828687912,1.0,,,,,0.4627719219555954,
West Virginia,2021-12-06,2021-12-11,5836.0,6725.0,0.9886908841672378,0.331507929537975,1,6970.814955593391,1.0,,,,,0.13219330855018588,
West Virginia,2021-12-13,2021-12-18,6957.0,7338.0,0.7224378323990226,0.1466467403586605,1,7247.5032718260445,1.0,,,,,0.051921504497138185,
West Virginia,2021-12-20,2021-12-25,7281.0,5145.0,0.8894382639747287,0.10532881395472414,1,7479.987692001933,1.0,,,,,0.2933662958384837,
West Virginia,2021-12-27,2022-01-01,7009.0,9127.0,0.7650164074761021,0.16749576162020532,1,7269.76934578332,1.0,,,,,0.23205872685438808,
West Virginia,2022-01-03,2022-01-08,10330.0,27710.0,0.9593417231364957,0.0377470810689084,1,10313.449167337376,1.0,,,,,0.6272103933597979,
West Virginia,2022-01-10,2022-01-15,33758.0,27086.0,1.0985840393388233,0.007132402294722248,1,33752.04964768596,1.0,,,,,0.19764204040523728,
West Virginia,2022-01-17,2022-01-22,32942.0,30673.0,1.0574342784287536,0.027031281049076514,1,32860.940908609584,1.0,,,,,0.06887863517697772,
West Virginia,2022-01-24,2022-01-29,28470.0,28575.0,1.0407095187917106,0.04610714270896862,1,29442.961560819836,1.0,,,,,0.003674540682414698,
West Virginia,2022-01-31,2022-02-05,29642.0,19640.0,0.6482018757168883,0.007463284319322679,1,29636.988839635487,1.0,,,,,0.33742662438431953,
West Virginia,2022-02-07,2022-02-12,19253.0,12866.0,0.7635173739157534,0.12455898131723098,1,18580.02665457793,1.0,,,,,0.3317405079727835,
West Virginia,2022-02-14,2022-02-19,9349.0,7106.0,1.1144507433950155,0.274661977270911,3,8877.941507311578,0.6356340085091599,12676.076490438682,0.15410859061540275,14234.2857142857,0.21025740087543734,0.23991870788319605,1.0
West Virginia,2022-02-21,2022-02-26,6994.0,6541.0,1.4744066342579354,0.37667080641089007,3,3417.933633295839,0.4627123319748667,4920.16085489314,0.24903691972636235,8988.692913385832,0.28825074829877095,0.0647698026880183,2.0
West Virginia,2022-02-28,2022-03-05,4505.0,3917.0,1.3775804661487236,0.3769842105079466,3,3637.4364454443207,0.3396101042587294,4534.338582677167,0.4612167328857131,6079.00337457818,0.1991731628555575,0.13052164261931187,1.0
West Virginia,2022-03-07,2022-03-12,2385.0,2599.0,1.7371069182389938,0.4670752875252045,3,1422.779527559054,0.37961173820368266,2468.200224971876,0.435751346856577,3545.3003374578143,0.1846369149397404,0.08233936129280492,2.0
West Virginia,2022-03-14,2022-03-19,1620.0,1534.0,2.700617283950617,0.46274402039485474,1,1482.782653535193,1.0,,,,,0.05308641975308642,
West Virginia,2022-03-21,2022-03-26,715.0,821.0,3.1916083916083915,0.7500434079818205,1,742.5344032022206,1.0,,,,,0.12911084043848964,
West Virginia,2022-03-28,2022-04-02,806.0,634.0,1.9739454094292803,0.4260361263784649,1,578.3705697797704,1.0,,,,,0.21339950372208435,
West Virginia,2022-04-04,2022-04-09,552.0,550.0,1.7572463768115942,0.8776342564371159,1,528.3419088209109,1.0,,,,,0.0036231884057971015,
West Virginia,2022-04-11,2022-04-16,488.0,476.0,1.6331967213114753,3.048563384874063,1,1576.5269200384087,1.0,,,,,0.02459016393442623,
West Virginia,2022-04-18,2022-04-23,444.0,906.0,1.8603603603603605,0.32433787477569886,1,503.3060078787788,1.0,,,,,0.5099337748344371,
West Virginia,2022-04-25,2022-04-30,993.0,1408.0,1.3403826787512587,0.3509307023921078,1,919.7514006220928,1.0,,,,,0.2947443181818182,
West Virginia,2022-05-02,2022-05-07,1509.0,1726.0,1.2630881378396288,0.4300430165075993,1,1460.3811193398442,1.0,,,,,0.1257242178447277,
West Virginia,2022-05-09,2022-05-14,1808.0,2598.0,1.0658185840707965,0.06694872421156757,1,1843.0817739953545,1.0,,,,,0.3040800615858353,
West Virginia,2022-05-16,2022-05-21,2759.0,3723.0,1.0453062703878218,0.11926318455168956,1,2805.3600652076257,1.0,,,,,0.2589309696481332,
West Virginia,2022-05-23,2022-05-28,3856.0,4702.0,1.4400933609958506,0.25377710375476453,1,3792.0484374331386,1.0,,,,,0.1799234368353892,
West Virginia,2022-05-30,2022-06-04,5268.0,4108.0,0.9645026575550494,0.12713453339289774,1,5148.542703517478,1.0,,,,,0.2201974183750949,
West Virginia,2022-06-06,2022-06-11,4146.0,4000.0,1.1027496382054993,0.14501447448456817,1,4035.5205846940676,1.0,,,,,0.035214664737095995,
West Virginia,2022-06-13,2022-06-18,4183.0,3025.0,1.1587377480277312,0.15584740600294417,2,2312.4372452195985,0.10696451786598085,4226.272714856547,0.8930354821340192,,,0.27683480755438683,1.0
West Virginia,2022-06-20,2022-06-25,3261.0,4176.0,1.3281202085249924,0.15830809385317607,2,1753.451748263925,0.11217512686991467,3245.7511084885423,0.8878248731300854,,,0.21910919540229884,2.0
West Virginia,2022-06-27,2022-07-02,4106.0,3951.0,0.9917194349732099,0.1604019701162535,2,2361.275279532315,0.11784055967131274,4349.679752049355,0.8821594403286872,,,0.0377496346809547,2.0
West Virginia,2022-07-04,2022-07-09,3995.0,4230.0,1.1076345431789738,0.1229295220289601,2,2620.6221960415214,0.11112204555499104,4020.680629543156,0.8888779544450088,,,0.05555555555555555,2.0
West Virginia,2022-07-11,2022-07-16,4383.0,5444.0,1.3465662788044719,0.14735000862746725,2,3025.46225957559,0.13686352648202815,4616.1129787795,0.8631364735179718,,,0.19489346069066862,2.0
West Virginia,2022-07-18,2022-07-23,5586.0,5890.0,0.9249910490511994,0.08336139357536229,1,5571.010612349261,1.0,,,,,0.05161290322580645,
West Virginia,2022-07-25,2022-07-30,5885.0,6330.0,0.9755310110450297,0.11435851215911341,1,5720.064648737958,1.0,,,,,0.0703001579778831,
West Virginia,2022-08-01,2022-08-06,6296.0,6168.0,0.8719822109275731,0.17724406449177704,1,5701.066455455229,1.0,,,,,0.020330368487928845,
West Virginia,2022-08-08,2022-08-13,6129.0,6151.0,0.8932941752325012,0.04880329583386742,1,5978.6680682981005,1.0,,,,,0.003576654202568688,
West Virginia,2022-08-15,2022-08-20,6105.0,5428.0,1.047174447174447,0.1614132514548482,1,5748.400826282126,1.0,,,,,0.1108927108927109,
West Virginia,2022-08-22,2022-08-27,5445.0,5681.0,0.8470156106519743,0.057878556458641116,1,5339.775291014098,1.0,,,,,0.04154198204541454,
West Virginia,2022-08-29,2022-09-03,5262.0,6236.0,0.8538578487267199,0.06299306122257226,1,5204.712592855345,1.0,,,,,0.15618986529826812,
West Virginia,2022-09-05,2022-09-10,6014.0,5670.0,0.9032258064516129,0.0651534301725265,1,5921.4642312640935,1.0,,,,,0.057199866977053544,
West Virginia,2022-09-12,2022-09-17,5481.0,4603.0,0.8992884510125889,0.08759552854038953,1,5365.987803523642,1.0,,,,,0.16018974639664293,
West Virginia,2022-09-19,2022-09-24,4538.0,3193.0,0.9050242397531952,0.053185138720327686,1,4541.682424531234,1.0,,,,,0.2963860731599824,
West Virginia,2022-09-26,2022-10-01,3190.0,2321.0,0.9492163009404389,0.08515196220253952,1,3178.2038232913055,1.0,,,,,0.27241379310344827,
West Virginia,2022-10-03,2022-10-08,2030.0,1903.0,1.2576354679802955,0.14615029903198595,1,1993.8715386035292,1.0,,,,,0.06256157635467981,
West Virginia,2022-10-10,2022-10-15,1737.0,1647.0,1.4461715601611975,0.14968820592972354,1,1667.975956398968,1.0,,,,,0.05181347150259067,
West Virginia,2022-10-17,2022-10-22,1515.0,1722.0,1.2904290429042904,0.042293526496792015,1,1517.1450663849876,1.0,,,,,0.12020905923344948,
West Virginia,2022-10-24,2022-10-29,1679.0,1536.0,1.03394877903514,0.11642140974851747,1,1595.6312006196258,1.0,,,,,0.0851697438951757,
West Virginia,2022-10-31,2022-11-05,1473.0,1990.0,1.145960624575696,0.12360432911823553,1,1450.5345711947496,1.0,,,,,0.25979899497487435,
West Virginia,2022-11-07,2022-11-12,1924.0,1319.0,1.1865904365904365,0.17790904003286015,1,1949.2619564800525,1.0,,,,,0.31444906444906445,
West Virginia,2022-11-14,2022-11-19,1372.0,1587.0,1.4635568513119535,0.18604245331581537,1,1437.454874894029,1.0,,,,,0.13547574039067423,
West Virginia,2022-11-21,2022-11-26,1319.0,903.0,1.2191053828658074,0.15620949565474548,1,1352.4674647982738,1.0,,,,,0.3153904473085671,
West Virginia,2022-11-28,2022-12-03,1162.0,2167.0,1.3666092943201378,0.18098053132758976,1,1122.0678044467795,1.0,,,,,0.46377480387632675,
West Virginia,2022-12-05,2022-12-10,1682.0,1762.0,1.208680142687277,0.21721266479955015,1,1779.9103972047778,1.0,,,,,0.04540295119182747,
West Virginia,2022-12-12,2022-12-17,1867.0,2229.0,1.6197107659346546,0.18646565643113172,1,1944.371525622627,1.0,,,,,0.16240466576940332,
West Virginia,2022-12-19,2022-12-24,2050.0,2291.0,1.3258536585365854,0.30407943716880154,1,2303.3368054641955,1.0,,,,,0.10519423832387603,
West Virginia,2022-12-26,2022-12-31,2341.0,3107.0,1.4224690303289194,0.2169196744239418,1,2565.638966169195,1.0,,,,,0.24654007080785323,
West Virginia,2023-01-02,2023-01-07,3142.0,3054.0,1.2116486314449395,0.09956742689909084,1,3049.887593294081,1.0,,,,,0.028007638446849142,
West Virginia,2023-01-09,2023-01-14,2975.0,2148.0,1.3764705882352941,0.3174882989471951,1,2766.1350289357397,1.0,,,,,0.2779831932773109,
West Virginia,2023-01-16,2023-01-21,1994.0,1888.0,1.5621865596790372,0.20616543371847607,1,1996.963148268833,1.0,,,,,0.05315947843530592,
West Virginia,2023-01-23,2023-01-28,1875.0,1825.0,1.312,0.1523867856967362,1,1816.0129005977285,1.0,,,,,0.02666666666666667,
Wisconsin,2021-07-26,2021-07-31,3761.0,5121.0,0.7971284232916778,0.14159354745185046,1,3602.7147936121423,1.0,,,,,0.26557313024799845,
Wisconsin,2021-08-02,2021-08-07,8734.0,8047.0,1.5831234256926952,0.12109349341387392,1,8583.68303378851,1.0,,,,,0.07865811770093886,
Wisconsin,2021-08-09,2021-08-14,14737.0,9612.0,1.1397842165976793,0.20553485894006357,1,14599.614378961165,1.0,,,,,0.3477641310985954,
Wisconsin,2021-08-16,2021-08-21,13745.0,9743.0,0.6778464896325936,0.1554403409861148,1,12732.217644118564,1.0,,,,,0.29116042197162606,
Wisconsin,2021-08-23,2021-08-28,10889.0,12753.0,0.6025346680135917,0.15857309998235294,1,11416.440799415133,1.0,,,,,0.14616168744609112,
Wisconsin,2021-08-30,2021-09-04,14383.0,13882.0,0.49356879649586316,0.045060905607751674,1,14422.436484149019,1.0,,,,,0.03483278870889244,
Wisconsin,2021-09-06,2021-09-11,16690.0,12737.0,0.592690233672858,0.11967074281572965,1,16170.88919993467,1.0,,,,,0.23684841222288797,
Wisconsin,2021-09-13,2021-09-18,12523.0,17900.0,0.6060848039607123,0.14923794765214277,1,12624.29977827071,1.0,,,,,0.300391061452514,
Wisconsin,2021-09-20,2021-09-25,19909.0,21938.0,0.5303631523431613,0.07346089293322812,1,18842.218383947074,1.0,,,,,0.0924879205032364,
Wisconsin,2021-09-27,2021-10-02,24086.0,20377.0,0.7864319521713858,0.1857293222470432,1,24157.833050534213,1.0,,,,,0.15398986963381217,
Wisconsin,2021-10-04,2021-10-09,19741.0,20870.0,0.6491059216858315,0.0588344097570893,2,17844.25918755856,0.18054650677622913,19831.70300290381,0.8194534932237709,,,0.054096789650215624,2.0
Wisconsin,2021-10-11,2021-10-16,20369.0,20150.0,0.612204821051598,0.10084147985114437,2,14568.556584652008,0.11848936702284697,20488.686810029867,0.881510632977153,,,0.010751632382542098,2.0
Wisconsin,2021-10-18,2021-10-23,17928.0,12305.0,0.6724118697010263,0.13416192814765024,2,13033.1455872181,0.20472264282286595,18749.0444069327,0.795277357177134,,,0.3136434627398483,1.0
Wisconsin,2021-10-25,2021-10-30,12435.0,14945.0,0.9171692802573381,0.16319725699683474,2,9677.186801235164,0.3030323451515502,13872.244620732316,0.6969676548484498,,,0.1679491468718635,2.0
Wisconsin,2021-11-01,2021-11-06,14008.0,17190.0,0.8083238149628783,0.11020332623606723,1,13732.715195517667,1.0,,,,,0.18510762070971495,
Wisconsin,2021-11-08,2021-11-13,16385.0,21574.0,0.7355508086664633,0.08859890475437496,1,16461.96376904295,1.0,,,,,0.2405209974969871,
Wisconsin,2021-11-15,2021-11-20,22502.0,24494.0,0.7098924540040885,0.05749455855828221,1,22373.80660259105,1.0,,,,,0.08132603902996652,
Wisconsin,2021-11-22,2021-11-27,24688.0,22576.0,0.7666072585871678,0.047218511780795266,1,24516.0597358792,1.0,,,,,0.08554763447828904,
Wisconsin,2021-11-29,2021-12-04,23542.0,29397.0,0.7136606915300314,0.10369974726761681,1,24193.161343759974,1.0,,,,,0.19916998333163247,
Wisconsin,2021-12-06,2021-12-11,27796.0,26406.0,0.6073535760541086,0.07210397034720123,1,27145.125569376,1.0,,,,,0.05000719527989639,
Wisconsin,2021-12-13,2021-12-18,25289.0,30097.0,0.5953576653881134,0.15511081937235177,1,23918.416363116547,1.0,,,,,0.15975014121008738,
Wisconsin,2021-12-20,2021-12-25,32336.0,29251.0,0.8630937654626423,0.10649674903022442,1,32570.570579586245,1.0,,,,,0.09540450272142503,
Wisconsin,2021-12-27,2022-01-01,30042.0,37221.0,0.788862259503362,0.122126766501458,1,31843.874146836944,1.0,,,,,0.19287498992504232,
Wisconsin,2022-01-03,2022-01-08,43687.0,65403.0,0.9631469315814774,0.041745034196586026,1,43174.87043948865,1.0,,,,,0.3320336987599957,
Wisconsin,2022-01-10,2022-01-15,93878.0,111546.0,1.1515051449753937,0.006461605111811086,1,93859.90458576768,1.0,,,,,0.15839205350259086,
Wisconsin,2022-01-17,2022-01-22,150861.0,148595.0,1.0773029477466012,0.03478181796512346,1,150351.3697427202,1.0,,,,,0.015020449287754953,
Wisconsin,2022-01-24,2022-01-29,167882.0,57213.0,0.7453211184045937,0.11806039031350758,1,167925.07318965223,1.0,,,,,0.6592070621031438,
Wisconsin,2022-01-31,2022-02-05,60341.0,31984.0,0.9791352480071593,0.018560400417115673,1,60311.20314198994,1.0,,,,,0.46994580799124974,
Wisconsin,2022-02-07,2022-02-12,29841.0,18147.0,0.7609999664890587,0.23318380368919775,1,27309.14556471762,1.0,,,,,0.3918769478234644,
Wisconsin,2022-02-14,2022-02-19,11922.0,10830.0,1.2419895990605603,0.38390764742579936,3,7870.830146231712,0.3877956901919772,12646.910011248576,0.40194690893258544,19875.5714285714,0.21025740087543737,0.09159536990437846,2.0
Wisconsin,2022-02-21,2022-02-26,8539.0,6079.0,1.0407541866729124,0.3358116285907183,3,6600.791901012388,0.6350707509526099,9489.032620922406,0.21069225344555897,12122.4285714286,0.15423699560183118,0.2880899402740368,1.0
Wisconsin,2022-02-28,2022-03-05,4757.0,4121.0,1.3224721463107,0.4072281922537103,3,442.0,0.1129068832535248,3115.9980869616506,0.20318729816302203,6087.107072474596,0.6839058185834532,0.1336977086398991,2.0
Wisconsin,2022-03-07,2022-03-12,2773.0,3078.0,1.2142084385142444,0.38954203206768195,2,181.0,0.13691511371788959,2804.446569178854,0.8630848862821103,,,0.099090318388564,2.0
Wisconsin,2022-03-14,2022-03-19,2579.0,2654.0,2.461419154711128,0.42764211656283696,2,173.190182719566,0.2227702050984477,2671.4570223092583,0.7772297949015523,,,0.02825923134890731,2.0
Wisconsin,2022-03-21,2022-03-26,2166.0,2502.0,2.126500461680517,0.659405024485154,2,95.64966945185172,0.23890786823540996,2293.7384308148103,0.76109213176459,,,0.1342925659472422,2.0
Wisconsin,2022-03-28,2022-04-02,2915.0,2953.0,1.4058319039451115,0.4363935284906427,2,42.34514952755906,0.1638894076227377,2469.9571117322835,0.8361105923772624,,,0.012868269556383339,2.0
Wisconsin,2022-04-04,2022-04-09,3122.0,4437.0,1.2267777065983343,0.43596004091549645,2,4.0,0.2990421682456213,3224.207099948468,0.7009578317543788,,,0.29637142213207124,2.0
Wisconsin,2022-04-11,2022-04-16,3921.0,4735.0,1.1984187707217546,0.25359244479331905,1,3889.8845792573866,1.0,,,,,0.17191129883843717,
Wisconsin,2022-04-18,2022-04-23,4788.0,6504.0,1.2320384294068505,0.5484913859910858,1,5231.87244175135,1.0,,,,,0.26383763837638374,
Wisconsin,2022-04-25,2022-04-30,6680.0,9157.0,1.0544910179640719,0.3315440486351244,1,6316.270678745133,1.0,,,,,0.27050343999126353,
Wisconsin,2022-05-02,2022-05-07,9686.0,12486.0,0.9665496593020855,0.32386078088112713,1,8748.890917841276,1.0,,,,,0.22425116130065673,
Wisconsin,2022-05-09,2022-05-14,12822.0,16278.0,0.6636250194977382,0.06769660196545882,1,12759.442064780225,1.0,,,,,0.2123110947290822,
Wisconsin,2022-05-16,2022-05-21,17468.0,15443.0,0.8517861231967025,0.1550543696929956,1,17593.020290426866,1.0,,,,,0.11592626517059766,
Wisconsin,2022-05-23,2022-05-28,16078.0,14784.0,1.1080980221420575,0.26931590745278494,1,14873.283800836321,1.0,,,,,0.08048264709540988,
Wisconsin,2022-05-30,2022-06-04,14418.0,13672.0,0.8873630184491608,0.08461169820401783,1,14120.089188410933,1.0,,,,,0.05174087945623526,
Wisconsin,2022-06-06,2022-06-11,13752.0,12613.0,0.9909104130308318,0.1453953086364216,1,12719.455690359742,1.0,,,,,0.08282431646305992,
Wisconsin,2022-06-13,2022-06-18,12386.0,10766.0,1.0053285968028418,0.1249978683315493,1,12158.370428390319,1.0,,,,,0.13079283061521071,
Wisconsin,2022-06-20,2022-06-25,10696.0,11218.0,0.81226626776365,0.057072973643991165,1,10562.573732182853,1.0,,,,,0.04653235870921733,
Wisconsin,2022-06-27,2022-07-02,11082.0,10483.0,1.0452986825482764,0.048957160477408036,1,10808.989629130667,1.0,,,,,0.054051615231907595,
Wisconsin,2022-07-04,2022-07-09,10551.0,9875.0,0.9062648090228415,0.08706148909024877,1,10403.746455609162,1.0,,,,,0.06406975642119231,
Wisconsin,2022-07-11,2022-07-16,9797.0,12106.0,0.9951005409819332,0.1283871231652154,1,9646.129973582823,1.0,,,,,0.19073186849496118,
Wisconsin,2022-07-18,2022-07-23,12116.0,13307.0,1.008336084516342,0.07257984720685108,1,12116.670693564356,1.0,,,,,0.08950176598782596,
Wisconsin,2022-07-25,2022-07-30,13340.0,14075.0,0.8444527736131934,0.06435200241984387,1,13141.568687613093,1.0,,,,,0.0522202486678508,
Wisconsin,2022-08-01,2022-08-06,14241.0,13171.0,0.7830910750649533,0.12805726251582553,1,13318.225885930417,1.0,,,,,0.07513517309177727,
Wisconsin,2022-08-08,2022-08-13,13191.0,12259.0,0.8693806383140019,0.042858596290041365,1,13000.884571769166,1.0,,,,,0.07065423394738837,
Wisconsin,2022-08-15,2022-08-20,12342.0,11283.0,0.8911035488575596,0.1971581710332904,1,11675.089141550234,1.0,,,,,0.08580456976178902,
Wisconsin,2022-08-22,2022-08-27,11271.0,11662.0,0.8188270783426492,0.07638131969035673,1,10918.711444470055,1.0,,,,,0.033527696793002916,
Wisconsin,2022-08-29,2022-09-03,11020.0,9334.0,0.8874773139745916,0.06886573828084294,1,10955.063219678486,1.0,,,,,0.152994555353902,
Wisconsin,2022-09-05,2022-09-10,9168.0,7835.0,1.074389179755672,0.04930608065040947,1,9143.325377460777,1.0,,,,,0.14539703315881328,
Wisconsin,2022-09-12,2022-09-17,7601.0,8635.0,0.9888172608867254,0.06720294301616739,1,7491.192118044466,1.0,,,,,0.1197452229299363,
Wisconsin,2022-09-19,2022-09-24,8025.0,8092.0,0.9841744548286604,0.08461037897174131,1,7924.136434280416,1.0,,,,,0.008279782501235788,
Wisconsin,2022-09-26,2022-10-01,8101.0,6656.0,0.9772867547216393,0.08306244970679366,1,7721.081166551897,1.0,,,,,0.17837304036538698,
Wisconsin,2022-10-03,2022-10-08,6487.0,7114.0,1.0576537690766148,0.07725085712666595,1,6548.019748370064,1.0,,,,,0.08813606972167556,
Wisconsin,2022-10-10,2022-10-15,7051.0,7083.0,0.9490852361367182,0.08344650186050086,1,6961.9882332590805,1.0,,,,,0.004517859663984188,
Wisconsin,2022-10-17,2022-10-22,7061.0,7181.0,1.1295850446112448,0.10274818902557412,1,7076.709302038595,1.0,,,,,0.016710764517476676,
Wisconsin,2022-10-24,2022-10-29,6932.0,7463.0,0.9691286785920369,0.06591341238336909,1,6970.08130015361,1.0,,,,,0.07115101165751038,
Wisconsin,2022-10-31,2022-11-05,7364.0,7131.0,0.8942151004888648,0.03334215861291516,1,7340.616515686991,1.0,,,,,0.03164041281912004,
Wisconsin,2022-11-07,2022-11-12,7118.0,6689.0,0.930738971621242,0.03278547520169823,1,7074.430750636942,1.0,,,,,0.06026973869064344,
Wisconsin,2022-11-14,2022-11-19,6621.0,5997.0,0.880984745506721,0.05267801323452883,1,6597.4708071795685,1.0,,,,,0.09424558223833258,
Wisconsin,2022-11-21,2022-11-26,5709.0,6129.0,0.8754598003152917,0.0638225047697335,1,5808.716310108388,1.0,,,,,0.06852667645619187,
Wisconsin,2022-11-28,2022-12-03,5959.0,7904.0,0.8605470716563182,0.09470828443299291,1,5919.119273367036,1.0,,,,,0.24607793522267207,
Wisconsin,2022-12-05,2022-12-10,7457.0,8274.0,0.7894595681909615,0.1835882642387725,1,8020.952377807338,1.0,,,,,0.09874305051970027,
Wisconsin,2022-12-12,2022-12-17,8134.0,8786.0,0.8961150725350381,0.07010579341551385,1,8262.288256101558,1.0,,,,,0.07420896881402231,
Wisconsin,2022-12-19,2022-12-24,8822.0,8090.0,0.8509408297438222,0.13737597725188705,1,9039.38437111604,1.0,,,,,0.08297438222625254,
Wisconsin,2022-12-26,2022-12-31,8335.0,6403.0,0.8997000599880024,0.06997465720509594,1,8149.505760992455,1.0,,,,,0.23179364127174565,
Wisconsin,2023-01-02,2023-01-07,6656.0,6353.0,0.9556790865384616,0.1392752452529605,1,6777.742498598296,1.0,,,,,0.045522836538461536,
Wisconsin,2023-01-09,2023-01-14,6287.0,5470.0,0.9139494194369333,0.24251008146966524,1,5597.760376328789,1.0,,,,,0.12995069190392874,
Wisconsin,2023-01-16,2023-01-21,4985.0,4370.0,1.1997993981945838,0.14689328080812902,1,4874.079605541339,1.0,,,,,0.12337011033099297,
Wisconsin,2023-01-23,2023-01-28,4318.0,4233.0,1.0136637332098193,0.131147458312207,1,4241.855528862535,1.0,,,,,0.01968503937007874,
Wyoming,2021-07-26,2021-07-31,989.0,876.0,0.9646107178968655,0.15068366076742973,1,932.0207698389708,1.0,,,,,0.11425682507583418,
Wyoming,2021-08-02,2021-08-07,1297.0,1326.0,1.2066306861989207,0.15561914416492326,1,1282.609531516827,1.0,,,,,0.021870286576168928,
Wyoming,2021-08-09,2021-08-14,1486.0,1819.0,1.1756393001345895,0.11103632135572523,1,1527.0792535967105,1.0,,,,,0.18306761957119297,
Wyoming,2021-08-16,2021-08-21,2088.0,2399.0,0.8659003831417624,0.17434625761263464,1,2257.5631970473155,1.0,,,,,0.12963734889537307,
Wyoming,2021-08-23,2021-08-28,2748.0,2796.0,0.5884279475982532,0.13710573821832392,1,2891.896112075784,1.0,,,,,0.017167381974248927,
Wyoming,2021-08-30,2021-09-04,3038.0,3739.0,0.5875576036866359,0.12547104501184767,1,3248.9262744230928,1.0,,,,,0.18748328430061514,
Wyoming,2021-09-06,2021-09-11,4206.0,3437.0,0.6878269139324774,0.11455309379305469,1,4160.176850621019,1.0,,,,,0.1828340466000951,
Wyoming,2021-09-13,2021-09-18,3307.0,3315.0,0.7490172361657091,0.13118837799521982,1,3420.027545446839,1.0,,,,,0.0024132730015082957,
Wyoming,2021-09-20,2021-09-25,3131.0,3908.0,0.7381028425423187,0.09462694903618261,1,3182.4677348262744,1.0,,,,,0.1988229273285568,
Wyoming,2021-09-27,2021-10-02,3686.0,3303.0,0.8950081389039609,0.1269185295789508,1,3518.7282235148273,1.0,,,,,0.10390667390124797,
Wyoming,2021-10-04,2021-10-09,3044.0,3134.0,0.9267411300919842,0.09513255760164918,1,2999.939605354076,1.0,,,,,0.02871729419272495,
Wyoming,2021-10-11,2021-10-16,2767.0,2834.0,0.8070112034694615,0.11517592392183836,1,2725.2451944999343,1.0,,,,,0.02364149611856034,
Wyoming,2021-10-18,2021-10-23,2720.0,3037.0,0.8003676470588236,0.11791496468064581,1,2531.1676767522927,1.0,,,,,0.10437932169904511,
Wyoming,2021-10-25,2021-10-30,2848.0,2752.0,0.78125,0.1139775170141243,2,2203.9229532332715,0.2702943892453928,2899.5018466501515,0.7297056107546072,,,0.033707865168539325,2.0
Wyoming,2021-11-01,2021-11-06,2713.0,2392.0,0.9277552524880206,0.08740348079804502,2,2285.4536369257985,0.2094054796182317,2723.177738271567,0.7905945203817684,,,0.11831920383339477,1.0
Wyoming,2021-11-08,2021-11-13,2391.0,2165.0,0.8531994981179423,0.07327704989843935,2,1968.0228174162557,0.177454567946904,2407.748405379017,0.822545432053096,,,0.0945211208699289,1.0
Wyoming,2021-11-15,2021-11-20,2110.0,1835.0,0.8625592417061612,0.07967098768603922,2,1616.275590551181,0.1367125291229806,2116.3228346456694,0.8632874708770195,,,0.13033175355450238,1.0
Wyoming,2021-11-22,2021-11-27,1709.0,946.0,0.9613809245172615,0.08410425936178391,2,1665.2800899887507,0.590440127598349,1912.098425196849,0.40955987240165104,,,0.446459918080749,1.0
Wyoming,2021-11-29,2021-12-04,1086.0,1548.0,1.1141804788213627,0.3208198327952612,1,1124.8098913470105,1.0,,,,,0.29844961240310075,
Wyoming,2021-12-06,2021-12-11,1100.0,1050.0,0.9418181818181818,0.201378277872538,1,1170.0242791163287,1.0,,,,,0.045454545454545456,
Wyoming,2021-12-13,2021-12-18,1050.0,722.0,1.1790476190476191,0.0862053870659307,1,1020.0526644557106,1.0,,,,,0.31238095238095237,
Wyoming,2021-12-20,2021-12-25,745.0,658.0,1.5046979865771812,0.12706106625695676,1,698.9407541009691,1.0,,,,,0.11677852348993288,
Wyoming,2021-12-27,2022-01-01,684.0,1396.0,1.2792397660818713,0.12545211746881207,1,657.9890591958035,1.0,,,,,0.5100286532951289,
Wyoming,2022-01-03,2022-01-08,2111.0,4219.0,1.0246328754144955,0.17326883858950948,1,2056.9532222437106,1.0,,,,,0.4996444655131548,
Wyoming,2022-01-10,2022-01-15,6327.0,6611.0,1.0924608819345663,0.002896495998309436,1,6327.121856375984,1.0,,,,,0.04295870518832249,
Wyoming,2022-01-17,2022-01-22,8827.0,8901.0,1.0651410445224878,0.03280628210115014,1,8812.1120238791,1.0,,,,,0.008313672621053814,
Wyoming,2022-01-24,2022-01-29,8962.0,9157.0,0.874916313322919,0.06986954968625127,1,9268.933763110737,1.0,,,,,0.02129518401223108,
Wyoming,2022-01-31,2022-02-05,8996.0,5316.0,0.8224766562916852,0.0018988665149884227,1,8996.846861286804,1.0,,,,,0.40907069808803914,
Wyoming,2022-02-07,2022-02-12,5630.0,2739.0,1.0236234458259326,0.18269021778823263,3,3213.3700787401576,0.1653195083966955,5098.881889763779,0.13359490502796476,5853.086614173229,0.7010855865753397,0.5134991119005329,1.0
Wyoming,2022-02-14,2022-02-19,1499.0,1501.0,1.218812541694463,0.4994671005105018,3,859.3937007874013,0.27300432274637215,1375.8166479190095,0.2392208751231556,1644.3565804274458,0.48777480213047225,0.0013324450366422385,2.0
Wyoming,2022-02-21,2022-02-26,1193.0,827.0,1.28918692372171,0.3715424313297503,3,715.3667041619814,0.6350707509526099,1168.3149606299241,0.21069225344555897,1694.71428571429,0.15423699560183118,0.3067896060352054,1.0
Wyoming,2022-02-28,2022-03-05,585.0,517.0,1.7880341880341881,0.46813278872373393,3,0.0,0.1129068832535248,306.00112485939263,0.20318729816302203,768.7345331833523,0.6839058185834532,0.11623931623931624,2.0
Wyoming,2022-03-07,2022-03-12,367.0,318.0,1.6348773841961852,0.4104742325562336,1,326.5268427731911,1.0,,,,,0.1335149863760218,
Wyoming,2022-03-14,2022-03-19,185.0,163.0,2.7945945945945945,0.4697447313621376,1,167.72178034246255,1.0,,,,,0.11891891891891893,
Wyoming,2022-03-21,2022-03-26,104.0,149.0,4.461538461538462,0.9066312534879593,1,125.36579980323452,1.0,,,,,0.30201342281879195,
Wyoming,2022-03-28,2022-04-02,114.0,111.0,1.6491228070175439,0.5649832589436535,1,122.31318611404892,1.0,,,,,0.02631578947368421,
Wyoming,2022-04-04,2022-04-09,119.0,114.0,2.042016806722689,0.488000513713002,1,94.25546810979742,1.0,,,,,0.04201680672268908,
Wyoming,2022-04-11,2022-04-16,133.0,-23.0,1.5037593984962405,0.7191957778912093,1,185.65436304317737,1.0,,,,,1.1729323308270676,
Wyoming,2022-04-18,2022-04-23,63.0,134.0,2.8095238095238093,1.025633388615295,1,70.48216981585965,1.0,,,,,0.5298507462686567,
Wyoming,2022-04-25,2022-04-30,121.0,158.0,2.239669421487603,0.4597826089809318,1,117.39680784506474,1.0,,,,,0.23417721518987342,
Wyoming,2022-05-02,2022-05-07,136.0,195.0,1.536764705882353,0.4596394916366219,1,139.61355812104523,1.0,,,,,0.30256410256410254,
Wyoming,2022-05-09,2022-05-14,210.0,286.0,1.7047619047619047,0.1522606843639134,1,203.52463082755114,1.0,,,,,0.26573426573426573,
Wyoming,2022-05-16,2022-05-21,290.0,378.0,1.7517241379310344,0.5290874113041154,1,347.0067368398916,1.0,,,,,0.2328042328042328,
Wyoming,2022-05-23,2022-05-28,380.0,452.0,1.4921052631578948,0.40789906854983876,1,417.5541331249589,1.0,,,,,0.1592920353982301,
Wyoming,2022-05-30,2022-06-04,456.0,611.0,1.6140350877192982,0.1845161755272744,1,493.2355290524766,1.0,,,,,0.25368248772504093,
Wyoming,2022-06-06,2022-06-11,608.0,1435.0,1.5361842105263157,0.17354150643049387,1,641.4027583588938,1.0,,,,,0.5763066202090592,
Wyoming,2022-06-13,2022-06-18,1382.0,2253.0,1.670043415340087,0.2652943574287694,3,958.6929133858267,0.32276653899825386,1443.6566929133858,0.37240785391522896,1868.0,0.3048256070865172,0.38659565024411896,3.0
Wyoming,2022-06-20,2022-06-25,2224.0,1180.0,0.9190647482014388,0.20472165272099818,3,883.4328698793825,0.11425508677325207,1981.0312839719486,0.3695726859937426,2275.5089072650762,0.5161722272330053,0.4694244604316547,1.0
Wyoming,2022-06-27,2022-07-02,1183.0,1116.0,1.6204564666103127,0.2818478989694163,3,1163.6331621756244,0.6062188230031093,1459.7380665591331,0.16058369520106316,1912.6043909103814,0.23319748179582767,0.0566356720202874,1.0
Wyoming,2022-07-04,2022-07-09,1130.0,1163.0,1.9017699115044249,0.10198081238452322,1,1111.3667679319356,1.0,,,,,0.028374892519346516,
Wyoming,2022-07-11,2022-07-16,1092.0,1767.0,1.7564102564102564,0.22990540190688116,1,1050.8962791479812,1.0,,,,,0.38200339558573854,
Wyoming,2022-07-18,2022-07-23,1700.0,1292.0,1.3005882352941176,0.12975191246613216,1,1648.274637386981,1.0,,,,,0.24,
Wyoming,2022-07-25,2022-07-30,1265.0,1353.0,1.6332015810276679,0.15566964746329992,1,1326.6736716458324,1.0,,,,,0.06504065040650407,
Wyoming,2022-08-01,2022-08-06,1311.0,1291.0,1.7276887871853548,0.10988120861108155,1,1236.7285577253147,1.0,,,,,0.015255530129672006,
Wyoming,2022-08-08,2022-08-13,1294.0,1151.0,1.5054095826893354,0.10748606607463326,1,1219.6517548897946,1.0,,,,,0.11051004636785162,
Wyoming,2022-08-15,2022-08-20,1154.0,1014.0,1.740901213171577,0.29908624381829196,1,1153.2326788548717,1.0,,,,,0.12131715771230503,
Wyoming,2022-08-22,2022-08-27,1036.0,726.0,1.167953667953668,0.0788005284493329,1,1009.0714218582111,1.0,,,,,0.29922779922779924,
Wyoming,2022-08-29,2022-09-03,703.0,615.0,1.7268847795163584,0.15681097646953995,1,727.1406817315619,1.0,,,,,0.1251778093883357,
Wyoming,2022-09-05,2022-09-10,593.0,462.0,1.6711635750421585,0.12297696219882072,1,603.5582915253045,1.0,,,,,0.2209106239460371,
Wyoming,2022-09-12,2022-09-17,433.0,456.0,1.9676674364896074,0.20551126641863346,1,441.5833612930715,1.0,,,,,0.05043859649122807,
Wyoming,2022-09-19,2022-09-24,453.0,510.0,1.6710816777041944,0.11363656146681818,1,442.4946115673957,1.0,,,,,0.11176470588235295,
Wyoming,2022-09-26,2022-10-01,517.0,472.0,1.241779497098646,0.16513244433613045,1,474.85897538118434,1.0,,,,,0.08704061895551257,
Wyoming,2022-10-03,2022-10-08,506.0,437.0,1.4051383399209487,0.1816912648602723,1,484.4947515280989,1.0,,,,,0.13636363636363635,
Wyoming,2022-10-10,2022-10-15,450.0,470.0,1.8711111111111112,0.21062161986750505,1,448.25079398418893,1.0,,,,,0.0425531914893617,
Wyoming,2022-10-17,2022-10-22,466.0,397.0,1.592274678111588,0.10919883167417536,1,456.92852315757636,1.0,,,,,0.148068669527897,
Wyoming,2022-10-24,2022-10-29,383.0,412.0,1.6840731070496084,0.15410900924548393,1,397.18597541044227,1.0,,,,,0.0703883495145631,
Wyoming,2022-10-31,2022-11-05,390.0,422.0,1.505128205128205,0.08053552390662136,1,392.59428787925236,1.0,,,,,0.07582938388625593,
Wyoming,2022-11-07,2022-11-12,434.0,500.0,1.5115207373271888,0.09600565260522397,1,414.71576315084815,1.0,,,,,0.132,
Wyoming,2022-11-14,2022-11-19,500.0,472.0,1.414,0.13475561676669087,1,490.02043281973886,1.0,,,,,0.056,
Wyoming,2022-11-21,2022-11-26,431.0,588.0,1.4222737819025522,0.0995817661602661,1,461.004822485707,1.0,,,,,0.26700680272108845,
Wyoming,2022-11-28,2022-12-03,554.0,499.0,1.608303249097473,0.1792035181218726,1,560.5326547084567,1.0,,,,,0.09927797833935018,
Wyoming,2022-12-05,2022-12-10,498.0,770.0,1.7028112449799198,0.11830477721809458,1,493.46408431870924,1.0,,,,,0.35324675324675325,
Wyoming,2022-12-12,2022-12-17,834.0,503.0,1.4520383693045564,0.2057187247694921,1,876.617105140934,1.0,,,,,0.39688249400479614,
Wyoming,2022-12-19,2022-12-24,502.0,383.0,1.7768924302788844,0.30420854734855535,1,476.73372311071836,1.0,,,,,0.23705179282868527,
Wyoming,2022-12-26,2022-12-31,393.0,266.0,1.9669211195928753,0.24910419755677227,1,365.155458401567,1.0,,,,,0.3231552162849873,
Wyoming,2023-01-02,2023-01-07,285.0,304.0,2.312280701754386,0.539045392019927,1,341.1542408421135,1.0,,,,,0.0625,
Wyoming,2023-01-09,2023-01-14,295.0,234.0,1.7864406779661017,0.20609054782328504,1,272.5973999779502,1.0,,,,,0.20677966101694914,
Wyoming,2023-01-16,2023-01-21,222.0,201.0,2.4144144144144146,0.2332635181199731,1,221.99500677432727,1.0,,,,,0.0945945945945946,
Wyoming,2023-01-23,2023-01-28,192.0,188.0,2.21875,0.13285741348070798,1,186.4442197606288,1.0,,,,,0.020833333333333332,
